:020000040800F2
:10000000F80E0020B53B0008BD3B0008BF3B0008D0
:10001000C13B0008C33B0008C53B000800000000CE
:10002000000000000000000000000000C73B0008C6
:10003000C93B000800000000CB3B00089D2A0008D7
:10004000CF3B0008CF3B0008CF3B0008CF3B000868
:10005000CF3B0008CF3B0008CF3B0008CF3B000858
:10006000CF3B0008CF3B0008CF3B0008CF3B000848
:10007000CF3B0008CF3B0008CF3B0008CF3B000838
:10008000CF3B0008CF3B0008CF3B0008A52A000863
:10009000A72A0008CF3B0008CF3B0008CF3B000851
:1000A000CF3B0008CF3B0008CF3B0008CF3B000808
:1000B000CF3B0008CF3B0008CF3B0008CF3B0008F8
:1000C000CF3B0008CF3B0008CF3B0008CF3B0008E8
:1000D000CF3B0008952A0008CF3B0008CF3B000823
:1000E000CF3B0008CF3B0008CF3B0008DFF80CD027
:1000F00008F040FD0048004717010008F80E0020F6
:1001000010B5012145F21D2003F0C4FF01212F4845
:1001100003F0CDFF10BDFFF7F3FF4FF4407004F084
:100120001DF802F006FD00F0CBFE03F0E7F902F047
:1001300007FF02F09DFE264908700846007840B18E
:1001400024480178042002F024FE0020224908718E
:1001500002E001202049087102F022FD03F0BEF9FF
:1001600003F030FB01F009F91C4800684FF4FA7203
:10017000B0FBF2F1B1F1807F00D31DE021F07F40B0
:10018000401E4FF0E022506150170F22002807DA7E
:1001900013071D0E124B00F00F04241F1D5503E022
:1001A00013071C0E0F4B1C5400BF00204FF0E02221
:1001B00090610720106100BF07E00748407820B138
:1001C00002F005FC002004494870F6E70200240014
:1001D00000000020D2020020E40600207C00002065
:1001E00018ED00E000E400E010B56E48008A6E49AA
:1001F000088108460089B0F5AC7F07DC0846008915
:10020000B0F5A07F02DD0120C87002E00020664941
:10021000C87066480088664908800846008800B2B1
:10022000604948820020614908806148008858B9C7
:100230000221604804F0EDFB00205B4948718871A1
:1002400008708881887006E002215A4804F0DFFBBC
:1002500001205549887110BD10B5012052494870E0
:1002600002F073FD5448007820B100215348008803
:1002700000F0C8FD10BD10B503F06BFB10BD10B54C
:1002800003F0C2FA02F059FB4D480068401C4C498B
:1002900008604548807908B900F059FC10BD10B5D8
:1002A0004848007801280CD147480078212804DA12
:1002B00045480178401C02F031FD0020414908709A
:1002C00001E000F091FB10BD10B502F0F0FD3F48D9
:1002D000007848B13E4801783E4803F024F903F025
:1002E00034F900203949087000F0C2FA10BD10B589
:1002F00039480088012804DBFFF7E6FF0020364973
:10030000088036480088022804DBFFF7C8FF002079
:100310003249088032480088052804DBFFF7AFFF28
:1003200000202F4908802F4800880A2804DBFFF7A7
:10033000A2FF00202B4908802B480088192804DBE5
:10034000FFF78AFF00202849088028480088B0F578
:10035000FA7F04DBFFF748FF00202449088010BD26
:1003600010B51D480088401C1B4908801B480088A8
:10037000401C1A4908801A480088401C1849088007
:1003800018480088401C1749088017480088401CFE
:100390001549088015480088401C14490880FFF75B
:1003A000A6FF10BDCA010020E40600205E00002068
:1003B0005C000020000C01403800002030000020CC
:1003C00048000020DA0000205609002060000020CC
:1003D0005A00002004070020020000200400002032
:1003E00006000020080000200A0000200C00002069
:1003F000B0F9041040F2D252914208DDB0F9041075
:1004000040F2E652914202DA40F2DC518180B0F9CA
:10041000061040F2D252914208DDB0F9061040F2C7
:10042000E652914202DA40F2DC51C180B0F902108A
:1004300040F2D252914208DDB0F9021040F2E65289
:10044000914202DA40F2DC5141807047B0F900106D
:10045000B1F57A7F02DC4FF47A7101E0B0F9001057
:100460000180B0F90010B1F5FA6F02DB4FF4FA61C8
:1004700001E0B0F900100180B0F90410B1F57A7F05
:1004800002DC4FF47A7101E0B0F904108180B0F918
:100490000410B1F5FA6F02DB4FF4FA6101E0B0F934
:1004A00004108180B0F90610B1F57A7F02DC4FF4B8
:1004B0007A7101E0B0F90610C180B0F90610B1F50B
:1004C000FA6F02DB4FF4FA6101E0B0F90610C18067
:1004D000B0F90210B1F57A7F02DC4FF47A7101E0D5
:1004E000B0F902104180B0F90210B1F5FA6F02DBE9
:1004F0004FF4FA6101E0B0F902104180B0F9081040
:10050000B1F57A7F02DC4FF47A7101E0B0F908109E
:100510000181B0F90810B1F5FA6F02DB4FF4FA610E
:1005200001E0B0F908100181B0F90A10B1F57A7F45
:1005300002DC4FF47A7101E0B0F90A104181B0F9A0
:100540000A10B1F5FA6F02DB4FF4FA6101E0B0F97D
:100550000A104181B0F90C10B1F57A7F02DC4FF43A
:100560007A7101E0B0F90C108181B0F90C10B1F58D
:10057000FA6F02DB4FF4FA6101E0B0F90C108181EF
:100580007047FE490A68091DFD4B1B7831F81310AE
:10059000511AFA4A1160FB490A68091DF84B1B7889
:1005A00031F81310511AF74A1160F7490A68091D0A
:1005B000F34B1B7831F81310511AF34A1160F349C9
:1005C0000A68091DEE4B1B7831F81310511AEF4AD7
:1005D0001160EF490A68091DE94B1B7831F81310C7
:1005E000511AEB4A1160EB490A68091DE44B1B786C
:1005F00031F81310511AE74A1160E7490A68091DDA
:10060000DF4B1B7831F81310511AE34A116001884F
:100610008AB2DA49091DDA4B1B7821F81320418888
:100620008AB2D849091DD64B1B7821F81320C188FE
:100630008AB2D549091DD24B1B7821F81320818835
:100640008AB2D249091DCE4B1B7821F813200189AB
:100650008AB2CF49091DCA4B1B7821F81320818922
:100660008AB2CC49091DC64B1B7821F81320018A98
:100670008AB2C949091DC24B1B7821F81320BF4912
:100680000A68091DBE4B1B7831F813101144BB4A90
:100690001160BC490A68091DB94B1B7831F8131069
:1006A0001144B84A1160B8490A68091DB44B1B7857
:1006B00031F813101144B44A1160B4490A68091D95
:1006C000AF4B1B7831F813101144B04A1160B04998
:1006D0000A68091DAA4B1B7831F813101144AC4A63
:1006E0001160AC490A68091DA54B1B7831F813103D
:1006F0001144A84A1160A8490A68091DA04B1B783B
:1007000031F813101144A44A11609C4909680A2267
:10071000B1FBF2F109B201809A490968B1FBF2F12B
:1007200009B2418098490968B1FBF2F109B2C18070
:1007300096490968B1FBF2F109B2818094490968D0
:10074000B1FBF2F109B2018192490968B1FBF2F102
:1007500009B2818190490968B1FBF2F109B20182C5
:1007600087490978491C864A1170114609780A2977
:1007700001D100211170704710B5044687484078B8
:10078000002873D08648007890B900208349C8803B
:1007900008818880488001208149087000208149B3
:1007A000086081490860814908608149086010BD7E
:1007B0007B480078401C7A490870B4F900007949F8
:1007C0000968084477490860B4F902007649096865
:1007D000084475490860B4F904007449096808447C
:1007E00072490860B4F90600714909680844704903
:1007F00008606B480078332838D169480078401E7B
:100800006749087067480068097890FBF1F0A0F527
:100810007A706249C880644800686149097890FB31
:10082000F1F0A0F2DC5080B25C49088108825F4898
:1008300000685B49097890FBF1F0A0F2DC5080B2CF
:1008400056498880C8815A4800685549097890FB04
:10085000F1F0A0F2DC5080B250494880888100203D
:100860004F4908704D49487000F016FB00BF9EE7E5
:100870002DE9F0474F49488808F036F805464FF013
:100880007A5107F039FE044608F044F800F57A7012
:100890004249C988401A00B2474908804549C8887A
:1008A00008F022F805464FF07A5107F025FE04467D
:1008B00008F030F800F57A7038498988401A00B29B
:1008C0003D4988803B49088808F00EF805464FF0FE
:1008D0007A5107F011FE044608F01CF8C0F5FA60E2
:1008E0002E490989401A00B2334948803149888825
:1008F00007F0FAFF05464FF07A5107F0FDFD044678
:1009000008F008F800F57A7024494988401A00B2C6
:100910002949C8802148408800F2DC5000B2088193
:100920001E48808800F2DC5000B288812149088A84
:1009300007F0DAFF80461F49C88907F0D5FF8146D6
:100940004FF0804107F0D8FD0746414607F006FE0C
:1009500006461A4907F0D0FD0546194907F0CCFDB7
:10096000044607F0D7FF2C3000B21349088208462E
:10097000FFF707FE1048FFF7FFFE23E0E00100202D
:10098000100000202802002010020020F8010020A2
:10099000400200207002002088020020D2020020C5
:1009A0001100002014000020180000201C0000206E
:1009B0002000002044090020CA0100209A99993F94
:1009C0000000C8420348FFF741FD0248FFF710FD51
:1009D000BDE8F087CA01002070B504460D462946DF
:1009E000204602F09BF970BD70B50024AA22214672
:1009F000641CFB484254AF222146641C425403222B
:100A00002146641C425400222146641C4254F5488D
:100A100042782146641CF2484254F248027821464A
:100A2000641CEF484254EF48C2782146641CEC48ED
:100A30004254EC4882782046611CCCB2E8490A5402
:100A4000E848C2792046611CCCB2E5490A54E54821
:100A500082792046611CCCB2E1490A54E1484279CE
:100A60002046611CCCB2DE490A54DE480279204699
:100A7000611CCCB2DA490A54DA48427A2046611C39
:100A8000CCB2D7490A54D748027A2046611CCCB26E
:100A9000D3490A54D348C27A2146601CC4B2D04814
:100AA0004254D048827A2046611CCCB2CC490A54C8
:100AB000CC48427B2046611CCCB2C9490A54C94883
:100AC000027B2046611CCCB2C5490A54C548C27B92
:100AD0002046611CCCB2C2490A54C248827B2046DF
:100AE000611CCCB2BE490A54BE48427C2046611CFF
:100AF000CCB2BB490A54BB48027C2046611CCCB234
:100B0000B7490A54B748C27C2046611CCCB2B449EC
:100B10000A54B448827C2046611CCCB2B0490A54C5
:100B2000201FC8700025002005E0AD49095C29445C
:100B3000CDB2411CC8B2A042F7DB2046611CCCB24A
:100B4000A7490D542146A648FFF746FF70BD70B572
:100B50000024AA222146641CA14842542146641C58
:100B6000425403222146641C425400222146641C44
:100B700042549C4842782146641C99484254994802
:100B800002782146641C964842549648C278214611
:100B9000641C93484254934882782046611CCCB22E
:100BA0008F490A548F48C2792046611CCCB28C49C7
:100BB0000A548C4882792046611CCCB288490A5478
:100BC000884842792046611CCCB285490A54854840
:100BD00002792046611CCCB281490A548148427A8C
:100BE0002046611CCCB27E490A547E48027A2046D7
:100BF000611CCCB27A490A547A48C27A2146601CF8
:100C0000C4B2774842547748827A2046611CCCB2FD
:100C100073490A547348427B2046611CCCB2704928
:100C20000A547048027B2046611CCCB26C490A54BD
:100C30006C48C27B2046611CCCB269490A546948A1
:100C4000827B2046611CCCB265490A546548427CCF
:100C50002046611CCCB262490A546248027C20469C
:100C6000611CCCB25E490A545E48C27C2046611CBD
:100C7000CCB25B490A545B48827C2046611CCCB2F2
:100C800057490A54201FC8700025002005E0544928
:100C9000095C2944CDB2411CC8B2A042F7DB204612
:100CA000611CCCB24E490D5421464D4802F03BFC2C
:100CB00002F04BFC70BD2DE9F047044689464FF029
:100CC000000A002005E0215C514401F0FF0A411CAC
:100CD000C8B2A9F101018142F5DC04EB090010F86A
:100CE000010C504501D0BDE8F0872078AA2802D138
:100CF0006078AA2800D0F6E7A07801284CD12179A5
:100D0000090209B2627941EA020007F0F2FD0746E2
:100D1000354A364B07F007FD054607F00FFE34490C
:100D20000861A179090209B2E27941EA020007F0FB
:100D3000E0FD07462C4A2D4B07F0F5FC054607F071
:100D4000FDFD2B494861217A090209B2627A41EA24
:100D5000020007F0CEFD0546234A244B07F0E3FCD2
:100D6000074607F0EBFD22498861A17A0906E27A7D
:100D700041EA0241227B41EA0221627B41EA020010
:100D800007F0B7FD05461B4A1B4B07F0CCFC074696
:100D900007F0D4FD1649C861A07805281ED1207936
:100DA000617941EA002012494881207A0870607A0E
:100DB0004871A07AE17A41EA00200D498881207BC0
:100DC000617B41EA00200A49C8810846C0890B4975
:100DD0000988884202D100200949087000BF82E7D3
:100DE000A0020020CA0100209A9999999999B93FC7
:100DF000E40600207B14AE47E17A843F30000020F7
:100E0000380000202DE9F84306460F460024A0468E
:100E1000AA222146641C1F484254AF222146641C6A
:100E20004254F1222146641C425400222146641C93
:100E3000425400969DF801202146641C42549DF8BE
:100E400000202146641C425400979DF80120214651
:100E5000641C42549DF800202046611CCCB20D4910
:100E60000A54201FC870002506E00A48405D40442F
:100E700000F0FF08681CC5B2A542F6DB2046611CE5
:100E8000CCB2044901F8008020210248FFF7A4FDFC
:100E9000BDE8F883A002002010B512210E4802F030
:100EA0005CFC10BD10B500200B49087048704880EC
:100EB00088800881C88044204881FFF7EDFF10BD7D
:100EC00010B51221044802F029FC03484089442847
:100ED00001D0FFF7E7FF10BDD202002010B50A468F
:100EE00022B14FF48053FB4C236004E04FF4805355
:100EF000F84C241D2360002119E04FF40053F54CF9
:100F0000241D236000F0800323B14FF40043241F0D
:100F1000236004E04FF40043EE4C241D23604FF4A3
:100F20000053EC4C23604306180E4B1CD9B2082921
:100F3000E3DB4FF48053E74C236010BD30B5002451
:100F40001CE004F1B001C8B20021FFF7C7FF002187
:100F50000846FFF7C3FF00211020FFF7BFFF002561
:100F600008E0DD4901EBC501085D0121FFF7B6FF8F
:100F7000681CC5B2802DF4DB601CC4B2082CE0DB19
:100F800030BD00B500218D20FFF7A8FF00211420FF
:100F9000FFF7A4FF0021AF20FFF7A0FF00BD00B5C1
:100FA00000218D20FFF79AFF00211020FFF796FF08
:100FB0000021AE20FFF792FF00BD30B500240CE009
:100FC000002506E00020C44901EBC5010855681C56
:100FD000C5B2802DF6DB601CC4B2082CF0DBFFF735
:100FE000ADFF30BDF0B5144600267F2801DC3F2957
:100FF00000DDF0BD0B46CF1701EB5777FF10C7F1AF
:101000000707FAB2CF1701EB5777FF10A1EBC7071D
:10101000FDB2C5F107070123BB40DEB24CB1AE4BB8
:1010200003EBC0039B5C3343AB4F07EBC007BB54E0
:1010300008E0A94B03EBC0039B5CB343A64F07EB4F
:10104000C007BB5400BFD4E72DE9F04F80460C46E3
:1010500015461E46A346A5F12000C5B200273EE076
:101060000C2E07D105EB45009C4901EB800010F8E0
:10107000079004E09A4800EB051010F807904FF035
:10108000000A26E009F0800028B121464046099A6E
:10109000FFF7A8FF09E0099808B9012000E0002047
:1010A000024621464046FFF79DFF4FEA49604FEA5E
:1010B0001069601CC4B2A4EB0B00B04205D15C46C1
:1010C00008F1010000F0FF0806E00AF1010000F05D
:1010D000FF0ABAF1080FD5DB00BF781CC7B2B742D0
:1010E000BEDBBDE8F08F2DE9F04F07460C46904679
:1010F0001D46A346002634E008EB4800794901EB81
:10110000800010F806904FF0000A24E009F08000FB
:1011100028B121463846099AFFF764FF09E009988B
:1011200008B9012000E00020024621463846FFF7BA
:1011300059FF4FEA49604FEA1069601CC4B2A4EB42
:101140000B00A84203D15C46781CC7B206E00AF146
:10115000010000F0FF0ABAF1080FD7DB00BF701CD6
:10116000C6B2AE42C8DBBDE8F08F2DE9F8430646B3
:101170000F4614461D46DDF82090012000906006C1
:10118000020E2B4639463046FFF7ADFF0120A84638
:1011900005EBD87106EB61010090C8B2012101EBAB
:1011A0004401CAB22B463946FFF79DFFBDE8F883DC
:1011B0002DE9F04F07460C4690461D46A3460026F3
:1011C0002FE018F806904FF0000A24E009F08000A4
:1011D00028B121463846099AFFF704FF09E009982B
:1011E00008B9012000E00020024621463846FFF7FA
:1011F000F9FE4FEA49604FEA1069601CC4B2A4EBE3
:101200000B00A84203D15C46781CC7B206E00AF185
:10121000010000F0FF0ABAF1080FD7DB00BF701C15
:10122000C6B2AE42CDDBBDE8F08F10B5024601205C
:1012300000E050430B1EA1F10104E1B2F9D110BD51
:101240002DE9FF4F81B0074691461E460E9D4FF097
:10125000000A002439E0301B401EC1B20A20FFF70B
:10126000E4FFB9FBF0F00A21B0FBF1F201FB120838
:10127000BAF1000F16D1701EA04213DDB8F1000FB5
:101280000ED10120AB4605EBDB71491001FB047167
:101290000090C8B22B4620220299FFF7D5FE12E03B
:1012A0004FF0010A0120AB4605EBDB71491001FB51
:1012B00004710090C8B208F13001CAB22B460299FD
:1012C000FFF7C2FE00BF601CC4B2B442C3DB05B06E
:1012D000BDE8F08F100C0140E40200206C93000880
:1012E000E0970008D09D00082DE9F84105460E461C
:1012F00014461F46DDF81C8018E07A2D03DD00251A
:1013000006F11000C6B23A2E04DD0020054606465E
:10131000FFF753FECDF8008022783B463146284641
:10132000FFF792FE05F10800C5B2641C2078002882
:10133000E3D1BDE8F88178B505460E46144618E0BD
:101340007A2D03DD002506F11000C6B23A2E04DD29
:10135000002005460646FFF730FE01200090227867
:10136000102331462846FFF76FFE05F10800C5B28D
:10137000641C20780028E3D178BD08B5012108203D
:1013800002F088FE4FF42040ADF8000010208DF8E8
:10139000030003208DF8020069464B4803F08AFAE7
:1013A0004FF42041484803F032FB4FF4A040ADF821
:1013B000000010208DF8030003208DF8020069461C
:1013C000414803F077FA4FF480413F4803F01FFB98
:1013D0004FF480403C49143108604FF47A7001F0BA
:1013E00048FB4FF480403849103108600021AE209E
:1013F000FFF774FD00210846FFF770FD0021102063
:10140000FFF76CFD00214020FFF768FD00218120DF
:10141000FFF764FD0021CF20FFF760FD0021A12030
:10142000FFF75CFD0021C020FFF758FD0021A6203A
:10143000FFF754FD0021A820FFF750FD00213F20B9
:10144000FFF74CFD0021D320FFF748FD002108469F
:10145000FFF744FD0021D520FFF740FD002180204B
:10146000FFF73CFD0021D920FFF738FD0021F120D6
:10147000FFF734FD0021DA20FFF730FD00211220B4
:10148000FFF72CFD0021DB20FFF728FD0021302095
:10149000FFF724FD00212020FFF720FD002102207E
:1014A000FFF71CFD00218D20FFF718FD00211420FF
:1014B000FFF714FDFFF781FD0021AF20FFF70EFDC0
:1014C00000200249887008BD000C0140E40600209D
:1014D0002DE9F84F04460E4690461F46DDE90B5AAB
:1014E000DDF828900D2C7ED2DFE804F007101922D9
:1014F0002B343D464F58616A74003019C2B22B46F6
:10150000494638460095FFF730FE74E03019C2B204
:101510002B46494638460095FFF727FE6BE0301909
:10152000C2B22B46494638460095FFF71EFE62E0E0
:101530003019C2B22B46494638460095FFF715FED2
:1015400059E03019C2B22B46494638460095FFF79C
:101550000CFE50E03019C2B22B4649463846009581
:10156000FFF703FE47E03019C2B22B464946384622
:101570000095FFF7FAFD3EE03019C2B22B4649460E
:1015800038460095FFF7F1FD35E03019C2B22B4621
:10159000494638460095FFF7E8FD2CE03019C2B205
:1015A0002B46494638460095FFF7DFFD23E030190A
:1015B000C2B22B46494638460095FFF7D6FD1AE0E1
:1015C0003019C2B22B46494638460095FFF7CDFD8B
:1015D00011E008E03019C2B22B4649463846009562
:1015E000FFF7C3FD07E02B464246494638460095C3
:1015F000FFF7BBFD00BF00BFBDE8F88F00B587B0A7
:10160000FE480078FE490978884205D0FB480078FA
:10161000FB490870FFF7D1FCFA48C078B0B3FA482C
:101620000078401CF84908700846007803280BDD54
:1016300000200870F548007818B90120F3490870B7
:1016400002E00020F1490870002004901AE0EF4801
:1016500000780090049800EB4000ED4901EB800019
:101660000390049800EB40001D2101EB4000C0B244
:101670000C2302900021039AFFF79AFD0498401C66
:10168000C0B2049004980C28E1DB6DE0FFE7DD4870
:10169000007B00F02000B0B3DB480078401CDA4942
:1016A00008700846007803280BDD00200870D74832
:1016B000007818B90120D549087002E00020D3490C
:1016C0000870002004901AE0D04800780090049838
:1016D00000EB4000CF4901EB80000390049800EB41
:1016E00040001D2101EB4000C0B20C2302900021FC
:1016F000039AFFF75DFD0498401CC0B20490049863
:101700000C28E1DB30E0FFE701200C23002211462A
:1017100000901D20FFF729FD01200C230246002127
:1017200000902920FFF721FD01200C230222002137
:1017300000903520FFF719FD01200C230322002122
:1017400000904120FFF711FD01200C23042200210D
:1017500000904D20FFF709FD01200C2305220021F8
:1017600000905920FFF701FDA648007940B1012003
:101770000C230622002100900220FFF7F6FC0AE06D
:101780000C200090A4480078032302460021049016
:101790000220FFF755FD9B484079142190FBF1F0A2
:1017A000C0B206900698052831D2DFE800F0030C9D
:1017B000151E270001200C23062200210090722014
:1017C000FFF7D3FC2CE001200C230722002100901E
:1017D0007220FFF7CAFC23E001200C23082200211D
:1017E00000907220FFF7C1FC1AE001200C230922AF
:1017F000002100907220FFF7B8FC11E001200C23BB
:101800000A22002100907220FFF7AFFC08E00120BF
:101810000C230B22002100907220FFF7A6FC00BFD2
:1018200000BF01200C237DA20E2100900520FFF7B0
:101830005BFD01200C237BA20E2100902920FFF7E5
:1018400053FD70480089642190FBF1F004900C2056
:10185000012300900E212320049AFFF7F1FC694830
:101860000089642190FBF1F201FB120004900C202E
:10187000022300900E212F20049AFFF7E1FC61481B
:101880000089642190FBF1F201FB12000A2807DABB
:101890000C20012300220E2100902F20FFF7D0FC06
:1018A00001200C2360A20E2100904520FFF71CFDB3
:1018B00001200C235BA20E2100906920FFF714FD8C
:1018C00050484089642190FBF1F004900C200123E2
:1018D00000900E216320049AFFF7B2FC494840892A
:1018E000642190FBF1F201FB120004900C20022312
:1018F00000900E216F20049AFFF7A2FC4148408916
:10190000642190FBF1F201FB12000A2807DA0C2097
:10191000012300220E2100906F20FFF791FC01208F
:101920000C2343A21A2100900520FFF7DDFC42485A
:10193000B0F90000A0F57A70292190FBF1F0C0B257
:10194000069001200C211A222423CDE900210290C7
:1019500018220698FFF7BCFD3748B0F90000A0F246
:10196000DC50292190FBF1F0C0B2069001200C213F
:101970001A223023CDE9002102900A460698FFF78B
:10198000A7FD01200C232DA21A2100904520FFF76E
:10199000ABFC2948B0F90600A0F57A70292190FB2C
:1019A000F1F0C0B2069001200C211A226423CDE987
:1019B0000021029018220698FFF78AFD1E48B0F910
:1019C0000600A0F2DC50292190FBF1F0C0B2069095
:1019D00001200C211A227023CDE9002102900A4631
:1019E0000698FFF775FD01200C2316A22621009012
:1019F0000520FFF779FC104828E00000390000209E
:101A00003A000020E40600203B0000203C000020BB
:101A1000F4A6000884A70008D2020020522D563AEE
:101A2000000000002E000000462D563A0000000085
:101A30005448523A00000000CA010020524F4C3A6C
:101A4000000000005941573A00000000B0F90200C0
:101A5000A0F57A70292190FBF1F0C0B20690012028
:101A60000C2126222423CDE9002102901822069879
:101A7000FFF72EFDFC48B0F90200A0F2DC5029214E
:101A800090FBF1F0C0B2069001200C2126223023F9
:101A9000CDE9002102900A460698FFF719FD0120C2
:101AA0000C23F2A2262100904520FFF71DFCEE48F2
:101AB000B0F90400A0F57A70292190FBF1F0C0B2D2
:101AC000069001200C2126226423CDE900210290FA
:101AD00018220698FFF7FCFCE348B0F90400A0F2D6
:101AE000DC50292190FBF1F0C0B2069001200C21BE
:101AF00026227023CDE9002102900A460698FFF7BE
:101B0000E7FCDC48407900287DD0DA4800780128DD
:101B100079D1D9490870D748006900280CDAD5482E
:101B200000694042059001200C23D4A2322100908C
:101B30000020FFF7D9FB0AE0CE480069059001209C
:101B40000C23CFA2322100900020FFF7CDFB0A2109
:101B5000059890FBF1F004900C20032300903221B3
:101B60000820049AFFF76CFB01200C23AFF24C1203
:101B7000322100901C20FFF7B7FB0A21059890FB4B
:101B8000F1F201FB120004900C200123009032219D
:101B90002020049AFFF754FBB648406900280CDA6D
:101BA000B44840694042059001200C23B3A2322181
:101BB00000903320FFF798FB0AE0AE48406905909B
:101BC00001200C23AEA2322100903320FFF78CFBC2
:101BD0000A21059890FBF1F004900C20032300905B
:101BE00032213B20049AFFF72BFB01200C23AFF29C
:101BF000CC12322100904F20FFF776FB0A21059886
:101C000090FBF1F200E03EE001FB120004900C209A
:101C10000123009032215320049AFFF711FB9548CD
:101C2000C06900280CDA9348C06940420590012041
:101C30000C2392A2322100906720FFF755FB0AE0A7
:101C40008C48C069059001200C238DA232210090A0
:101C50006720FFF749FB0598B0F57A7F0ADB40F271
:101C6000E730059001200C2386A2322100906720E6
:101C7000FFF73AFB0C200323009032216F20059AD6
:101C8000FFF7DEFA92E002207B49087001200C2366
:101C90007DA2322100900220FFF726FB7B4840887E
:101CA000A0F57A70292190FBF1F0C0B206900120D6
:101CB0000C2132221123CDE900210290182206982E
:101CC000FFF706FC71484088A0F2DC50292190FB08
:101CD000F1F0C0B2069001200C2132221D23CDE983
:101CE000002102900A460698FFF7F2FB01200C2320
:101CF00067A2322100902E20FFF7F6FA6348008990
:101D0000A0F57A70292190FBF1F0C0B20690012075
:101D10000C2132223D23CDE90021029018220698A1
:101D2000FFF7D6FB59480089A0F2DC50292190FB2F
:101D3000F1F0C0B2069001200C2132224923CDE9F6
:101D4000002102900A460698FFF7C2FB01200C23EF
:101D500050A2322100905A20FFF7C6FA4B488088E3
:101D6000A0F57A70292190FBF1F0C0B20690012015
:101D70000C2132226923CDE9002102901822069815
:101D8000FFF7A6FB41488088A0F2DC50292190FB98
:101D9000F1F0C0B2069001200C2132227523CDE96A
:101DA000002102900A460698FFF792FBFFF7C6F85B
:101DB00007B000BD2DE9F84300260025A84614E031
:101DC000012008EB4801344B03EB810208EB48018A
:101DD000282303EB41010090C8B20C233146FFF7E2
:101DE000E7F908F1010000F0FF08B8F1080FE7DBA0
:101DF0002A49B1F90000C11700EB9171C1F38707BF
:101E0000B806050E26480078B84203D0244807706B
:101E1000FFF7D3F817B1012F7DD1ABE106F10D002B
:101E2000C6B24FF0000814E0012008EB48011D4B3A
:101E300003EB810208EB4801002303EB4101009012
:101E4000C8B20C233146FFF7B3F908F1010000F0E6
:101E5000FF08B8F10A0FE7DB1048B0F90000A8420C
:101E600022D1002421E00000CA0100205049543A48
:101E700000000000E4060020390000202D000000D2
:101E80002B0000003E000000523A0000D202002069
:101E9000593A0000503A000058A000082C000020D9
:101EA0003D000020B8A000080124FA48007800F0A6
:101EB0000100D0B14FF0000813E008EB4801F64BE9
:101EC00003EB810208EB48015E2303EB4101C8B23A
:101ED0000C2331460094FFF76BF908F1010000F084
:101EE000FF08B8F1060FE8DB1BE04FF0000815E033
:101EF00008EB4801E94B03EB810208EB48015E2344
:101F000003EB4101C8B20C2331460094FFF750F9AE
:101F100008F1010000E004E200F0FF08B8F1060F4C
:101F2000E6DB681CC5B206F10D00C6B24FF0000832
:101F300014E0012008EB4801D94B03EB810208EBC8
:101F40004801002303EB41010090C8B20C23314645
:101F5000FFF72EF908F1010000F0FF08B8F10A0FB1
:101F6000E7DBD048B0F90000A84201D1002400E02E
:101F70000124C848007800F00200D0B14FF00008FA
:101F800013E008EB4801C44B03EB810208EB480166
:101F90005E2303EB4101C8B20C2331460094FFF7E6
:101FA00007F908F1010000F0FF08B8F1060FE8DBBF
:101FB00019E04FF0000813E008EB4801B74B03EBC2
:101FC000810208EB48015E2303EB4101C8B20C23F8
:101FD00031460094FFF7ECF808F1010000F0FF082B
:101FE000B8F1060FE8DB681CC5B206F10D00C6B2F9
:101FF0004FF0000814E0012008EB4801AA4B03EB66
:10200000810208EB4801002303EB41010090C8B2B4
:102010000C233146FFF7CCF808F1010000F0FF086F
:10202000B8F10A0FE7DB9F48B0F90000A84201D1E0
:10203000002400E001249748007800F00400D0B1AB
:102040004FF0000813E008EB4801934B03EB8102CB
:1020500008EB48015E2303EB4101C8B20C23314673
:102060000094FFF7A5F808F1010000F0FF08B8F1AF
:10207000060FE8DB19E04FF0000813E008EB480119
:10208000864B03EB810208EB48015E2303EB410121
:10209000C8B20C2331460094FFF78AF808F101001A
:1020A00000F0FF08B8F1060FE8DB681CC5B206F1C6
:1020B0000D00C6B24FF0000814E0012008EB480103
:1020C0007A4B03EB810208EB4801002303EB41014B
:1020D0000090C8B20C233146FFF76AF808F10100FE
:1020E00000F0FF08B8F10A0FE7DB6E48B0F9000016
:1020F000A84201D1002400E001246648007800F0E5
:102100000800D0B14FF0000813E008EB4801624B23
:1021100003EB810208EB48015E2303EB4101C8B2E7
:102120000C2331460094FFF743F808F1010000F05A
:10213000FF08B8F1060FE8DB19E04FF0000813E0E4
:1021400008EB4801554B03EB810208EB48015E2385
:1021500003EB4101C8B20C2331460094FFF728F885
:1021600008F1010000F0FF08B8F1060FE8DB681C79
:10217000C5B2D7E006F10D00C6B24FF0000814E07A
:10218000012008EB48014A4B03EB810208EB4801B0
:10219000002303EB41010090C8B20C233146FFF746
:1021A00007F808F1010000F0FF08B8F10A0FE7DBBB
:1021B0003C48B0F90000A84201D1002400E001240D
:1021C0003448007800F01000D0B14FF0000813E060
:1021D00008EB4801304B03EB810208EB48015E231A
:1021E00003EB4101C8B20C2331460094FEF7E0FF37
:1021F00008F1010000F0FF08B8F1060FE8DB19E074
:102200004FF0000813E008EB4801244B03EB810278
:1022100008EB48015E2303EB4101C8B20C233146B1
:102220000094FEF7C5FF08F1010000F0FF08B8F1C7
:10223000060FE8DB681CC5B206F10D00C6B24FF010
:10224000000814E0012008EB48011A4B03EB81025F
:1022500008EB4801002303EB41010090C8B20C23B6
:102260003146FEF7A5FF08F1010000F0FF08B8F1C4
:102270000A0FE7DB0B48B0F90000A84201D10024A7
:1022800000E001240348007800F0200060B34FF024
:10229000000825E03000002044A500088CA50008B7
:1022A00030A100082C000020A8A1000820A20008EE
:1022B000D4A5000814A8000808EB4801FE4B03EB66
:1022C000810208EB48015E2303EB4101C8B20C23F5
:1022D00031460094FEF76CFF08F1010000F0FF08A2
:1022E000B8F1060FE8DB19E04FF0000813E008EB47
:1022F0004801F24B03EB810208EB48015E2303EB3C
:102300004101C8B20C2331460094FEF751FF08F199
:10231000010000F0FF08B8F1060FE8DB681CC5B249
:1023200000E000BF00BFFEF709FEBDE8F8832DE91D
:10233000F84300250026E2488089E2490880A84643
:1023400014E0012008EB4801DF4B03EB810208EBAE
:102350004801222303EB41010090C8B20C23294617
:10236000FEF726FF08F1010000F0FF08B8F10A0FA0
:10237000E7DBD649B1F90000C11700EB9171C1F359
:102380008707B806060ED2480078B84203D0D04876
:102390000770FEF712FE17B1012F7DD1AAE105F1FA
:1023A0000D00C5B24FF0000814E0012008EB480111
:1023B000C84B03EB810208EB4801002303EB41010A
:1023C0000090C8B20C232946FEF7F2FE08F1010086
:1023D00000F0FF08B8F1080FE7DB3046711CCEB201
:1023E000BA49B1F90010884201D1002400E001246B
:1023F000B448007800F00100D0B14FF0000813E0BD
:1024000008EB4801B44B03EB810208EB4801682359
:1024100003EB4101C8B20C2329460094FEF7C8FE25
:1024200008F1010000F0FF08B8F1040FE8DB19E043
:102430004FF0000813E008EB4801A84B03EB8102C2
:1024400008EB4801682303EB4101C8B20C2329467D
:102450000094FEF7ADFE08F1010000F0FF08B8F1AE
:10246000040FE8DB05F10D00C5B24FF0000816E0DF
:10247000012008EB48019A4B03EB810208EB48016D
:10248000002303EB41010090C8B20C232946FEF75C
:102490008FFE08F1010000E0F3E100F0FF08B8F161
:1024A000080FE5DB3046711CCEB28849B1F9001047
:1024B000884201D1002400E001248248007800F025
:1024C0000200D0B14FF0000813E008EB4801824B46
:1024D00003EB810208EB4801682303EB4101C8B21A
:1024E0000C2329460094FEF763FE08F1010000F07A
:1024F000FF08B8F1040FE8DB19E04FF0000813E023
:1025000008EB4801754B03EB810208EB4801682397
:1025100003EB4101C8B20C2329460094FEF748FEA4
:1025200008F1010000F0FF08B8F1040FE8DB05F145
:102530000D00C5B24FF0000814E0012008EB48017F
:10254000684B03EB810208EB4801002303EB4101D8
:102550000090C8B20C232946FEF72AFE08F10100BC
:1025600000F0FF08B8F10A0FE7DB3046711CCEB26D
:102570005649B1F90010884201D1002400E001243D
:102580005048007800F00400D0B14FF0000813E08C
:1025900008EB4801504B03EB810208EB480168232C
:1025A00003EB4101C8B20C2329460094FEF700FE5C
:1025B00008F1010000F0FF08B8F1040FE8DB19E0B2
:1025C0004FF0000813E008EB4801444B03EB810295
:1025D00008EB4801682303EB4101C8B20C232946EC
:1025E0000094FEF7E5FD08F1010000F0FF08B8F1E6
:1025F000040FE8DB05F10D00C5B24FF0000814E050
:10260000012008EB4801384B03EB810208EB48013D
:10261000002303EB41010090C8B20C232946FEF7CA
:10262000C7FD08F1010000F0FF08B8F10C0FE7DB6F
:102630003046711CCEB22549B1F90010884201D153
:10264000002400E001241F48007800F00800D0B109
:102650004FF0000813E008EB48011F4B03EB810229
:1026600008EB4801682303EB4101C8B20C2329465B
:102670000094FEF79DFD08F1010000F0FF08B8F19D
:10268000040FE8DB35E04FF0000813E008EB4801E9
:10269000124B03EB810208EB4801682303EB410175
:1026A000C8B20C2329460094FEF782FD08F1010010
:1026B00000F0FF081AE0000044A500088CA50008FF
:1026C000E40600203600002098A200083200002016
:1026D0003E00002010A30008E4A4000814A5000890
:1026E0007CA30008DCA3000854A40008B8F1040F80
:1026F000CCDBC7E005F10D00C5B24FF0000814E0D7
:10270000012008EB4801C24B03EB810208EB4801B2
:10271000002303EB41010090C8B20C232946FEF7C9
:1027200047FD08F1010000F0FF08B8F10E0FE7DBEC
:102730003046711CCEB2B749B1F90010884201D1C0
:10274000002400E00124B448007800F01000D0B16B
:102750004FF0000813E008EB4801B04B03EB810297
:1027600008EB4801682303EB4101C8B20C2329465A
:102770000094FEF71DFD08F1010000F0FF08B8F11C
:10278000040FE8DB19E04FF0000813E008EB480104
:10279000A34B03EB810208EB4801682303EB4101E3
:1027A000C8B20C2329460094FEF702FD08F101008F
:1027B00000F0FF08B8F1040FE8DB05F10D00C5B229
:1027C0004FF0000814E0012008EB4801954B03EBA3
:1027D000810208EB4801002303EB41010090C8B2DD
:1027E0000C232946FEF7E4FC08F1010000F0FF0885
:1027F000B8F10A0FE7DB3046711CCEB28549B1F95A
:102800000010884201D1002400E0012482480078B1
:1028100000F04000D0B14FF0000813E008EB480191
:102820007E4B03EB810208EB4801682303EB410177
:10283000C8B20C2329460094FEF7BAFC08F1010047
:1028400000F0FF08B8F1040FE8DB19E04FF00008D2
:1028500013E008EB4801724B03EB810208EB4801DF
:10286000682303EB4101C8B20C2329460094FEF70C
:102870009FFC08F1010000F0FF08B8F1040FE8DB4D
:1028800000E000BF00BFFEF759FBBDE8F88307B5C5
:10289000B0F5E16F05DD644A1278521C624B1A7084
:1028A0000AE0614A1278022A03DD0A88521E12B237
:1028B0000A8000225C4B1A70B0F5966F05DA5B4A0D
:1028C0001278521C594B1A700AE0584A1278022AA0
:1028D00003DD0A88521C12B20A800022534B1A7080
:1028E000B1F90020002A03DABDF908200A8007E0C8
:1028F000B1F90020BDF908309A4201DD00220A80BA
:102900000EBD17B5B0F5E16F02DCB0F5966F05DAD4
:10291000474A1278521C464B1A700DE0444A12780E
:10292000022A06DD0A88BDF808400123A3405A4068
:102930000A8000223E4B1A701EBD00B53D488078CB
:102940003D490978884218D03A488078012803D157
:102950003848C0893949088037480078012808D1AB
:102960003448C08935490988884202D00120344959
:10297000087030488078304908702E4880780128E7
:1029800002D0022820D115E02E49898888B22E492C
:10299000B1F900202D49FFF77AFF2648807940B130
:1029A0002849C98888B22949B1F900202349FFF78D
:1029B000A8FF0AE02349898888B22549B1F9002097
:1029C0001449FFF764FF00E000BF00BF00BD10B571
:1029D000184880781F490978884205D015488078C2
:1029E0001C490870FEF7E9FA1248807820B10128E6
:1029F00005D0022809D105E0FEF700FE06E0FFF74A
:102A0000D9F903E0FFF793FC00E000BF00BF10BD61
:102A10004CA600083200002036000020E4A4000884
:102A200014A500088CA800083F00002040000020EA
:102A300041000020E4060020420000203000002079
:102A400038000020CA0100202E0000202C000020A9
:102A5000340000204300002000B585B0684601F036
:102A6000ACFA0A490098B0FBF1F00949086005B0DA
:102A700000BD01B502E00098401E009000980028BB
:102A8000F9D108BD10B5FDF76BFC10BD40420F0039
:102A90004400002010B500F073FB10BD10B5FFF727
:102AA000F1FF10BD704710B505F086FA10BD0000AB
:102AB00000B587B00121084601F0F9FA0121084666
:102AC00001F0E8FA0121654801F0C5FF40F2CF703E
:102AD000ADF814004720ADF810000020ADF8160046
:102AE000ADF8120004A94FF0804002F08BFA60208C
:102AF000ADF800000120ADF802000020ADF806009E
:102B0000ADF8080069464FF0804002F092FB0821C2
:102B1000C80602F022FF0121880702F0CFFE012142
:102B2000880702F0CBFD00204FF08041888707B076
:102B300000BD08B50121084601F0ACFA01211820BA
:102B400001F0A8FA10208DF8030003208DF8020090
:102B50004FF40070ADF800006946414801F0AAFE4C
:102B60000220ADF8000003208DF8020010208DF83F
:102B7000030069463A4801F09DFE10208DF80300DD
:102B800002208DF802004002ADF80000694634488A
:102B900001F090FE4FF48061314801F038FF08BD2C
:102BA00010B5002423E002212D4801F032FF4FF43C
:102BB00080612B4801F02DFF4FF40071284801F08F
:102BC00028FF2848FFF755FF0221254801F01FFF85
:102BD0004FF40071224801F01AFF4FF48061204841
:102BE00001F015FF1F48FFF744FF601CC4B2032C1F
:102BF000D9DB10BD2DE9F14F82B01B480168029866
:102C000005F022FC1849086018491748006805F0CB
:102C1000E1FE02D80020144908601348006805F05E
:102C2000C5FECDE9000106F051FB80460022104BA5
:102C300005F0D2FC064600224FF0804305F0E5FD8A
:102C4000044600220B4B05F06EFD824605F095FE12
:102C50004FF080418887BDE8FE8F00000002180019
:102C6000000C0140C02709004C000020DB0FC940C8
:102C70000000F03F003C9F4070B505460C4600F058
:102C8000F2F9284600F0D0F90646204600F0CCF9CB
:102C900000F0E3F9304670BD70B5044600F0E3F98A
:102CA000204600F0C1F9002000F0BEF9054600F012
:102CB000D4F9284670BD2DE9F04107460D46164669
:102CC00000F0D1F9384600F0AFF98046002404E066
:102CD000285D00F0A9F9601CC4B2B442F8DB00F032
:102CE000BCF94046BDE8F0812DE9F04107460D46AC
:102CF000164600F0B8F9384600F096F980460024F0
:102D000005E0002000F090F92855601CC4B2B442E0
:102D1000F7DB00F0A2F94046BDE8F08170B504464B
:102D20000D4605227E492A20FFF7C5FF2A46214687
:102D3000A020FFF7C0FF70BD70B504460D462A46BF
:102D40002146A820FFF7B7FF70BD10B57548007881
:102D5000F0B17548008800280ADD0020714908702C
:102D600072480078401E71490870FEF795F80FE030
:102D70006E4801780078401C6C4B18702520FFF7D6
:102D80007BFF6A4800787D2802DD002067490870D3
:102D900010BD70B504460D46052265492A20FFF78F
:102DA0008AFF05225E493020FFF785FF012121209F
:102DB000FFF762FF01212220FFF75EFF1A21242086
:102DC000FFF75AFF29462520FFF756FF0F2126203F
:102DD000FFF752FF012C08D120213120FFF74CFFD3
:102DE0000F212020FFF748FF41E0022C08D12021CD
:102DF0003120FFF741FF0E212020FFF73DFF36E095
:102E0000032C1AD1FF21E120FFF736FFFF21E2203A
:102E1000FFF732FF0F212020FFF72EFF502000F098
:102E200003F9732000F000F901213C20FFF724FF93
:102E300006213D20FFF720FF19E00E212020FFF79B
:102E40001BFFFF21E120FFF717FFFF21E220FFF723
:102E500013FF502000F0E8F8732000F0E5F801219E
:102E60003C20FFF709FF06213D20FFF705FF70BD5D
:102E70001CB505222A493020FFF71DFF05226946AF
:102E80001020FFF731FF002408E01DF8040024495A
:102E9000095D884200D003E0601CC4B2052CF4DB5D
:102EA00000BF052C01D101201CBD0020FCE710B59E
:102EB0000720FFF7F1FE044604F0400000B3602055
:102EC000FFF7EAFE1B49087008460078212813DA4C
:102ED0000846027818496120FFF706FF1548017877
:102EE0001548FDF7E8FE10480088401C0E49088090
:102EF00001201249087003E0FF21E220FFF7BCFE29
:102F000004F0100030B104F0010018B1FF21E120FD
:102F1000FFF7B2FE21462720FFF7AEFE10BD0000EE
:102F2000500000205B0000205E000020D202002044
:102F3000550000205A0000200407002060000020F7
:102F400000B587B00121080301F0B1F80121052087
:102F500001F0A0F80121474801F07DFD4FF000701D
:102F6000454948600121042001F094F84FF40040E5
:102F7000ADF8040003208DF8060010208DF807003E
:102F800001A93E4801F096FC0121042001F082F8DD
:102F90001020ADF8040003208DF8060010208DF8F5
:102FA000070001A9354801F085FC1021334801F0E4
:102FB0002EFD4FF40041314801F029FDE020ADF82D
:102FC000040003208DF8060018208DF8070001A9E1
:102FD0002A4801F06FFC0021294801F084FE0020FE
:102FE000ADF808004FF48270ADF80A000020ADF88B
:102FF0000C00ADF80E00ADF810004FF40070ADF805
:1030000012001020ADF814000020ADF816000720C3
:10301000ADF8180002A91A4801F0C0FD01211848B6
:1030200001F061FE07B000BD10B5044600BF0221EB
:10303000134801F0DCFE0028F9D02146104801F0C9
:1030400083FE00BF01210E4801F0D1FE0028F9D017
:103050000B4801F07BFEC0B210BD10B5102107482F
:1030600001F0D5FC10BD10B51021044801F0D1FCD1
:1030700010BD0000000230000000014000080140C7
:103080000030014010B588B004460121880301F0EA
:1030900001F80121084600F0FDFF0121042000F0A5
:1030A000F9FF4FF40070ADF8040003208DF806001E
:1030B00018208DF8070001A9A64801F0FBFB4FF48A
:1030C0008060ADF8040003208DF8060004208DF820
:1030D000070001A99F4801F0EDFB0121042001F048
:1030E000BAFC04940020ADF81400ADF81600ADF859
:1030F0001800ADF81C000C20ADF81A000020ADF847
:103100000800ADF80A004FF40070ADF80C00002084
:10311000ADF80E0004A9904802F0F1FD02A98E4816
:1031200002F062FE012240F225518B4802F07FFE40
:103130000121894802F06FFE25208DF8000005204E
:103140008DF8010001208DF802008DF8030068461B
:1031500001F009F808B010BD08B57F4802F08CFDF9
:10316000002240F225517C4802F061FE25208DF8B6
:10317000000000208DF80300684600F0F4FF08BD51
:1031800010B50821744802F021FF10B1724802F016
:10319000B3FE7148008800F08000F0B16E480C303A
:1031A000008800F08000C0B16C4801780078401CB5
:1031B0006A4A10706A48405C6749091D08801046D9
:1031C000007868490978884207D163480C30008844
:1031D00020F0800060490C3108805F48008800F0D2
:1031E000200000286DD05C48001D0088C4B25E48F5
:1031F000007838B9AA2C05D101205B4908705B48DA
:1032000004705DE058480078012807D1AA2C05D148
:103210000220554908705548447051E052480078E2
:10322000022807D1F12C05DC03204F4908704F48D4
:10323000847045E04C48007803280CD1FF2C0ADA52
:103240000420494908704948C47049480470002066
:103250004849087034E044480078042819D14448AB
:103260000078002815DD42480078401E404908706B
:10327000404800783F490978491C3E4A1170001DBA
:103280003A490C543A480078D0B9052036490870BC
:1032900016E03548007805280FD100203249087023
:1032A00034480078001D31490C5432480078401DE4
:1032B000C1B22E48FFF732FD02E000202A49087013
:1032C00000BF10BD10B50446264801780078401CA8
:1032D000244A107022484454012240F227711E48AB
:1032E00002F0A5FD10BD10B504460FE020780D28B2
:1032F00002D1FFF7E7FF08E020780A2802D1FFF7A4
:10330000E1FF02E02078FFF7DDFF641C2078002851
:10331000ECD110BD70B504460D4600200AE0225CD9
:1033200010490B780978491C0E4E31700C49CA546B
:10333000411CC8B2A842F2DB07480C30008800F0FC
:10334000800028B9012240F22771034802F06FFD86
:1033500070BD0000000801400038014061000020FD
:103360004407002062000020630000204408002081
:10337000640000206500002008B50121084600F027
:103380007CFE01214FF4037000F084FE0F20ADF8A5
:10339000000000208DF803006946534801F08AFAC6
:1033A0000120ADF8000000208DF8030069464F4869
:1033B00001F080FA08BD00B591B04D4803F088F8DF
:1033C0004C4806904C48079000200890092009902E
:1033D00000200A9080200B9040000C9080000D90FF
:1033E00020200E9000020F900020109006A9404867
:1033F00003F010F901213E4803F037F93D484C38FD
:1034000002F03EFE012003F01FF800200190012091
:103410008DF808008DF809004FF46020039000201B
:10342000049009208DF8140001A932484C3802F0AC
:103430004EFE4FF4004000F091FD062301220021D2
:103440002C484C3802F0DBFE0623022201212948D9
:103450004C3802F0D4FE06230322022125484C38C2
:1034600002F0CDFE07230422032122484C3802F04B
:10347000C6FE0623082211461E484C3802F0BFFE45
:103480000723092211211B484C3802F0B8FE012104
:1034900018484C3802F052FE012116484C3802F010
:1034A00042FE14484C3802F060FE00BF11484C3810
:1034B00002F060FE0028F9D10E484C3802F064FE9C
:1034C00000BF0C484C3802F064FE0028F9D10121FD
:1034D00008484C3802F067FE11B000BD10B5FFF788
:1034E0004BFFFFF768FF10BD00080140000C0140D2
:1034F000080002404C2401404409002010B504F0AB
:10350000DDFC04F0C9FC04F0AFFC03F09BFE0020DE
:103510007B49087004F0FDFC6420FFF7AAFA012043
:1035200004F0F7FC10BD70B5024600200AE0145C00
:10353000744B1D781B785B1C724E3370724B5C555C
:10354000431CD8B28842F2DB70BD10B56D480078DC
:103550006E490978884263DD6A4800786B490978CA
:10356000401A3F281FDB0020694908703F20694945
:10357000087000200BE065490A780978491C634B04
:10358000197061498A5C634B411C5A54C8B23F2888
:10359000F1DB40224FF48C715E4804F05BF80220AE
:1035A00004F038F9ABE05A480078401C58490870DC
:1035B00008460078584909788842F3D100205449D8
:1035C00008705048007851490978401A51490870EC
:1035D000002015E04B4909784C4A1278891A81423B
:1035E00008DD4A4909780144474A525C494B411C6D
:1035F0005A5403E00022474B411C5A54411CC8B2A4
:103600003F28E7DB3F4800784049087040224FF4EC
:103610008C71404804F01EF8022004F0FBF86EE0C4
:103620003848007839490978884268DA374800789C
:10363000C0F580703349097808443F281FDB00201B
:10364000334908703F203349087000200BE02F49B0
:103650000A780978491C2D4B19702B498A5C2D4B2F
:10366000411C5A54C8B23F28F1DB40224FF48C7100
:10367000284803F0EFFF022004F0CCF83FE0244894
:103680000078401C224908700846007822490978D1
:10369000884234D100201E4908701C4800784042FE
:1036A0001849097808441B490870002018E0174998
:1036B0000978C1F58071134A12781144814209DDFD
:1036C000124909780144C9B20F4A525C114B411C9E
:1036D0005A5403E000220F4B411C5A54411CC8B2FB
:1036E0003F28E4DB074800780849087040224FF47F
:1036F0008C71084803F0AEFF022004F08BF810BD77
:10370000DA000020680000209609002067000020F1
:1037100069000020B40A00206600002018B50246A7
:10372000002016E04B1E441CA3420ADB244BC35A64
:1037300000939DF8003013549DF80140431CD4546D
:1037400005E01F4BC35A00939DF800301354831CAF
:1037500098B28842E6DB012018BD2DE9F04105460C
:103760000E4600F088FD164800F0CAFD8046B8F10C
:10377000040F02D00020BDE8F08100241BE0701E81
:10378000611C884206DB295D601C285C01EB00207F
:1037900087B203E0285D00F57F4087B208496018D2
:1037A000394600F0B0FE8046B8F1040F01D0002089
:1037B000E1E7A01C84B2B442E1DB0120DBE70000BA
:1037C0000000010808B50121092000F063FC012177
:1037D000E74801F040F90121E64801F03CF940F6E4
:1037E000FC10ADF8000048208DF8030003208DF890
:1037F00002006946E04801F05DF84FF40060DF49DF
:1038000048808880C88008BD10B50020DC49C88188
:10381000D9480830006800F0800028B90846B0F99F
:103820000E0040F00100C881D3480830006800F461
:10383000807030B9D248B0F90E0040F00200D04993
:10384000C881CF48807B00F00100A8B1CD48007846
:10385000401CCC49087008460078C82804D10120D3
:10386000C9490870FFF79CF9C6480078FA2825DB9B
:10387000FA20C449087021E0C248007802281ADB07
:10388000C0480078642816DCC0480078012812D1AE
:10389000BF490870BD488078401CBC498870084604
:1038A0008078022804DC0846807B00F0400010B1DC
:1038B0000020B64988700020B2490870B048807B6B
:1038C00000F00200A8B1B3480078401CB14908706C
:1038D00008460078C82804D10120AF494870FFF796
:1038E0005FF9AC480078FA2818DBFA20A94908707B
:1038F00014E0A848007802280DDBA6480078642868
:1039000009DC9F48B0F90A0080F487609C4948812F
:1039100001209F49087000209E4908709C4800784B
:10392000012815D18102944801F073F89B48007872
:10393000401C9A49087008460078052808DD0020D8
:103940000870934908704FF480618B4801F05FF86C
:1039500010BD10B54FF40071874801F058F8904839
:10396000007820B101281FD002281CD128E08D4802
:1039700000688D490968401A0A2814D97E48083021
:10398000006840F67C010840884202D10120844949
:1039900008704FF48061784801F039F84FF40071F5
:1039A000754801F036F894E073480830006840F636
:1039B0007C010840884202D002207949087088E0E2
:1039C0006D480830006800F0400068B972484088CF
:1039D0000A3871494880084640888989884266D1FA
:1039E00001207249087062E063480830006800F006
:1039F000100068B9684840880A306749488008461E
:103A000040888989884252D10120684908704EE077
:103A100059480830006800F0200068B95E48808886
:103A20000A305D49888008468088C98988423ED12D
:103A300001205E4908703AE04F480830006800F005
:103A4000080068B9544880880A3853498880084675
:103A50008088C98988422AD101205449087026E00B
:103A600045480830006800F0040068B94A480089F9
:103A70000A304949088108460089098A884216D1D6
:103A800001204A49087012E03B480830006800F401
:103A9000006060B9404800890A383F4908810846FB
:103AA0000089098A884202D101204049087000201B
:103AB0003B4908704FF480612F4800F0AAFF4FF493
:103AC00000712D4800F0A3FF3648006836490860B1
:103AD00000BF00BF35480078F0B335480068401C8F
:103AE0003349086008460068012807D00846006886
:103AF000142803D00846006828280AD14FF48061B2
:103B00001D4800F086FF4FF400711B4800F07FFF56
:103B10002CE0274800680A2803D9254800681428A3
:103B20000FD3234800681E2803D92148006828289D
:103B300007D31F480068322818D91D4800683D285F
:103B400014D24FF480610C4800F061FF4FF4007113
:103B5000094800F05EFF00E008E0154800683C28D6
:103B600004D10020114908701149086010BD0000FF
:103B70000004300000023000000C0140C0010020B1
:103B8000CA0100206E0000205B000020E406002037
:103B9000700000206F000020D20200207100002081
:103BA00072000020480000207400002073000020F4
:103BB000780000200648804706480047FEE7FEE7F9
:103BC000FEE7FEE7FEE7FEE7FEE7FEE7FEE7FEE7CD
:103BD000B73C0008ED0000080CB5002001900090F3
:103BE0006C48006840F480306A49086000BF69484A
:103BF000006800F4003000900198401C019000988B
:103C000018B90198B0F5A06FF1D16248006800F4CE
:103C1000003010B10120009001E0002000900098D9
:103C2000012843D15C48006840F010005A49086000
:103C30000846006820F0030008600846006840F06D
:103C4000020008605348406852494860084640688E
:103C500048600846406840F4806048600846406814
:103C600020F47C1048600846406840F4E810486042
:103C70000846006840F08070086000BF4548006852
:103C800000F000700028F9D04248406820F003009E
:103C9000404948600846406840F00200486000BF64
:103CA0003C48406800F00C000828F9D10CBD10B564
:103CB000FFF792FF10BD10B53648006840F00100D4
:103CC0003449086008464068344908403149486032
:103CD00008460068324908402E49086008460068D6
:103CE00020F4802008600846406820F4FE00486008
:103CF0004FF41F008860FFF7DAFF4FF0006029499A
:103D0000086010BD10B5002100200022214B5B6827
:103D100003F00C0121B1042906D0082928D107E0BD
:103D2000214B224C236027E01F4B204C236023E0D3
:103D3000184B5B6803F47010164B5B6803F4803219
:103D4000022303EB904022B9194B4343174C2360E5
:103D50000DE0104B5B6803F4003323B1144B434375
:103D6000124C236003E0104B4343104C236003E0EC
:103D70000D4B0E4C236000BF00BF064B5B68C3F3C6
:103D800003130C4CE15C094B1B68CB40074C2360D0
:103D900010BD000000100240002002400000FFF8AB
:103DA000FFFFF6FE08ED00E000127A007C00002024
:103DB00000093D0080000020DF48006840F001005D
:103DC000DD49086008464068DC490840DA49486037
:103DD00008460068DA490840D74908600846006884
:103DE00020F4802008600846406820F4FE00486007
:103DF0004FF41F0088607047CF49096821F4803173
:103E0000CD4A11601146096821F480211160B0F596
:103E1000803F03D0B0F5802F0ED106E0C649096877
:103E200041F48031C44A116007E0C349096841F494
:103E3000A021C14A116000E000BF00BF704710B56B
:103E400001460022002300204A11012A02D1BA4C67
:103E5000236806E0022A02D1B74C236A01E0B64C7F
:103E6000636A01F01F02012494401C400CB1012040
:103E700000E0002010BD38B500200090002400258F
:103E800000BF3120FFF7DBFF05460098401C009083
:103E90000098B0F5A06F01D0002DF2D03120FFF7CF
:103EA000CEFF08B1012400E00024204638BD0146C1
:103EB0000020A14A106820F0F80040EAC10010601C
:103EC0007047A04908607047024600209A4B586826
:103ED00020F47C1042EA01031843974B5860704766
:103EE00098490866704701460020934A506820F0C0
:103EF00003000843506070478F48406800F00C0092
:103F00007047014600208C4A506820F0F0000843BA
:103F10005060704701460020874A506820F4E060F6
:103F200008435060704701460020834A506820F4DF
:103F3000605040EAC1005060704729B17E4A527A11
:103F400002437D4B5A7204E07B4A527A82437A4B99
:103F50005A7270477B49D83108607047014600208B
:103F6000754A506820F44040084350607047002173
:103F7000714A20321170704A82F82010012802D054
:103F800004280AD104E001216B4A2032117005E0B7
:103F90000521694A2032117000E000BF00BF704760
:103FA0006949086070476449096A0143624A1162BD
:103FB0007047654944390860704730B500210022D8
:103FC000002400235C4D6D6805F00C0121B104292B
:103FD00005D0082923D105E05C4D056022E05B4D4A
:103FE00005601FE0544D6D6805F47012524D6D6808
:103FF00005F48034022505EB92421CB9544D55431B
:1040000005600BE04C4D6D6805F400351DB1504D59
:104010005543056002E04D4D5543056002E04B4DB0
:10402000056000BF00BF444D6D6805F0F00109094F
:10403000484D6B5C0568DD4045603F4D6D6805F49B
:10404000E061090A434D6B5C4568DD4085603A4D8F
:104050006D6805F46051C90A3E4D6B5C4568DD40F2
:10406000C560354D6D6805F44041890B3A4D6B5C78
:10407000C568B5FBF3F5056130BD29B12E4A52691B
:1040800002432D4B5A6104E02B4A526982432A4B6A
:104090005A61704729B1284A92690243264B9A61B6
:1040A00004E0254A92698243234B9A61704729B103
:1040B000214AD2690243204BDA6104E01E4AD269E8
:1040C00082431D4BDA61704729B11B4AD268024313
:1040D000194BDA6004E0184AD2688243164BDA6062
:1040E000704729B1144A12690243134B1A6104E064
:1040F000114A12698243104B1A61704712494039C4
:10410000086070470F49C86470470B49C871704711
:104110000948406A40F0807007494862704701468C
:104120000020054A92680A400AB1012000E0002000
:104130007047014988727047001002400000FFF884
:10414000FFFFF6FE000042428004424200127A0065
:1041500000093D0090000020A000002031490143EB
:10416000314A1160704770B5002100230F22C478D6
:1041700004B32D4C246804F4E064C4F5E064210A1F
:10418000C1F10403CA40447804FA03F1847814406E
:1041900021430901254C0678A155047804F01F0538
:1041A0000124AC4005786D11AD0005F1E025C5F89E
:1041B000004109E0047804F01F050124AC401C4DC7
:1041C0000678761145F8264070BD1A4A0A40024327
:1041D000154B1B1F1A60704739B1134A121D126824
:1041E0000243114B1B1D1A6006E00F4A121D126894
:1041F00082430D4B1B1D1A607047042808D14FF0F5
:10420000E021096941F004014FF0E022116107E06B
:104210004FF0E021096921F004014FF0E022116123
:10422000704700000000FA050CED00E000E400E03B
:1042300080E100E080FFFF1F01460020FE4A106879
:1042400000F03800084310607047FB49096821F00E
:104250000801F94A1160114609680143116070476D
:10426000F549096821F01001F34A11601146096807
:10427000014311607047F148EF494860F0484860D9
:104280007047EE48EC494860ED4848607047EA489E
:10429000006940F08000E84908617047E64800691D
:1042A00040F08000E449086170470420E249C96891
:1042B00001F0010109B101200EE0DF49C96801F0F8
:1042C000040109B1022007E0DB49C96801F01001CF
:1042D00009B1032000E00420704700B50246042322
:1042E000FFF7E3FF034603E0FFF7DFFF0346521E3D
:1042F000012B01D1002AF7D102B90523184600BDD0
:1043000030B5044604254FF43020FFF7E6FF05469C
:10431000042D17D1C848006940F00200C649086161
:1043200008464461006940F0400008614FF43020C5
:10433000FFF7D3FF0546C048006941F6FD7108400C
:10434000BD490861284630BD10B504244FF4302023
:10435000FFF7C3FF0446042C16D1B748006940F0AC
:104360000400B54908610846006940F04000086152
:104370004FF43020FFF7B1FF0446AF48006941F623
:10438000FB710840AC490861204610BD00B50246EB
:104390000423FFF78AFF034603E0FFF786FF034687
:1043A000521E012B01D1002AF7D102B9052318466C
:1043B00000BD10B504244FF43020FFF7E7FF04469A
:1043C000042C16D19C48006940F004009A49086109
:1043D0000846006940F0400008614FF43020FFF7C4
:1043E000D5FF04469448006941F6FB7108409249A4
:1043F0000861204610BD00208F49C96901F0020103
:1044000009B1012000E00020704730B5A525042443
:10441000FFF7F1FF00B100254FF43020FFF75DFFFB
:104420000446042C3AD185488349886084488860D2
:104430000846006940F0200008610846006940F025
:10444000400008614FF43020FFF747FF0446042C7A
:104450001BD17948006941F6DF710840764908614F
:104460000846006940F01000086176480580E002C7
:10447000FFF733FF0446052C10D06F48006941F662
:10448000EF7108406C49086108E0052C06D06A48C5
:10449000006941F6EF71084067490861204630BD68
:1044A00078B506460C46042500200090E802FFF788
:1044B00014FF0546042D24D15F48006940F0010037
:1044C0005D4908613480E802FFF707FF0546042DC7
:1044D00010D1B01C0090200C00990880E802FFF772
:1044E000FCFE05465448006941F6FE7108405249F9
:1044F000086106E05048006941F6FE7108404E49E7
:104500000861284678BD70B504460D460426F002C1
:10451000FFF7E3FE0646042E11D14748006940F03C
:104520000100454908612580F002FFF7D6FE0646E6
:104530004148006941F6FE7108403F490861304634
:1045400070BD70B505460E460424E002FFF7C5FEB7
:104550000446042C17D139483749886038488860A8
:104560000846006940F0100008612E80E002FFF765
:10457000B4FE0446052C06D02F48006941F6EF71C1
:1045800008402D490861204670BD2DE9F0430446DE
:104590004FF6FF763746B046B1460425E443E6B20F
:1045A000C4F30727C4F307484FEA1469E802FFF78A
:1045B00094FE0546042D49D120481F4988602048B3
:1045C00088600846006940F010000861FF2E06D0A0
:1045D0001C4808300680E802FFF77FFE0546042DE0
:1045E00008D1FF2F06D017480A300780E802FFF7EE
:1045F00074FE0546042D0AD1B8F1FF0F07D011480B
:104600000C30A0F80080E802FFF767FE0546042D95
:104610000AD1B9F1FF0F07D00A480E30A0F8009078
:10462000E802FFF75AFE0546052D0FD00248006943
:1046300041F6EF71084007E0002002402301674582
:10464000AB89EFCD00F8FF1F664908612846BDE839
:10465000F08330B5054604244FF43020FFF73DFECB
:104660000446042C41D160485E4988605F488860F8
:104670000846006940F0200008610846006940F0E3
:10468000400008614FF43020FFF727FE0446042C59
:1046900022D15448006941F6DF7108405149086150
:1046A0000846006940F0100008611DB10020504923
:1046B000088002E0A5204E4908804FF43020FFF723
:1046C0000CFE0446052C10D04648006941F6EF71F7
:1046D00008404449086108E0052C06D041480069BB
:1046E00041F6DF7108403F490861204630BDF0B512
:1046F00005460E46174604243B483A4988603B4825
:104700008860E002FFF7E9FD0446042C19D1354822
:10471000006940F010003349086147F0F800304369
:1047200028433349891C0880E002FFF7D6FD044680
:10473000052C06D02B48006941F6EF710840294945
:1047400008612046F0BD2748C069800870472548A9
:10475000006A704700202349096801F0200109B16F
:10476000012000E00020704729B11E4A126902436F
:104770001C4B1A6104E01B4A12698243194B1A61EF
:10478000704701460020012908D1164AD26902F07B
:1047900001020AB1012008E0002006E0114AD268B7
:1047A0000A400AB1012000E0002070470D49C860AE
:1047B000704704200B49C96801F0010109B10120CB
:1047C0000EE00849C96801F0040109B1022007E0C0
:1047D0000449C96801F0100109B1032000E0042078
:1047E000704700000020024023016745AB89EFCDF0
:1047F00000F8FF1F10B50446CC48844208D10121BF
:104800000420FFF761FC00210420FFF75DFC46E077
:10481000C748844208D101210820FFF755FC002138
:104820000820FFF751FC3AE0C248844208D1012138
:104830001020FFF749FC00211020FFF745FC2EE077
:10484000BD48844208D101212020FFF73DFC002112
:104850002020FFF739FC22E0B848844208D101212A
:104860004020FFF731FC00214020FFF72DFC16E02F
:10487000B348844208D101218020FFF725FC0021A4
:104880008020FFF721FC0AE0AE48844207D10121D5
:104890008015FFF719FC0021A015FFF715FC10BDCE
:1048A00010B501210846FFF70FFC00210120FFF79A
:1048B0000BFC10BD2DE9F04102460025002600202A
:1048C00000230024002791F803C00CF00F0591F895
:1048D00003C00CF0100CBCF1000F03D091F802C023
:1048E0004CEA050591F800C0BCF1000F31D0146806
:1048F00000202BE04FF0010C0CFA00F3B1F800C0DF
:104900000CEA03069E4220D183004FF00F0C0CFAF4
:1049100003F7BC4305FA03FC4CEA040491F803C016
:10492000BCF1280F06D14FF0010C0CFA00FCC2F8C4
:1049300014C00AE091F803C0BCF1480F05D14FF054
:10494000010C0CFA00FCC2F810C0401C0828D1D39E
:104950001460B1F800C0BCF1FF0F34DD54680020D2
:104960002EE000F1080C4FF0010808FA0CF3B1F842
:1049700000C00CEA03069E4221D183004FF00F0CC9
:104980000CFA03F7BC4305FA03FC4CEA040491F863
:1049900003C0BCF1280F05D100F1080C08FA0CF88F
:1049A000C2F8148091F803C0BCF1480F07D100F1A0
:1049B000080C4FF0010808FA0CF8C2F81080401CEF
:1049C0000828CED35460BDE8F0814FF6FF71018016
:1049D000022181700421C170704702460020936853
:1049E0000B400BB1012000E00020704701468868B1
:1049F00080B2704702460020D3680B400BB1012003
:104A000000E0002070470146C86880B2704701612D
:104A10007047416170470AB1016100E04161704730
:104A2000C16070474FF480320A43826181618261C4
:104A300082698269704702460020434B18684FF62E
:104A40008073184040EA021008433F4B18607047DB
:104A50003E49C8617047F0B50A4600230024002192
:104A6000002500F00046B6F1004F02D1364EF16944
:104A700001E0354E7168C0F3034583B200F440167F
:104A8000B6F5401F08D121F070612F4E766826F0F0
:104A900070662D4F7E6012E000F48016B6F5801F20
:104AA00006D1032606FA05F4A14341F0706106E041
:104AB000460D360103FA06F6B14341F0706122B1AA
:104AC000460D360103FA06F6314300F00046B6F112
:104AD000004F02D11C4EF16101E01B4E7160F0BD30
:104AE00030B500228B071C0F0F2303FA04F2164B7C
:104AF00008338C1053F824309343134C08348D1032
:104B000044F8253023468C1053F824308C07240FAA
:104B100000FA04F423430C4C08348D1044F825307B
:104B200030BD0A49DC3108607047000000080140D0
:104B3000000C014000100140001401400018014029
:104B4000001C014000200140000001400000204204
:104B500010B50446BE48844208D101218014FFF7F5
:104B6000B3FA0021A014FFF7AFFA16E0B948844267
:104B700008D101210014FFF7B4FA00212014FFF737
:104B8000B0FA0AE0B448844207D10121C013FFF70C
:104B9000A8FA0021E013FFF7A4FA10BD10B5002217
:104BA000028802F441520B884C8823438C882343AB
:104BB000CC8823430C8923434C8923438C8923438A
:104BC000CC8923431A430280838B4FF2FF74234026
:104BD00083830B8A038210BD2DE9F04F85B0054613
:104BE0000C464FF0000902274FF000084FF0010B70
:104BF0000026B246A88B4FF240010840A88302204D
:104C00002884B5F81C90A068022801D100BF38E0C4
:104C1000A08810B94FF0010B01E04FF0020B8D4856
:104C2000854200D100E000BF6846FFF7C6F9DDF815
:104C300000A0E088B0F5007F0AD14FEA1A2000EB0F
:104C400080004000A168B0FBF1F0401D86B20BE08F
:104C50004FEA4B10BAFBF0F000EB80004000A16877
:104C6000B0FBF1F0401D86B20A20B6FBF0F606F06C
:104C70000108A6EB0800C0F34F074FF6FF7000EAEB
:104C80000828022F01DBFF2F02DD02274FF000086A
:104C9000E08840EA080038432884A088A1890843B6
:104CA000618808432188084340F4006040EA09090C
:104CB000A5F81C9005B0BDE8F08F0021018041806F
:104CC0008180C180018141818181C181072101826F
:104CD00070470021018041808180C1800221816074
:104CE00000218181704721B1028842F04002028098
:104CF00004E002884FF6BF731A400280704721B16A
:104D0000828B42F48062828304E0828B4FF6FF3311
:104D10001A408283704730B5002400230C1101250E
:104D2000A540ABB21AB185881D43858002E0858815
:104D30009D43858030BD1AB183880B43838002E098
:104D400083888B43838070478181704701468889BF
:104D500070474FF6FF62914204D0028842F480729D
:104D6000028004E002884FF6FF631A400280704719
:104D700021B1828842F00402828004E082884FF6EA
:104D8000FB731A408280704702884FF2FF731A400B
:104D9000028002880A4302807047018841F48051F2
:104DA0000180704721B1028842F40052028004E081
:104DB00002884DF6FF731A400280704702460020B9
:104DC000012901D0108B00E0908A70470146088AC3
:104DD0007047B1F5804F04D1028842F480420280CE
:104DE00004E002884BF6FF731A40028070470246C7
:104DF000002013890B400BB1012000E00020704718
:104E0000CA4302817047F0B5024600200024002307
:104E1000002501F00F070126BE40B4B20B11012698
:104E20009E40B3B2968806EA03051689264016B15D
:104E30000DB1012000E00020F0BD10B5002201F00E
:104E40000F040123A3409AB2D343038110BD000095
:104E50000030014000380040003C004010B50446DE
:104E6000FE48844208D10121C014FFF72DF900212A
:104E7000E014FFF729F9C4E0B4F1804F08D1012113
:104E80000846FFF72EF900210120FFF72AF9B8E0C4
:104E9000F348844208D101210220FFF722F90021C2
:104EA0000220FFF71EF9ACE0EE48844208D1012150
:104EB0000420FFF716F900210420FFF712F9A0E003
:104EC000E948844208D101210820FFF70AF90021AE
:104ED0000820FFF706F994E0E448844208D1012154
:104EE0001020FFF7FEF800211020FFF7FAF888E005
:104EF000DF48844208D101212020FFF7F2F8002189
:104F00002020FFF7EEF87CE0DA48844208D1012146
:104F10004014FFF7D9F800216014FFF7D5F870E0CE
:104F2000D548844209D10121C804FFF7CDF80021FA
:104F30004FF40020FFF7C8F863E0D048844209D15D
:104F400001210805FFF7C0F800214FF48010FFF79A
:104F5000BBF856E0CA48844209D101214805FFF751
:104F6000B3F800214FF40010FFF7AEF849E0C54850
:104F7000844208D101214020FFF7B3F800214020EE
:104F8000FFF7AFF83DE0C048844208D101218020FE
:104F9000FFF7A7F800218020FFF7A3F831E0BB4816
:104FA000844208D101218015FFF79BF80021A0154C
:104FB000FFF797F825E0B648844209D1012108049B
:104FC000FFF782F800214FF48030FFF77DF818E0FA
:104FD000B048844209D101214804FFF775F8002147
:104FE0004FF40030FFF770F80BE0AB48844208D173
:104FF00001218804FFF768F800214FF48020FFF7B3
:1050000063F810BD00220288944B98420ED0994B51
:1050100098420BD0B0F1804F08D0914B984205D008
:10502000904B984202D0904B984204D14FF68F7328
:105030001A404B881A438D4B984207D08C4B9842AC
:1050400004D04FF6FF431A40CB881A4302808B8866
:1050500083850B880385814B98420BD0854B984202
:1050600008D08B4B984205D08A4B984202D08A4B8D
:10507000984201D10B7A038601238382704770B571
:10508000002400220023058C4FF6FE76354005846F
:10509000028C8388048B4FF68F752C40B51E2C40F4
:1050A0000D882C43751E2A400D892A434D882A43BA
:1050B0006A4DA8420BD06F4DA84208D0744DA8424B
:1050C00005D0744DA84202D0734DA84213D14FF6BB
:1050D000F7752A404D892A434FF6FB752A408D8883
:1050E0002A434FF6FF652B404FF6FF552B408D8925
:1050F0002B43CD892B4383800483CD88858602840E
:1051000070BD70B5002400220023058C4FF6EF76A9
:1051100035400584028C8388048B48F6FF752C404B
:105120004FF6FF452C400D884FF6FF7606EA052521
:105130002C434FF6DF752A400D8906EA05152A43F0
:105140004D8806EA05152A43444DA84202D0494D30
:10515000A8421DD14FF67F752A404D894FF6FF7644
:1051600006EA05152A434FF6BF752A408D8806EAE0
:1051700005152A434FF6FF352B404FF2FF752B40A4
:105180008D8906EA85052B43CD8906EA85052B43E3
:1051900083800483CD880587028470BD70B50024A8
:1051A00000220023058C4FF6FF6635400584028CF3
:1051B0008388848B4FF68F752C404FF6FC752C40FE
:1051C0000D882C434FF6FF552A400D894FF6FF7688
:1051D00006EA05252A434D8806EA05252A431F4D80
:1051E000A84202D0234DA8421DD14FF2FF752A409C
:1051F0004D894FF6FF7606EA05252A434FF6FF351F
:105200002A408D8806EA05252A434EF6FF752B4075
:105210004DF6FF752B408D8906EA05152B43CD8988
:1052200006EA05152B4383808483CD888587028415
:1052300070BD70B5002200230024058C4EF6FF7669
:1052400035400584038C8488828B48F6FF752A409C
:105250004FF6FF452A400D8820E00000002C014059
:105260000004004000080040000C00400010004016
:105270000014004000340140004C01400050014047
:105280000054014000180040001C00400020004075
:105290000040014000440140004801404FF6FF76C5
:1052A00006EA05252A434DF6FF752B400D8906EACF
:1052B00005352B434D8806EA05352B43FA4DA842A8
:1052C00002D0FA4DA84208D14BF6FF752C408D89CB
:1052D0004FF6FF7606EA85152C4384808283CD88BD
:1052E000A0F84050038470BD828B4FF2FF331A4008
:1052F0008283828B4FF6FF7303EA01231A43828372
:105300007047F0B50C461546002200210026078C98
:105310004EF6FF7C07EA0C070784828B018C4FF660
:10532000FF7707EA043640F6FF473A404FF6FF772B
:1053300007EA05273A434FF6FF7707EA03373A4370
:10534000D94FB8420ED0D94FB8420BD0B0F1804FF0
:1053500008D0D74FB84205D0D64FB84202D0D64F6A
:10536000B84206D14DF6FF77394046F480573943AD
:1053700005E047F6FF57394044F4805739438283AC
:105380000184F0BD828B4FF6F3731A408283828BC7
:105390000A4382837047F0B50C461546002200216F
:1053A0000026078C4FF6FF6C07EA0C070784828BF8
:1053B000018C4FF6FF7707EA04264FF60C773A4048
:1053C0004FF6FF7707EA03172F433A43B64FB84229
:1053D0000ED0B64FB8420BD0B0F1804F08D0B44FCA
:1053E000B84205D0B34FB84202D0B34FB84206D14D
:1053F0004FF6FF57394046F48077394305E04FF2C6
:10540000FF57394044F48077394382830184F0BDEB
:10541000028B4FF2FF331A400283028B4FF6FF7369
:1054200003EA01231A4302837047F0B50C46154680
:10543000002200210026078C4FF6EF7C07EA0C07BC
:105440000784028B018C4FF6FF7707EA041640F6BB
:10545000FF473A404FF6FF7707EA03373A434FF6E4
:10546000FF7707EA05273A438F4FB8420ED08F4F98
:10547000B8420BD0B0F1804F08D08D4FB84205D064
:105480008C4FB84202D08C4FB84206D14FF6DF772E
:10549000394046F01007394305E04FF65F77394051
:1054A00044F01007394302830184F0BD028B4FF6AC
:1054B000F3731A400283028B0A4302837047F0B5EC
:1054C0000C46154600220021068C4FF6FE773E4022
:1054D0000684028B018C4FF60C7632407E1C06EA65
:1054E00003162E433243704EB0420ED06F4EB04280
:1054F0000BD0B0F1804F08D06D4EB04205D06D4E4C
:10550000B04202D06C4EB04206D14FF6FD7631402B
:1055100044F00106314305E04FF6F576314044F0A2
:105520000106314302830184F0BD70B505460C4687
:105530005D4885420ED05D4885420BD0B5F1804F65
:1055400008D05B48854205D05A48854202D05A4867
:10555000854200D100E000BF208850B92389A2888D
:1055600061882846FFF7ABFFE1882846FFF79EFFDA
:1055700025E0208804280AD12389A288618828464A
:10558000FFF753FFE1882846FFF742FF17E0208826
:1055900008280AD12389A28861882846FFF7FBFEE4
:1055A000E1882846FFF7EEFE09E02389A28861889A
:1055B0002846FFF7A6FEE1882846FFF795FE70BD56
:1055C0002DE9F04105460C4600260127608808B900
:1055D000022600E00026A088012801D1022700E071
:1055E00001272088A0B92389A28861882846FFF76F
:1055F00066FFE1882846FFF759FF23893A4631467E
:105600002846FFF712FFE1882846FFF701FF13E065
:105610002389A28861882846FFF707FFE18828468A
:10562000FFF7F6FE23893A4631462846FFF747FF43
:10563000E1882846FFF73AFFBDE8F0810A884B88E9
:105640001A438B881A43CB881A430B891A434B8918
:105650001A438B891A43A0F8442070474FF6FF7114
:10566000818000210180C18041800172704700214A
:10567000018041808180C180018141818181C1811E
:105680007047002101804180012181800021C1807B
:10569000018170470021018041808180C1800181AA
:1056A0004181818170470000002C0140003401409D
:1056B0000004004000080040000C004021B10288B6
:1056C00042F00102028004E002884FF6FE731A40A5
:1056D0000280704731B1B0F8442042F40042A0F893
:1056E000442005E0B0F84420C2F30E02A0F84420A4
:1056F00070471AB183890B43838102E083898B430E
:10570000838170478182704741EA0203A0F84830E4
:1057100070471AB183890B43838102E083898B43ED
:105720008381704701894FF6F872114001817047FB
:105730000A46002101894FF68F73194011430181F8
:10574000704730B504460D4629462046FFF7F0FF66
:10575000208940F00700208130BD2DE9F04104464A
:105760000D4616461F46602D06D13B4601223146A6
:105770002046FFF75AFE05E03B460122314620460F
:10578000FFF79DFE29462046FFF7D2FF208940F013
:1057900007002081BDE8F08130B50C460021018969
:1057A000C9B24FF6FF7505EA032515432543294382
:1057B000018130BD2DE9F04105460E461746984659
:1057C000002443463A4631462846FFF7E5FF2C8938
:1057D0004FF6F870044044F007044FF68F70044011
:1057E00044F070042C81BDE8F081F0B504460D460C
:1057F00016461F463B46324629462046FFF7CCFF59
:10580000208940F480402081F0BD0185828270476C
:105810000A46002101884FF68F7319401143018019
:105820007047F0B50C4615461E46002100220023A5
:105830000189028B038C4FF6F877394021434FF6EC
:10584000FC473A4040F201173A434FF6DD773B40C0
:105850004FF6FF7707EA06172F433B430181028388
:105860000384F0BD0A460021018B4FF68F73194067
:105870001143018370470A460021018B48F6FF73EC
:1058800019404FF6FF7303EA02231943018370475F
:105890000A460021818B4FF68F7319401143818393
:1058A00070470A460021818B48F6FF7319404FF676
:1058B000FF7303EA022319438183704721B10288F1
:1058C00042F08002028004E002884FF67F731A40A3
:1058D0000280704721B1828842F00402828004E095
:1058E00082884FF6FB731A408280704721B182880C
:1058F00042F00802828004E082884FF6F7731A4073
:105900008280704721B1828842F00102828004E0E7
:1059100082884FF6FE731A40828070470A46002143
:10592000018B4FF6F77319401143018370470A4604
:105930000021018B4FF2FF7319404FF6FF7303EA0A
:1059400002231943018370470A460021818B4FF6D9
:10595000F77319401143818370470A460021818BF8
:105960004FF2FF7319404FF6FF7303EA0223194306
:10597000818370470A460021018B4FF6FB73194063
:105980001143018370470A460021018B4FF6FF3314
:1059900019404FF6FF7303EA02231943018370474E
:1059A0000A460021818B4FF6FB7319401143818316
:1059B00070470A460021818B4FF6FF3319404FF69E
:1059C000FF7303EA02231943818370470A460021CB
:1059D000018B4FF67F7319401143018370470A46CC
:1059E0000021018BC1F30E014FF6FF7303EA02237E
:1059F0001943018370470A460021818B4FF67F735C
:105A000019401143818370470A460021818BC1F3FD
:105A10000E014FF6FF7303EA022319438183704797
:105A20000A460021018C4FF6FD7319401143018491
:105A300070470A460021018C4FF6F7731940114355
:105A4000018470470A460021018C4FF6DF7319402C
:105A50004FF6FF7303EA02131943018470470A46A5
:105A60000021018C4FF67F7319404FF6FF7303EA54
:105A700002131943018470470A460021018C4FF636
:105A8000FF5319404FF6FF7303EA022319430184C1
:105A900070470A460021018C4FF2FF7319404FF600
:105AA000FF7303EA02231943018470470A46002169
:105AB000018C4DF6FF7319404FF6FF7303EA023372
:105AC00019430184704730B5002301248C40A3B2F0
:105AD000048C9C430484048C02FA01F5ADB22C437F
:105AE000048430BD30B5002304248C40A3B2048C60
:105AF0009C430484048C02FA01F5ADB22C43048467
:105B000030BD70B50346002000241846183001252A
:105B10008D40ACB21D8CA5431D8409B1082909D163
:105B200000EB6100056825F0700505600568154308
:105B300005600EE00D1FC5F34E052844056825F4E9
:105B4000E045056005684FF6FF7606EA0226354314
:105B5000056070BD21B1028842F00202028004E0BB
:105B600002884FF6FD731A400280704721B1028807
:105B700042F00402028004E002884FF6FB731A40F0
:105B80000280704721B1828842F08002828004E066
:105B900082884FF67F731A408280704702884FF6E2
:105BA000F7731A40028002880A4302807047828895
:105BB0004FF68F731A40828082880A438280704732
:105BC00002894FF6F8731A40028102890A43028162
:105BD000704702894FF67F731A40028102890A4397
:105BE0000281704781847047818570478186704744
:105BF0000187704781877047A0F84010704702887E
:105C00004FF6FF431A40028002880A430280704721
:105C10000146888E70470146088F70470146888F7D
:105C200070470146B1F8400070470146888C7047C4
:105C30000146088D704702460020138A0B400BB1C5
:105C4000012000E000207047CA430282704730B54F
:105C50000246002000230024158A05EA01039589E5
:105C600005EA010413B10CB1012000E0002030BDB1
:105C7000CA4302827047000010B50446FB488442C4
:105C800009D101218803FEF71FFA00214FF480405B
:105C9000FEF71AFA32E0F648844209D1012148049D
:105CA000FEF71FFA00214FF40030FEF71AFA25E044
:105CB000F048844209D101218804FEF712FA00213C
:105CC0004FF48020FEF70DFA18E0EB48844209D12A
:105CD0000121C804FEF705FA00214FF40020FEF769
:105CE00000FA0BE0E548844208D101210805FEF7DF
:105CF000F8F900214FF48010FEF7F3F910BD2DE9FB
:105D0000F04786B005460E460024A24600BFA146D5
:105D10000027B08900B100BF2F462C8A4CF6FF70D7
:105D20000440F08804432C82AC894EF6F310044002
:105D3000B08831890843718908430443AC81AC8A37
:105D40004FF6FF400440B0890443AC8201A8FEF73F
:105D500034F9C648874202D1DDF810A001E0DDF831
:105D60000CA0A88900F4004040B10AEBCA0000EB87
:105D70000A1031684900B0FBF1F807E00AEBCA00ED
:105D800000EB0A1031688900B0FBF1F86420B8FB21
:105D9000F0F004012009642101FB1089A88900F4B6
:105DA000004040B1322000EBC900B0FBF1F000F040
:105DB0000700044308E0322000EB09106421B0FB27
:105DC000F1F000F00F0004432C8106B0BDE8F0872D
:105DD0004FF41651016000218180C18001810C21A6
:105DE000418100218181704710B502460020108A50
:105DF0004FF2FF0318400B884C8823438C882343C1
:105E0000CC8823431843108210BD002101804180BB
:105E10008180C180704721B1828942F40052828121
:105E200004E082894DF6FF731A4082817047F0B515
:105E30000346002400260025002040F66A17B942D8
:105E400000D100BF1846C1F3421401F01F0601271C
:105E500007FA06F5012C01D10C3004E0022C01D127
:105E6000103000E014301AB107682F43076002E0D9
:105E70000768AF430760F0BD1AB1838A0B43838282
:105E800002E0838A8B4383827047028A4FF6F07365
:105E90001A400282028A0A430282704782894FF2C4
:105EA000FF731A40828182890A438281704721B13F
:105EB000828942F00202828104E082894FF6FD73FA
:105EC0001A4082817047028A4FF6DF731A400282BD
:105ED000028A0A430282704721B1028A42F4804258
:105EE000028204E0028A4BF6FF731A400282704776
:105EF000C1F308028280704701468888C0F3080019
:105F00007047818941F0010181817047028BD2B2D3
:105F10000283028B42EA012202837047028B02F461
:105F20007F420283028B0A430283704721B1828A37
:105F300042F02002828204E0828A4FF6DF731A4028
:105F40008282704721B1828A42F01002828204E08C
:105F5000828A4FF6EF731A408282704721B1828A9B
:105F600042F00802828204E0828A4FF6F7731A40F8
:105F70008282704721B1828942F40042828103E02B
:105F80008289C2F30E028281704721B1828A42F473
:105F90000062828204E0828A4FF2FF731A4082829A
:105FA0007047828A4FF6FB731A408282828A0A43C4
:105FB0008282704721B1828A42F00202828204E02A
:105FC000828A4FF6FD731A40828270470246002093
:105FD000B1F5007F00D100BF13880B400BB1012049
:105FE00000E00020704701F40072B2F5007F00D19C
:105FF00000BFCA430280704770B5024600240023E8
:106000000025002040F66A16B14200D100BFC1F35E
:10601000421501F01F03012606FA03F3012D02D1F8
:106020009689334006E0022D02D1168A334001E002
:10603000968A33400C12012606FA04F4168834407E
:1060400013B10CB1012000E0002070BD10B500229A
:10605000002340F66A14A14200D100BF0A120124B5
:106060009440A3B2DC43048010BD0000003801401E
:106070000044004000480040004C004000500040F8
:1060800010B50446FA48844208D101214015FEF7B4
:106090001BF800216015FEF717F817E0F548844259
:1060A00008D101210015FEF70FF800212015FEF799
:1060B0000BF80BE0F048844208D10121C803FEF739
:1060C00003F800214FF40040FDF7FEFF10BD30B58E
:1060D0000246002000235068E84C20400D790C68EF
:1060E00044EA0524204350609068E54C2040D1E903
:1060F00002542C434D7944EA450420439060D06A11
:1061000020F470000C7C641EE4B2234340EA035088
:10611000D06230BD00210160017141718160C160B8
:1061200001210174704721B1826842F0010282604E
:1061300003E0826822F001028260704721B1826828
:1061400042F48072826003E0826822F4807282608E
:10615000704710B50023CBB21AB144681C434460A9
:1061600002E044689C43446010BD816841F008012E
:1061700081607047014600208A6802F008020AB177
:10618000012000E000207047816841F00401816037
:106190007047014600208A6802F004020AB101201B
:1061A00000E00020704721B1826842F4A0028260C2
:1061B00003E0826822F4A00282607047014600205A
:1061C0008A6802F480020AB1012000E000207047D2
:1061D00010B50A4600210023416821F46041531E96
:1061E00041EA4331416010BD21B1426842F400628E
:1061F000426003E0426822F4006242607047F0B5FA
:1062000004460D4600200021092D11DDE068A5F1AE
:106210000A0606EB4607072606FA07F18843A5F1AA
:106220000A0606EB460603FA06F10843E0600CE0B6
:10623000206905EB4507072606FA07F1884305EBB9
:10624000450603FA06F108432061072A0FDA606B5E
:10625000561E06EB86071F2606FA07F18843561ED0
:1062600006EB860605FA06F10843606322E00D2A74
:106270000FDA206BD61F06EB86071F2606FA07F1FA
:106280008843D61F06EB860605FA06F1084320630D
:1062900010E0E06AA2F10D0606EB86071F2606FA5B
:1062A00007F18843A2F10D0606EB860605FA06F112
:1062B0000843E062F0BD21B1826842F4801282603E
:1062C00003E0826822F48012826070470146C86C45
:1062D00080B2704766484C300068704721B1426810
:1062E00042F48062426003E0426822F480624260CD
:1062F000704721B1426842F48052426003E0426834
:1063000022F48052426070470A460021816821F4DD
:10631000E04111438160704721B1826842F400423C
:10632000826003E0826822F400428260704721B1FB
:10633000826842F40212826003E0826822F4021250
:1063400082607047014600208A6802F400120AB198
:10635000012000E000207047F0B5044615460020FB
:1063600000220026092911DDE068A1F10A0707EBE8
:10637000470C072707FA0CF29043A1F10A0707EB35
:10638000470703FA07F21043E0600CE0206901EBD5
:10639000410C072707FA0CF2904301EB410703FA7F
:1063A00007F210432061A06BC0F30156EF1C06F109
:1063B000010CA7EB0C0707EB870C1F2707FA0CF261
:1063C0009043EF1C06F1010CA7EB0C0707EB8707C6
:1063D00001FA07F21043A063F0BD10B50A46002190
:1063E0000023816B21F44011531E41EA0351816364
:1063F00010BD08B5002300930090009B0B44009350
:10640000009B1A6008BD08B502460020009000926B
:1064100001F12800009B184400900098006880B2A9
:1064200008BD0A4600214168164B194011434160DE
:1064300070474162826270470A460021416821F03C
:106440001F0111434160704740B109490831096893
:1064500041F40001064A0832116007E0044908319E
:10646000096821F40001024A0832116070470000F7
:106470000024014000280140003C0140FFFEF0FFE5
:10648000FDF7F1FFFFFD3FFF0246002013680B40C0
:106490000BB1012000E000207047CA430260704742
:1064A00070B502460020002300240B125568CEB2BE
:1064B00005EA060415681D4015B10CB1012000E085
:1064C000002070BD00220A12D34303607047000011
:1064D00001684FF6FE7211400160002101604160C9
:1064E0008160C1608D49884208D18C49083949686A
:1064F00041F00F01894A083A51608AE08749143116
:10650000884208D185490839496841F0F001834A39
:10651000083A51607DE081492831884208D17F499D
:106520000839496841F470617C4A083A516070E06A
:106530007A493C31884208D178490839496841F4A0
:106540007041764A083A516063E07449503188429C
:1065500008D172490839496841F470216F4A083AF4
:10656000516056E06D496431884208D16B49083961
:10657000496841F47001694A083A516049E0674945
:106580007831884208D165490839496841F070611D
:10659000624A083A51603CE06149884206D1011FD5
:1065A000096841F00F01021F116032E05C491431AB
:1065B000884208D15A49091F096841F0F001584A38
:1065C000121F116025E056492831884208D15449EC
:1065D000091F096841F47061514A121F116018E0E7
:1065E0004F493C31884208D14D49091F096841F49F
:1065F00070414B4A121F11600BE0494950318842EB
:1066000007D14749091F096841F47021444A121F04
:106610001160704710B50022026847F6F0739A4384
:106620000C6A8B6823430C6923434C6923438C69B0
:106630002343CC6923434C6A23438C6A23431A4384
:106640000260CB6843600B6883604B68C36010BD19
:106650000021016041608160C1600161416181612F
:10666000C161016241628162704721B1026842F0FA
:106670000102026004E002684FF6FE731A400260F5
:1066800070471AB103680B43036002E003688B4351
:1066900003607047416070470146486880B27047A8
:1066A00001460020002201F080531BB11C4B083B27
:1066B0001A6802E0194B083B1A6802EA01030BB1A1
:1066C000012000E00020704700F0805119B114490A
:1066D000091F086002E01149083948607047014607
:1066E0000020002201F080531BB10D4B083B1A68BB
:1066F00002E00A4B083B1A6802EA01030BB10120D1
:1067000000E00020704700F0805119B10449091FD2
:10671000086002E0014908394860704708000240FB
:106720000804024010B504462CB90120F949096853
:106730000882002010BDF849096808688047F548BC
:1067400000680A30F6E710B5F2480068C078F349EF
:106750004978884213DCEF480068807878B9ED48C2
:106760000068808858B9EB480068C078E949096832
:106770008872E949096848688047002010BD0220F6
:10678000FCE710B504462CB90120E24909680882EB
:10679000002010BDE049096888688047DD4800682E
:1067A0000C30F6E710B5DB4B1B68D978D94B1B686A
:1067B0005879DB4B1B689A6990470446D5480068B6
:1067C000807AE8B13CB9D3480068007918B9D1485B
:1067D0000068807808B1022010BD8CB9CE490968E4
:1067E000C8688047CB4800684079CA490968C872C0
:1067F000C8480068C078C749096808730020EBE7FB
:106800000220E9E710B504462CB90220C149096805
:106810000882002010BD0020C2490880BD480068E1
:10682000007800F07F00E0B9BA490968487A00F0C2
:10683000200129B1BB49097841F00201B94A117020
:1068400000F0400131B1B749097801F0FE01B54AC5
:10685000117005E0B349097841F00101B14A1170A6
:106860003AE0AC480068007800F07F00012801D1D0
:10687000AC48CFE7A7480068007800F07F00022806
:1068800028D1A44A1268517901F00F0001F080026A
:106890007AB1A54B03EB8002D2F8002C02F0300253
:1068A000102A16D19F4A127842F001029D4B1A70AD
:1068B0000FE09D4B03EB8002D2F8002C02F4405213
:1068C000B2F5805F05D1974A127842F00102954BEC
:1068D0001A7001E000209DE78F4909680869804728
:1068E000904897E72DE9F0478A480068007800F063
:1068F0007F08B8F1000F0AD186480068407A00F09E
:10690000DF008449096848720020BDE8F087B8F1CB
:10691000020F7DD17F480068408818B97D48006823
:10692000007908B10220F0E7DFF8F09179480068BB
:10693000477927F080052C4676480068407900F0BA
:10694000800038B1784901EB8400D0F8000C00F0E9
:10695000300606E0744901EB8400D0F8000C00F426
:10696000405699F80000A84204D91EB16948006851
:10697000807A08B90220C8E707F0800080B16A4930
:1069800001EB8400D0F8000C00F03000102843D157
:10699000E0B201F031F8E0B2302100F0DAFE3BE085
:1069A000614901EB8400D0F8000C00F44050B0F5D0
:1069B000805F31D1C4B95D4A92F82C10E0B201F089
:1069C000A6F8594A02EB8401D1F8001C4BF68F72ED
:1069D00001EA020080F4805080F40050524A02EB39
:1069E0008401C1F8000C17E0E0B200F0EEFF4E4A5F
:1069F00002EB8401D1F8001C4BF68F7201EA020011
:106A000080F4805080F40050474A02EB840100E09B
:106A100008E0C1F8000C00BF3F4909684869804799
:106A2000002072E700BF02206FE72DE9F0413948EE
:106A30000068467926F080073C4636480068407971
:106A400000F0800038B1384901EB8400D0F8000C28
:106A500000F0300506E0344901EB8400D0F8000C6A
:106A600000F440552D480078A04208D92948006814
:106A7000408820B91DB127480068807A10B90220EB
:106A8000BDE8F08106F0800080B1274A02EB840166
:106A9000D1F8001C48F6BF7201EA020080F0100035
:106AA000214A02EB8401C1F8000C10E01E4A02EBFF
:106AB0008401D1F8001C4BF68F7201EA020080F4C9
:106AC0008050194A02EB8401C1F8000C00BF124942
:106AD0000968886980470020D2E710B50D48006832
:106AE000407A40F020000B49096848720A49096859
:106AF000C8698047002010BD10B5024605480068EF
:106B0000438AAAB98888C01A024C246820820020CF
:106B100010BD0000AC000020B80000201C010020C7
:106B2000B0000020A4000020005000402001002000
:106B300008681844ECE72DE9F041FE48006800F1D0
:106B400010042688A068C0B1BEB1A588B54200D99E
:106B50003546A8B2A168884707462088401B208098
:106B6000608828446080002000F0A3FF8046AAB21D
:106B70004146384600F088FD00BF208850B14FF4F0
:106B80004050ED4908800021084600F09EFF30206B
:106B9000EA4908802088A188884204DB0320E5496F
:106BA0000968087218E02088002804DD0520E14902
:106BB0000968087210E0208870B90620DD4909686C
:106BC00008720021DE48006880B2801CDD4A42F86D
:106BD00010103020D9490880BDE8F0812DE9F04738
:106BE000D448006800F110052E88D2480068077A62
:106BF000D6B9042F18D1D448007801280FD100212C
:106C0000CF48006880B2801CCE4A42F81010302075
:106C1000CA49088000BF0020CB49087003E007275D
:106C20001020C649088027E0AC88A64201D804207D
:106C300000E002200746B44200D93446A0B2A96859
:106C400088478046002000F029FF8146A2B24946CD
:106C5000404600F0FFFCA1B2002000F036FF28887B
:106C6000001B28806888204468803020B349088051
:106C70000002B149088000BFAE4909680F72BDE843
:106C8000F08770B50226AB4800684478A9480068D0
:106C9000007800F07F0000284AD1092C03D1FFF7CB
:106CA00052FD064665E0052C14D1A2480068C07864
:106CB0007F280BDC9F480068807838B99D480068C1
:106CC000808818B99B480068807A08B108256BE075
:106CD00000264EE0032C14D196480068C0780128A5
:106CE0000DD194480068808848B992480068407A7D
:106CF00000F0200018B1FFF7F0FE064639E002264A
:106D000037E0012C35D18B480068C07801280DD1BF
:106D100088480068808848B986480068407A00F052
:106D2000200018B1FFF7DEFD064622E0022620E033
:106D300080480068007800F07F00012805D10B2C06
:106D400017D1FFF72FFD064613E07A480068007858
:106D500000F07F0002280BD1012C03D1FFF7C2FD08
:106D6000064606E0032C04D1FFF75FFE064600E06E
:106D700002264EB1E0B2754A12685169884706464C
:106D8000032E01D109250FE00EB108250CE00625E0
:106D900000216B48006880B2801C6A4A42F81010DB
:106DA00030206649088000BF624909680D7270BDD5
:106DB0002DE9F84F5F48006845780027BA46062D50
:106DC0001BD15C480068007800F07F00002813D1D8
:106DD000584909688878012803D15C490968CF6956
:106DE0000AE0022803D1594909680F6A04E0032820
:106DF00002D1564909684F6A99E0002D67D14D4884
:106E000000684088002862D14A480068C08802288B
:106E10005DD1484800680079002858D1454800688D
:106E2000007800F07F0030B942480068808810B9CF
:106E3000AFF22F677BE03F480068007800F07F00EA
:106E4000012811D13B4909684879404909688A6994
:106E50000021904700286AD136480068807A0028CF
:106E600065D0AFF25F6762E032480068007800F0FA
:106E70007F0002285BD12F480068407900F00F06A0
:106E80002C480068407900F070092A480068407971
:106E900000F0800038B12E4901EB8600D0F8000CDC
:106EA00000F0300806E02A4901EB8600D0F8000C1B
:106EB00000F4405827480078B04238D9B9F1000FA3
:106EC00035D1B8F1000F32D0AFF2C7672FE0082DEF
:106ED00008D118480068007800F07F0038BBAFF296
:106EE000BB7724E00A2D22D112480068007800F018
:106EF0007F0001281BD10F480068807AB8B10D4887
:106F00000068408898B90B480068007978B909484A
:106F10000068C08801280AD10649096848790B49E8
:106F200009688A690021904708B9AFF2A977EFB1E3
:106F3000004811E0AC000020BC000020BE00002092
:106F4000505C004000600040A6000020B00000201F
:106F5000005000401C0100200068A0F812A0AE48BC
:106F6000006887610020B84700240FE0AA4A126831
:106F70005078AA4A1268116988470446032C05D143
:106F80000920A54909680872BDE8F88FA248006881
:106F9000008A4FF6FF71884204D109209E49096892
:106FA0000872F1E7022C03D09B480068008A20B9E0
:106FB0000820994909680872E6E797480068007850
:106FC00000F08000E0B394480068C08800909248C8
:106FD0000068008A0099884204D98F49009809689E
:106FE000088223E08C480068008A8B490968C988B8
:106FF00088421BDA88480068008A8849096891F845
:107000002C10884203DA0020854908700EE082487F
:107010000068008A8149096891F82C1090FBF1F210
:1070200001FB120010B901207D4908707B480068FF
:1070300090F82C10784800688182FFF7CFFD07E0B8
:10704000FFE7032074490968087200037549088046
:1070500000BF99E710B5744890F82C10002000F09C
:1070600056FD6D480068007A082805D140026D4938
:10707000088010206D49088067480068007A092858
:1070800001D1012010BD0020FCE708B56848006868
:1070900080B2001D674931F8100080B201EB40005A
:1070A00000905D480068007A09282FD00098007889
:1070B0005949096808700098401C009000980078B1
:1070C0005549096848700098401C00900098801C41
:1070D0000090009931F8020B009100F0B9FE4E4982
:1070E000096848800098801C0090009931F8020BD4
:1070F000009100F0ADFE4849096888800098801C26
:1071000000900098008844490968C88001204249DD
:107110000968087240480068C08810B9FFF7B1FDDF
:1071200001E0FFF745FEFFF795FF08BD30B50146CA
:10713000414B1A78002011E00306404C04EB9353B6
:10714000D3F8003C48F68F742340C4B223430406AE
:107150003A4D05EB9454C4F8003C401C9042EBD3EC
:1071600041F08003324C241F236030BD10B52A4803
:107170000068047A022C01D0042C05D1FFF72EFD03
:1071800025480068047A1CE0062C19D122480068C2
:10719000407805280ED120480068007800F07F0074
:1071A00040B91D490968C878FFF7C0FF244909683C
:1071B000086A80471949096888688047082400E000
:1071C0000824154909680C72FFF744FF10BD10B57B
:1071D00011480068047A032C01D0052C05D1FFF773
:1071E000AAFC0D480068047A0EE0072C05D10B4973
:1071F0000968C8688047082406E0022C01D0042CE6
:1072000001D1082400E00824034909680C72FFF743
:1072100021FF10BD70470000AC000020B00000202E
:10722000A6000020BC00002020010020BE0000209D
:10723000505C0040006000401C01002000500040F5
:10724000B800002010B50848084908600220096805
:107250000872074807490860074808490860054957
:1072600009680868804710BD980A0020AC0000201B
:1072700020010020B000002050010020B8000020B4
:1072800010B5002473E147F6FF70EA490860EA4848
:10729000008800F00F00E9490870084600780028CF
:1072A0007ED1E4484438006800F44050E449088046
:1072B000E0484438006800F03000E2490880DD49C9
:1072C000443909684BF68F7201EA020080F40050DD
:1072D000D84944390860096848F6BF7201EA0200DB
:1072E00080F02000D34944390860D348008800F07A
:1072F0001000002838D10846006848F60F71084091
:10730000CC4944390860FFF731FFCA49443909685C
:107310004BF68F7201EA0200C949098801F48051D5
:1073200009B180F48050C649098801F4005109B1BF
:1073300080F40050BF4944390860096848F6BF72BC
:1073400001EA0200BF49097801F0100109B180F09B
:107350001000BC49097801F0200109B180F020003B
:10736000B4494439086010BDB2484438006884B25A
:1073700004F08000D8B3AF484438006848F60F7175
:107380000840AC4944390860FFF7F0FEA949443988
:1073900009684BF68F7201EA0200A949098800E0EA
:1073A000A6E001F4805109B180F48050A449098815
:1073B00001F4005109B180F400509E49443908603D
:1073C000096848F6BF7201EA02009E49097801F097
:1073D000100109B180F010009A49097801F02001EC
:1073E00009B180F02000934944390860BBE7FFE70A
:1073F00004F40060D8B38F4844380068C0F30E002E
:1074000048F68F7108408B4944390860FFF73DFE0C
:107410008849443909684BF68F7201EA02008849AD
:10742000098801F4805109B180F4805084490988A9
:1074300001F4005109B180F400507E4944390860DC
:10744000096848F6BF7201EA02007E49097801F036
:10745000100109B180F010007A49097801F020018B
:1074600009B180F020007349443908607BE7FFE7E9
:1074700004F4004000287AD06E4844380068C0F315
:107480000E0048F68F7108406A4944390860FFF7DA
:107490009EFE6849443909684BF68F7201EA020082
:1074A0006749098801F4805109B180F4805064492A
:1074B000098801F4005109B180F400505D49443954
:1074C0000860096848F6BF7201EA02005D49097860
:1074D00001F0100109B180F010005A49097801F05B
:1074E000200109B180F020005249443908603AE790
:1074F00052480078544901EB8000D0F8000C84B267
:1075000004F40040C0B14D48007801EB8000D0F891
:10751000000CC0F30E0048F68F7108404749097807
:10752000494A02EB8101C1F8000C44490978491E1F
:10753000464A52F82100804704F08000B8B13F4825
:107540000078414901EB8000D0F8000C48F60F713B
:1075500008403A4909783C4A02EB8101C1F8000C25
:1075600036490978491E3A4A52F821008047314885
:10757000006880B23049088000F4004000287FF4A1
:1075800082AE00BFEFE610B5002449E047F6FF7079
:10759000284908602848008800F00F002749087033
:1075A00008460078284901EB8000D0F8000C84B22E
:1075B00004F40040C8B12148007801EB8000D0F805
:1075C000000CC0F30E0048F68F7108401B49097883
:1075D0001D4A02EB8101C1F8000C18490978491EC7
:1075E0001A4A52F8210080471AE004F08000B8B12E
:1075F00012480078144901EB8000D0F8000C48F6DE
:107600000F7108400D4909780F4A02EB8101C1F85A
:10761000000C0A490978491E0D4A52F8210080479A
:107620000448006880B20449088000F40040002843
:10763000ACD110BD445C0040DC000020A80000205C
:10764000BC000020BE00002000500040FC000020D4
:10765000E0000020F0B5144604F1010C4FEA6C077D
:10766000DFF848C00CEB41033D460AE00678401CB9
:1076700090F800C046EA0C2223F8022B9B1C401C09
:107680006D1E002DF2D1F0BDF0B5561C7510074EE1
:1076900006EB41042B4605E034F8047B20F8017B1F
:1076A000401C5B1E002BF7D1F0BD000000600040C5
:1076B000F74908607047F648006880B27047F4499F
:1076C000091D08607047F248001D006880B27047CD
:1076D000EF480830006880B27047ED490C3108600F
:1076E0007047EB480C30006880B270474FF6F87175
:1076F0000140E74A103211607047E54810300068D9
:1077000080B27047E34B03EB8002C2F8001C704765
:107710000146E04A02EB8100D0F8000C80B27047CD
:1077200010B5DC4B03EB8002D2F8002C48F68F1327
:107730001A400A43D74C04EB8003C3F8002C10BD59
:107740000146D44A02EB8100D0F8000C00F4C0607E
:10775000704710B5CF4C04EB8003D3F8003C48F6DB
:10776000BF7403EA040201F010030BB182F01002AF
:1077700001F020030BB182F02002C64C04EB800321
:10778000C3F8002C10BD10B5C24C04EB8003D3F835
:10779000003C4BF68F7403EA040201F480530BB1F2
:1077A00082F4805201F400530BB182F40052B94CC0
:1077B00004EB8003C3F8002C10BD30B503460C4623
:1077C0001846FFF7A5FF0546012C07D125F4805088
:1077D000B04A02EB8301C1F8000C08E0022C06D18C
:1077E00025F01000AB4A02EB8301C1F8000C30BD5C
:1077F0000146A84A02EB8100D0F8000C00F03000EE
:1078000070470146A34A02EB8100D0F8000C00F457
:10781000405070479F4B03EB8002D2F8002C48F693
:10782000BF7302EA030181F0100181F02001994B3E
:1078300003EB8002C2F8001C7047964B03EB8002FA
:10784000D2F8002C4BF68F7302EA030181F48051C9
:1078500081F400518F4B03EB8002C2F8001C70478B
:107860008C4A02EB8001D1F8001C41F4807148F68B
:107870008F721140874B03EB8002C2F8001C7047E7
:10788000844A02EB8001D1F8001C48F68F62114057
:10789000804B03EB8002C2F8001C70477D4A02EB6C
:1078A0008001D1F8001C48F68F621140794B03EB40
:1078B0008002C2F8001C7047764A02EB8001D1F8C2
:1078C000001C41F4807148F68F721140714B03EB3C
:1078D0008002C2F8001C70476E4A02EB8001D1F8AA
:1078E000001C41F4807148F68F721140694B03EB24
:1078F0008002C2F8001C7047664A02EB8001D1F892
:10790000001C48F68F621140624B03EB8002C2F804
:10791000001C704701465F4A02EB8100D0F8000C62
:1079200000F03000102801D1012070470020FCE752
:107930000146584A02EB8100D0F8000C00F4405098
:10794000B0F5805F01D1012070470020FCE7514A6B
:1079500002EB8001D1F8001CC1F30E0148F68F72D2
:1079600011404C4B03EB8002C2F8001C7047494A9F
:1079700002EB8001D1F8001C48F60F721140454B14
:1079800003EB8002C2F8001C7047424A02EB800100
:10799000D1F8001C48F68F72114041F480413D4BF4
:1079A00003EB8002C2F8001C70473A4A02EB8001E8
:1079B000D1F8001C48F68F72114041F04001354B60
:1079C00003EB8002C2F8001C7047324A02EB8001D0
:1079D000D1F8001C01F4804169B102EB8001D1F8BB
:1079E000001C48F68F72114041F48041294B03EB93
:1079F0008002C2F8001C7047264A02EB8001D1F8D1
:107A0000001C01F0400169B102EB8001D1F8001CBB
:107A100048F68F72114041F040011E4B03EB80028B
:107A2000C2F8001C704710B51A4B03EB8002D2F865
:107A3000002C48F68F731A400A43164C04EB80035F
:107A4000C3F8002C10BD0146124A02EB8100D0F8A9
:107A5000000C00F00F00704710B54A1052000C4B9C
:107A600010331B689BB203EBC0030B4C44F813208C
:107A700010BD10B54A105300054A1032126892B278
:107A800002EBC002121D044C44F8123010BD00007D
:107A9000405C004000500040006000400146EF485C
:107AA000006880B200EBC100ED4A32F8100080B2ED
:107AB00070470146E948006880B200EBC100001D34
:107AC000E74A32F8100080B27047E44A126892B276
:107AD00002EBC002921CE24B43F8121070470246C0
:107AE0003E290BDD481101F01F030BB9431E98B26C
:107AF0004FF4004343EA8023136007E0481001F08D
:107B000001030BB1431C98B283021360704710B598
:107B10000246D248006880B200EBC200801DD04C03
:107B200004EB40033E290BDD481101F01F040CB9A2
:107B3000441EA0B24FF4004444EA80241C6007E0D5
:107B4000481001F001040CB1441CA0B284021C6076
:107B500010BD0146C148006880B200EBC100801C26
:107B6000BF4A32F81000C0F3090070470146BB4815
:107B7000006880B200EBC100801DB94A32F81000E5
:107B8000C0F30900704730B54B105B00B34C24685C
:107B9000A4B204EBC004B24D45F8143053105C009D
:107BA000AE4B1B689BB203EBC0031B1D45F8134093
:107BB00030BD10B54A105200A84B1B689BB203EBB6
:107BC000C003A74C44F8132010BD10B54A10530051
:107BD000A24A126892B202EBC002121DA04C44F8F5
:107BE000123010BD01469D48006880B200EBC10014
:107BF0009B4A32F8100080B27047014697480068EF
:107C000080B200EBC100001D954A32F8100080B22E
:107C1000704730B50B46012B1FD19049096889B2D6
:107C200001EBC001891C8E4D05EB41043E2A0BDDA2
:107C3000511102F01F050DB94D1EA9B24FF40045B8
:107C400045EA8125256007E0511002F001050DB1DC
:107C50004D1CA9B28D0225600AE0022B08D17F4994
:107C6000096889B201EBC001891C7D4C44F81120E0
:107C7000012B1FD17949096889B201EBC001891D27
:107C8000774D05EB41043E2A0BDD511102F01F0533
:107C90000DB94D1EA9B24FF4004545EA8125256076
:107CA00007E0511002F001050DB14D1CA9B28D0283
:107CB00025600AE0022B08D16849096889B201EB06
:107CC000C001891D664C44F8112030BD30B5034613
:107CD00001291FD16148006880B200EBC300801CFD
:107CE0005F4D05EB40043E2A0BDD501102F01F05ED
:107CF0000DB9451EA8B24FF4004545EA8025256020
:107D000007E0501002F001050DB1451CA8B2850234
:107D100025600AE0022908D15048006880B200EBD3
:107D2000C300801C4E4C44F8102030BD30B50346D3
:107D300001291FD14948006880B200EBC300801DB3
:107D4000474D05EB40043E2A0BDD501102F01F05A4
:107D50000DB9451EA8B24FF4004545EA80252560BF
:107D600007E0501002F001050DB1451CA8B28502D4
:107D700025600AE0022908D13848006880B200EB8B
:107D8000C300801D364C44F8102030BD01463348F6
:107D9000006880B200EBC100801C314A32F810004C
:107DA000C0F30900704701462C48006880B200EB20
:107DB000C100801D2A4A32F81000C0F30900704744
:107DC00001462648006880B200EBC100801D244AAD
:107DD00032F8100000F47C4008B1012070471F48C1
:107DE000006880B200EBC100801C1D4A32F8100010
:107DF000C0F3090008B10220F0E70020EEE710B55B
:107E000001290FD1174B03EB8002D2F8002C48F662
:107E10008F731A4042F04002124C04EB8003C3F807
:107E2000002C10E002290ED10E4B03EB8002D2F899
:107E3000002C48F68F731A4042F48042094C04EB40
:107E40008003C3F8002C10BD024641EA02207047AF
:107E50000146CAB20B1243EA02207047505C004050
:107E6000006000400050004010B50020FCF772F8A0
:107E70000121C805FCF71BF910BD03203849086033
:107E800070473848817A19B10521354A116002E0FE
:107E90000121334A1160704708B514208DF80000A5
:107EA00001208DF8010000208DF8020001208DF8DE
:107EB00003006846FCF757F908BD7047704710B5D6
:107EC00000212948FCF7F3F800214FF6FD70FCF77C
:107ED000E1F810BD10B5254B18681B1D19681B1D56
:107EE0001A68A8B1224CA070030A2371030CA37175
:107EF000030E2372A1720B0A23730B0CA3730B0ED8
:107F00002374A274130A2375130CA375130E23761E
:107F100010BD10B5044601210420FCF7BBF83CB1AC
:107F20001448006880B220F002001249086016E090
:107F30001048006880B240F002000E4908600E4808
:107F4000006820F47F200C4908600846006840F46F
:107F50004C30086089140848001FFCF75AFD10BD1A
:107F6000B4010020980A00203FC8FE3AE8F7FF1F3E
:107F7000C0000020405C00400408014010B54022D1
:107F800098210A48FFF780FB0120094908704FF447
:107F90004051FFF7F8FB10BD002004E00021054A26
:107FA0001154411CC8B24028F8DB70475609002024
:107FB000DA000020B40A002010B5374800683749BD
:107FC00008800846008800F4806035490988084028
:107FD00030B14FF6FF303049086032494868804779
:107FE0002E48008800F400502D490988084018B137
:107FF0004DF6FF70284908602848008800F480503A
:1080000027490988084030B14EF6FF7022490860C0
:10801000002000F0BEF92148008800F400602049EB
:108020000988084060B12048007810B100F091F94B
:1080300002E0022000F0ADF94FF2FF70164908602F
:108040001648008800F4007015490988084040B1BE
:108050004FF6FF501049086014480078401C13493F
:1080600008700E48008800F480700D4909880840A7
:1080700030B14FF6FF6008490860072000F089F929
:108080000648008800F4004005490988084008B106
:10809000FFF7F6F810BD0000445C0040DC00002053
:1080A000B600002020010020B8010020DE000020E2
:1080B00010B5FFF70FFF002085490968887200F0AE
:1080C0001FF90020834908604FF43F40824908802F
:1080D000084600887F49091F086000207F49086022
:1080E00010BD10B500207A4909688872784909687E
:1080F000C8727B48C0797649096848720020FFF74A
:10810000F5FA4FF400710020FFF70AFB1021002060
:10811000FFF71FFB18210020FFF7ABFC58210020C0
:10812000FFF79AFC0020FFF7B9FB6E4890F82C107F
:108130000020FFF7ECFC0020FFF77FFB4FF4C0614D
:108140000120FFF7EDFA98210120FFF792FC402172
:108150000120FFF7DCFC4FF440510120FFF713FB37
:108160004FF4C0610220FFF7DBFA4FF48C7102205C
:10817000FFF772FC40210220FFF7A7FC202102201C
:10818000FFF7E7FA0120554908600020FEF7CEFF0F
:1081900010BD4F480068807A10B105204F49086033
:1081A000704704204D49086070477047704701468A
:1081B00029B90120464A12681082002070474A48B7
:1081C000FCE710B5044649492046FEF795FC10BD72
:1081D00010B5044646492046FEF78EFC10BD70B52A
:1081E00004460025062C1AD139480068007800F0B2
:1081F0007F00012813D136480068407978B93448A7
:1082000000688078222802D1AFF23B0512E03048A6
:108210000068807821280DD1AFF259050AE02C487A
:108220000068007800F07F00212803D1032C01D1E1
:10823000AFF285050DB9022070BD25480068856143
:1082400000212348006841820020A8470020F3E76E
:108250001F480068C178244801600020704700B5BD
:1082600002461B480068007800F07F00212804D1F6
:108270000B2A02D1FFF7ECFF00BD0220FCE710B58E
:1082800004461C492046FEF737FC10BD10B50446D5
:1082900019492046FEF730FC10BD70B505460C4864
:1082A0000068C478042C01DD002070BD134800EB89
:1082B000C4012846FEF720FCF7E70246002901DD4D
:1082C00002207047002A01DD0220FAE70020F8E7CB
:1082D000AC000020445C0040B6000020B401002047
:1082E00016A9000820010020180100208C010020A0
:1082F00084010020740100207C01002094010020F2
:1083000010B50120FFF7D9FD01244C48046000207E
:108310004B49088008460088484908600020091D2C
:1083200008604FF4E05046490880084600884349F9
:108330000860002010BD10B50120404908600020F1
:10834000091D0860FFF7B9FD03203C4908600020C3
:1083500010BD10B53948006884B244F008043748AD
:108360000460006884B244F0040434480460FFF7F9
:1083700084FD10BD10B53148006884B224F00404B7
:108380002E480460FFF77DFD4FF43F402B49086005
:1083900010BD70B50546072D01D02A480570294843
:1083A0000078082841D2DFE800F0040A1016212ED8
:1083B0004142FFF7DFFF0620224908703BE0FFF74C
:1083C000D9FF04201F49087035E002201D4948707C
:1083D000032008702FE01B484078401E1949487060
:1083E0000846407808B90420087024E01348006863
:1083F00084B244F01004114804600520114908704B
:108400000A20487017E00F484078401E0D49487018
:108410000846407840B90948006884B224F0100446
:10842000064804600620087005E000BF00BF062073
:108430000449087000BF00BF70BD0000405C0040F0
:10844000B6000020B9010020F0B480EA0102D40F88
:108450004200B2EB410F02D20246084611464A00E2
:1084600042D0C30DDDB2C1F3C752AD1A202D35DAAB
:10847000C1F3160141F4000204B15242C5F12006D5
:1084800002FA06F12A411044B3EBD05F23D0C4B105
:10849000012DA0EBC35009DCF0BC4FF0004202EA12
:1084A000C352DBB200F5000000F0D8BA400000F182
:1084B000807000EBC350A0F1807040EAD170490099
:1084C00009E0490841EAC071A0EBC35000F5000083
:1084D000400800EBC350F0BC00F0B7BA6142012283
:1084E00002EB4101001BF6E7F0BC704781F0004150
:1084F000AAE780F00040A7E780EA010210B502F089
:108500000043400022D04A001FD0010E01EB12614F
:10851000C0F35600C2F3560240F4000042F40002D9
:10852000A0FB022000047F39140400D0401C50EA54
:10853000124001D44000491EC2B20C0604EBD01018
:10854000401C4008802A02D003E0002010BD20F02B
:108550000100002900DA0020184310BD30B480EA81
:10856000010202F0004530F0004221F0004013D03B
:1085700090B1C30DD40DC2F31601C0F31600E41A76
:1085800041F4000140F400027D34914201D3641CA7
:1085900000E04900002C02DA30BC002070474FF4A4
:1085A00000000023914201D3891A034340084FEA97
:1085B0004101F7D151B1914202D14FF0004105E0A4
:1085C00002D24FF0010101E06FF0010103EBC45052
:1085D000284430BC00F039BA2DE9FE4F804681EACC
:1085E0000300C00F0C46009021F0004123F000452D
:1085F000B8EB0200A94105D24046214690461C46F0
:108600000B46024623F00040104347D0270DC7F326
:108610000A00C3F30A510290401A019040286BDA15
:10862000C3F3130040F4801B0098924620B100234E
:10863000D2EB030A63EB0B0B01985946C0F14002E1
:10864000504600F0D1F906460D4650465946019A6B
:1086500000F0E9F910EB08006141002487EA1152AB
:1086600084EAE7731A4340D0009A62B3019A012A60
:108670004FEA075215DC001B61EB02014FF000428C
:1086800002EA0752CDE90042001C41F58011324652
:108690002B4600F020FA03B0BDE8F08F404621469B
:1086A000F9E7001B61EB0201001C41F58013001883
:1086B0005B412018A2F5001747EB030140EAD57093
:1086C000B6196D4111E06D084FEA360645EAC075EE
:1086D0004FEA0752001B61EB0201001C41F58011BB
:1086E00049084FEA30000019514132462B4603B089
:1086F000BDE8F04F00F0E0B90098012240000023EF
:10870000D0EB020263EBE073009821464FEAE0747D
:10871000B8EB000061EB0401E9E783F000435BE79D
:1087200081F0004158E72DE9FE4F81EA030404F08F
:10873000004421F0004100944FF0000B23F000436F
:1087400050EA01045ED052EA03045BD0C3F30A543A
:10875000C1F30A552C44A4F2F3340194A0FB025453
:10876000C1F3130141F48011C3F3130343F48013E5
:1087700001FB024400FB034E840A970A44EA815439
:1087800047EA8357A4FB076802958D0A05FB078516
:108790004FEA932C04FB0C542705029D4FEA065820
:1087A00047EA1637B5EB08056EEB070C870E920EFD
:1087B00047EA811742EA8312A7FB0201B6EB0B01DD
:1087C00064EB00042B0D43EA0C335E1844EB1C50A1
:1087D000DA465146E7FB0201C5F313044FEA0B33B7
:1087E00043EA14534FEA0432019C43EA0603A4F11E
:1087F0000C040294009CCDE900B400F06CF903B0C5
:10880000BDE8F08F00200146F9E72DE9F04D81EA3F
:10881000030404F0004B21F0004514464FF0000A19
:1088200023F0004150EA050220D054EA01021DD095
:10883000C5F30A570246C5F31303C1F31300C1F38E
:108840000A5640F4801543F48013A7EB0608101B6A
:10885000D64608F2FD3873EB050002D308F1010893
:1088600001E092185B41B8F1000F03DA00200146E5
:10887000BDE8F08D00204FF48011064684460EE0DE
:10888000171B73EB050705D3121B63EB05030643A8
:108890004CEA010C49084FEA300092185B4150EA5B
:1088A0000107EDD152EA030012D082EA040083EA04
:1088B0000501084305D0101BAB4106D2012200235D
:1088C00006E000224FF0004302E06FF00102531077
:1088D0001AEB06004CEB085110EB0A0041EB0B01C0
:1088E000BDE8F04D00F0E8B896230022114600F0F4
:1088F000B5B80EB5C10F80EAE0700844CA07002180
:1089000040F233438DE80E000A460B4600F0E3F8D0
:1089100003B000BD20F00040C10DC0F3160040F4CC
:1089200000007F2901DA00207047962903DCC1F19D
:108930009601C840704796398840704770B5C1F3BA
:108940000A5201F000450024C1F3130140F2FF3345
:1089500041F480119A4201DA002070BD40F23343A5
:108960009A42A2F2334203DC524200F04CF800E09B
:1089700090402C43F1D0404270BDC1F30A5210B573
:10898000C1F3130140F2FF3341F480119A4201DA3E
:10899000002010BD40F233439A42A2F2334203DC7E
:1089A000524200F030F810BD904010BD00F000427F
:1089B00030F000400AD0C10D01F56071C0F316001F
:1089C00042EA0151C20840071143704700200146A6
:1089D00070470000002801DBC0F10040002901DBE6
:1089E000C1F1004188427047202A04DB203A00FA96
:1089F00002F1002070479140C2F1200320FA03F3F6
:108A0000194390407047202A04DB203A21FA02F0F3
:108A10000021704721FA02F3D040C2F120029140B8
:108A2000084319467047202A06DBCB17203A41FA43
:108A300002F043EAE07306E041FA02F3D040C2F1EB
:108A4000200291400843194670470029A8BF70478B
:108A5000401C490008BF20F00100704710B4B0FA74
:108A600080FC00FA0CF050EA010404BF10BC70470F
:108A700049B1CCF1200421FA04F411FA0CF118BF29
:108A8000012121430843A3EB0C01CB1D4FEA0061F8
:108A90004FEA102042BF002010BC704700EBC350CB
:108AA00010440029A4BF10BC7047401C490008BFF7
:108AB00020F0010010BC704710B5141E73F10004C3
:108AC00008DA401C41F1000192185B411A4301D1C0
:108AD00020F0010010BD2DE9F04D92469B4611B1EA
:108AE000B1FA81F202E0B0FA80F220329046FFF74C
:108AF0007BFF04460F4640EA0A0041EA0B01534659
:108B00005A46084313D0114653EA010019D0C8F160
:108B100040025046FFF777FF05460E46504659463D
:108B20004246FFF761FF084305D0012004E02046DC
:108B30003946BDE8F08D0020054346EAE0762C4337
:108B400037430A986305E40AA0EB08000022FD0AF7
:108B500044EA47540A3002D500200146E9E70105FE
:108B600010196941DDE9084500196941BDE8F04D7A
:108B7000A2E70000064C074D06E0E06840F0010364
:108B800094E8070098471034AC42F6D3F7F7B2FAEE
:108B9000B0AA0008D0AA000870B521F00043034332
:108BA0000CD0C1F30A550024D5EB040564EB040393
:108BB000D617AD1AB34102DB0020014670BD201864
:108BC00041EB025170BD0EB540F2334102910021DC
:108BD000CDE900110A460B46FFF77DFF03B000BD4B
:108BE00070B58C1810F8015B15F0070301D110F86F
:108BF000013B2A1106D110F8012B03E010F8016B9C
:108C000001F8016B5B1EF9D12B0705D40023521E1E
:108C10000DD401F8013BFAE710F8013BCB1A921C86
:108C200003E013F8015B01F8015B521EF9D5A14284
:108C3000D8D3002070BD490050EAC12018BF0420DD
:108C40004A0D18BF40F0010040F2FF72B2EB515FD5
:108C500008BF40F00200012808BF0520704700004F
:108C60002DE9F74F144694B00021C4E9021115997B
:108C7000079121F00045C9498D4206DC1599C4E9E8
:108C8000000117B00020BDE8F08FC549DFF814A33C
:108C9000A9423CDD0799C44E0029C44FC44A159926
:108CA000534619DDFFF739FD554506D0C14AC24B81
:108CB000FFF733FDC4E900010AE04FF0D352BE4B89
:108CC000FFF72BFD32463B46FFF727FDC4E90001C5
:108CD00017B00120BDE8F08FFFF77EFC554506D0A8
:108CE000B44AB54BFFF778FCC4E900010AE04FF045
:108CF000D352B14BFFF770FC32463B46FFF76CFC9A
:108D0000C4E9000117B04FF0FF30BDE8F08FAB4968
:108D1000A942159978DB21F0004183468846A84A8C
:108D2000A84BFFF700FD0022A74BFFF755FCFFF70C
:108D300005FE0990FFF7DDFD06460F469C4A5346A7
:108D4000FFF7F1FC43465A46FFF7EAFC80468A46A5
:108D5000984A994B30463946FFF7E5FC2A0D012524
:108D60000B9242465346FFF7DBFC032DC4E900019A
:108D700039D00B98C1F30A51401A05EB451111394E
:108D8000814230DA9148C346784400EB0510CDF8B3
:108D90000CA00C90D0E9002330463946FFF7C3FC05
:108DA00002460B460491069058460399FFF7B5FC1E
:108DB00080468A4602460B4658460399FFF7ADFCAB
:108DC000049B069AFFF7A9FC83460C980391394649
:108DD000D0E902233046FFF7A6FC5A46039BFFF773
:108DE0009CFC6D1CBDE707980028A2BF099817B02E
:108DF000BDE8F08F616881F000416160099817B0AB
:108E00004042BDE8F08FFFE784461598C1F3130197
:108E1000C0F30A50A0F2F5304FEA601800F01F06C8
:108E2000C6F12000139000200690079041F4801EA8
:108E300005206D4676B1664A08EB00017A4452F887
:108E4000213002EB8101B3404A68139922FA01F103
:108E5000194305E05F4908EB0002794451F82210FC
:108E6000A1FB0E27A1FB0C131A449A4234BF012325
:108E7000002303EB070A05EB8003D3E901B70F4496
:108E80008F4234BF0121002193448B4411B193459B
:108E900002D903E0934501D2012100E00021C3E99A
:108EA00001B7514445F82010011EA0F10100C1DCBA
:108EB0000298059F00F10050800F12900298DDE9A2
:108EC00003568000FFF715FD834628460D91FFF7F6
:108ED0007AFE6FF01D02FFF75FFECDE90E0130460E
:108EE000FFF771FE6FF03D02FFF756FE80468A469F
:108EF0003846FFF768FE6FF05D02FFF74DFE07464C
:108F0000424653461191FFF767FBDDE90E23FFF759
:108F100063FB5A460D9BFFF75FFB00250E465A4642
:108F200028460D9BFFF7F9FBDDE90E23FFF7F5FB64
:108F300042465346FFF7F1FB3A46119BFFF7F0FB21
:108F4000DFF898A0244A5346FFF7EDFB0746884612
:108F5000234A244B31462846FFF7E5FB3A46434671
:108F6000FFF73AFB074688464FF0A8425346314682
:108F70002846FFF7D8FB3A464346FFF72DFB159AE4
:108F800012F0004F04D0129A81F000415242129226
:108F9000C4E90001129817B0BDE8F08FFB21E93F4A
:108FA0007CD90240FB21F93F7370032E8A19A33B41
:108FB000000040543163621A61B4D03DFB21394155
:108FC00083C8C96D305FE43F0000E03F341C0000FF
:108FD000B01B0000921B0000182D4454FB21F93DEA
:108FE0003326A611460B113C2DE9FF4D21F0004818
:108FF00007460C46B8F1795F08DAFFF79FFC0028B6
:1090000001BF0020324904B0BDE8F08D3A46234646
:1090100010461946FFF787FB054602462D480E46C7
:109020000B460621784400F05DF82A463346FFF7E8
:109030007AFBDDE9022382468B4638462146FFF75C
:1090400072FB04460F4652465B4628463146FFF700
:109050006AFB22463B46FFF760FB07468A464FF015
:10906000FF3228463146FFF797FD1B4A90450ADA42
:109070003A465346FFF751FB04B00022BDE8F04DDD
:10908000134BFFF74DBB154A4245A8BFA8F5001585
:109090004FF00004B8BF124D22462B46FFF73DFBB0
:1090A0000646884622462B4600200949FFF735FB35
:1090B00004460D463A46534630464146FFF72DFBDF
:1090C00004B022462B46BDE8F04DFFF729BB000057
:1090D0000000F03F681900003333D33F0000E93F40
:1090E0000000D23F2DE9F0414F1E00EBC7010446BE
:1090F000D1E9000115461E4637F006020DD02A467A
:109100003346FFF710FB7F1E04EBC703D3E90023B0
:10911000FFF762FA37F00602F1D1022F25D0042FB3
:1091200013D0062F18BFBDE8F0812A463346FFF75B
:10913000FAFAD4E90A23FFF74FFA2A463346FFF733
:10914000F2FAD4E90823FFF747FA2A463346FFF735
:10915000EAFAD4E90623FFF73FFA2A463346FFF737
:10916000E2FAD4E90423FFF737FA2A463346FFF739
:10917000DAFAD4E90223FFF72FFA2A463346FFF73B
:10918000D2FAD4E90023BDE8F041FFF725BA000088
:109190002DE9FF4D054621F0004084B00C46B0F1AA
:1091A000795F0BDA2846FFF746FD042808BF00F078
:1091B0006FF8284608B02146BDE8F08D2A460B46D8
:1091C0001046FFF7B0FA06460F462A462346FFF739
:1091D000AAFA804626488A4632463B46052178440C
:1091E000FFF780FF83461098029160B3214A224B1B
:1091F00040465146FFF797FACDE900015A464046EE
:109200005146029BFFF78FFA82468846DDE9060148
:109210004FF0FF32FFF7C0FC52464346FFF77DFA9E
:1092200032463B46FFF77FFADDE90623FFF775FA82
:10923000DDE90023FFF771FA08B02A462346BDE8AE
:10924000F04DFFF76DBA0B465A4630463946FFF7E8
:109250006AFA084A084BFFF7BFF942465346FFF740
:1092600062FA08B02A462346BDE8F04DFFF7B4B9CC
:10927000A6180000495555555555C5BF0122FFF7A1
:109280008BBC0022134610461146FFF7BEBA000001
:10929000024A00201107FFF77FBC000001FDFFFF1D
:1092A00002E008C8121F08C1002AFAD170477047AF
:1092B000002001E001C1121F002AFBD1704700000D
:1092C0000149086070470000BC01002000B5254B33
:1092D00021F0004287B09A4203DC0022134600923C
:1092E0002BE0214B9A4208D140B94FF00100FFF723
:1092F000E7FFFFF7C6FF07B000BD03DBFFF7BEFFC8
:1093000007B000BD02AAFFF7ABFC10F003014FF05D
:1093100001000DD0012914D002291AD00DF1080C3A
:109320009CE80F00FFF760FE07B081F0004100BD30
:109330000DF1080C00909CE80F00FFF729FF07B023
:1093400000BD0DF1080C9CE80F00FFF74DFE07B0C3
:1093500000BD0DF1080C00909CE80F00FFF718FF0E
:10936000E2E70000FB21E93F0000F07F0000000081
:109370000000000000000000000000003F4000006E
:1093800000000000000030004000300040000000FD
:1093900009000BC03D000BC03D00090018C024406F
:1093A0007FE0224031800000180024C01B000D80A7
:1093B0003240018003801C4027401C800740004051
:1093C000100060000000000000000000000000002D
:1093D00000001F80204040200000402020401F80CF
:1093E00000000000090006001F80060009000000C0
:1093F000040004003F80040004000000001000602E
:10940000000000000000000004000400040004004C
:109410000400000000000040000000000000000008
:10942000002001C006003800400000001F802040DE
:10943000204020401F800000000010403FC000403E
:109440000000000018C021402240244018400000C5
:1094500010802040244024401B80000002000D00AA
:1094600011003FC0014000003C80244024402440C3
:10947000238000001F8024402440344003800000EB
:109480003000200027C03800200000001B8024404E
:10949000244024401B8000001C0022C022402240A7
:1094A0001F800000000000000840000000000000D5
:1094B0000000000004600000000000000000040044
:1094C0000A0011002080404009000900090009003D
:1094D0000900000000004040208011000A00040044
:1094E0001800200023402400180000001F802040A6
:1094F000274029401F400000004007C039000F00EE
:1095000001C0004020403FC0244024401B80000098
:109510001F802040204020403080000020403FC07D
:10952000204020401F80000020403FC024402E40AB
:1095300030C0000020403FC024402E00300000001A
:109540000F001080204022403380020020403FC0A6
:10955000040004003FC02040204020403FC0204085
:10956000204000000060202020203FC0200020007C
:1095700020403FC024400B0030C0204020403FC06E
:1095800020400040004000C03FC03C0003C03C0001
:109590003FC0000020403FC00C4023003FC02000DF
:1095A0001F802040204020401F80000020403FC0FE
:1095B00024402400180000001F802140214020E0AA
:1095C0001FA0000020403FC02440260019C00040DA
:1095D00018C0244024402240318000003000204048
:1095E0003FC020403000000020003F80004000408D
:1095F0003F80200020003E0001C00700380020000E
:10960000380007C03C0007C038000000204039C0C7
:10961000060039C0204000002000384007C0384014
:1096200020000000304021C02640384020C000000B
:10963000000000007FE0402040200000000070009B
:109640000C000380004000000000402040207FE02C
:10965000000000000000200040002000000000008A
:10966000001000100010001000100010000000009A
:10967000400000000000000000000280054005409E
:1096800003C0004020003FC00440044003800000AD
:1096900000000380044004400640000000000380F6
:1096A000044024403FC000400000038005400540C6
:1096B00003400000000004401FC02440244020005C
:1096C000000002E0055005500650042020403FC035
:1096D0000440040003C000400000044027C00040D4
:1096E0000000000000100010041027E0000000003F
:1096F00020403FC00140070004C0044020402040FB
:109700003FC000400040000007C0040007C0040044
:1097100003C00000044007C00440040003C0004030
:10972000000003800440044003800000041007F0A0
:1097300004500440038000000000038004400450F3
:1097400007F00010044007C00240040004000000BD
:10975000000006400540054004C000000000040071
:109760001F800440004000000400078000400440C7
:1097700007C000400400070004C001800600040088
:10978000060001C0070001C006000000044006C03A
:10979000010006C0044000000410071004E001802E
:1097A000060004000000044005C00640044000001C
:1097B0000000000004007BE04020000000000000EA
:1097C0000000FFF000000000000040207BE00400EB
:1097D0000000000040008000400020002000400009
:1097E0000000000000000000000000000000000079
:1097F0000000000000001FCC000C00000000000072
:109800000000080030006000080030006000000028
:10981000022003FC1E20022003FC1E200220000068
:1098200000000E1811043FFF10840C7800000000A7
:109830000F0010840F3800C00778188400780000EB
:1098400000780F8410C411240E9800E400840008EE
:109850000800680070000000000000000000000028
:1098600000000000000007E018182004400200007B
:10987000000040022004181807E00000000000006B
:109880000240024001800FF00180024002400000CF
:109890000080008000800FF80080008000800000C1
:1098A0000001000D000E000000000000000000009C
:1098B0000000008000800080008000800080008028
:1098C0000000000C000C0000000000000000000080
:1098D000000000060018006001800600180020004B
:1098E000000007F0080810041004080807F0000042
:1098F0000000080408041FFC00040004000000002D
:1099000000000E0C10141024104411840E0C0000E2
:1099100000000C1810041104110412880C700000CF
:10992000000000E00320042408241FFC00240000A1
:1099300000001F981084110411041088107000009A
:10994000000007F008881104110418880070000056
:1099500000001C00100010FC13001C001000000090
:1099600000000E3811441084108411440E38000099
:1099700000000700088C10441044088807F000001D
:10998000000000000000030C030C000000000000B9
:1099900000000000000101060000000000000000BF
:1099A000000000800140022004100808100400009C
:1099B00002200220022002200220022002200000B9
:1099C000000010040808041002200140008000007C
:1099D00000000E001200100C106C10800F00000030
:1099E00003E00C1813E4142417C4082807D000005F
:1099F0000004003C03C41C40074000E4001C0004B9
:109A000010041FFC1104110411040E8800700000E2
:109A100003E00C1810041004100410081C100000BF
:109A200010041FFC100410041004080807F00000C4
:109A300010041FFC1104110417C4100408180000BE
:109A400010041FFC1104110017C0100008000000D2
:109A500003E00C181004100410441C7800400000AF
:109A600010041FFC10840080008010841FFC100470
:109A70000000100410041FFC10041004000000007B
:109A800000030001100110011FFE10001000000073
:109A900010041FFC110403801464181C100400003F
:109AA00010041FFC1004000400040004000C00005B
:109AB00010041FFC1F0000FC1F001FFC100400000E
:109AC00010041FFC0C04030000E010181FFC100021
:109AD00007F00808100410041004080807F000003C
:109AE00010041FFC10841080108010800F000000F4
:109AF00007F0081810241024101C080A07F20000B0
:109B000010041FFC1104110011C011300E0C0004D0
:109B100000000E1C11041084108410441C38000036
:109B20001800100010041FFC1004100018000000A2
:109B300010001FF810040004000410041FF81000A7
:109B400010001E0011E0001C007013801C001000AB
:109B50001FC0103C00E01F0000E0103C1FC00000D0
:109B60001004180C163401C001C01634180C10046F
:109B700010001C00130400FC13041C001000000063
:109B80000804101C1064108413041C041018000036
:109B90000000000000007FFE400240024002000082
:109BA000000030000C0003800060001C0003000077
:109BB00000004002400240027FFE00000000000062
:109BC0000000000020004000400040002000000095
:109BD000000100010001000100010001000100017D
:109BE00000004000400020000000000000000000D5
:109BF00000000098012401440144014400FC0004D9
:109C000010001FFC0088010401040088007000009F
:109C100000000070008801040104010400880000B5
:109C20000000007000880104010411081FFC0004FA
:109C3000000000F8014401440144014400C8000050
:109C40000000010401040FFC1104110411001800AC
:109C5000000000D601290129012901C901060000DF
:109C600010041FFC008401000100010400FC00043A
:109C700000000104190419FC0004000400000000A5
:109C80000000000300010101190119FE000000009D
:109C900010041FFC0024004001B4010C010400006A
:109CA0000000100410041FFC000400040000000069
:109CB000010401FC0104010001FC0104010000FC9D
:109CC000010401FC008401000100010400FC000407
:109CD000000000F8010401040104010400F8000080
:109CE000010101FF008501040104008800700000EB
:109CF00000000070008801040104010501FF00015B
:109D00000104010401FC0084010401000180000041
:109D1000000000CC0124012401240124019800004A
:109D200000000100010007F8010401040000000028
:109D3000010001F8000400040004010801FC000413
:109D4000010001800170000C001001600180010021
:109D500001F0010C003001C00030010C01F00100E5
:109D600000000104018C00740170018C01040000EA
:109D7000010101810171000E0018016001800100E4
:109D800000000184010C013401440184010C000035
:109D9000000000000000000001003EFC4002400204
:109DA0000000000000000000FFFF000000000000B5
:109DB0000000400240023EFC0100000000000000E4
:109DC0000000600080008000400040002000200073
:109DD00054105560FD0055605510059055505510B4
:109DE000FD305740543000002040108002002A808F
:109DF000CA904A904FF05A806A800FC0020000005B
:109E00003FC0248024802480FFE02490249024906C
:109E10003F9000100070000002000200420042105B
:109E200042104FF0520062004200020002000000A7
:109E300048804B007FF08A00090048802480008021
:109E4000FFF001000100000011001110FFF01200EE
:109E50002410271024A0FC4024A02710201000006C
:109E60000000000000001080090006000600090044
:109E70001080000000000000000000300000000022
:109E800000000000000000000000000000000000D2
:109E900000000030000000F00000000000000000A2
:109EA000000000000000000000000030000000F092
:109EB000000003F0000000000000000000000000AF
:109EC00000000030000000F0000003F000000FF080
:109ED000000000000000000000000030000000F062
:109EE000000003F000000FF000003FF00000000051
:109EF0000000000000000000000000000000000062
:109F000000000000000000007FE0000000000000F2
:109F10000000000000000000000000000000000041
:109F20007FE07FE000000000000000000000000073
:109F300000000000000000007FE07FE07FE0000004
:109F40000000000000000000000000000000000011
:109F50007FE07FE07FE07FE0000000000000000085
:109F600000000000000000007FE07FE07FE07FE075
:109F70007FE0000000000000000000000000000082
:109F80007FE07FE07FE07FE07FE07FE00000000097
:109F900000000000000000007FE07FE07FE07FE045
:109FA0007FE07FE07FE00000000000000000000094
:109FB0007FE07FE07FE07FE07FE07FE07FE07FE0A9
:109FC00000000000000000007FE07FE07FE07FE015
:109FD0007FE07FE07FE07FE07FE0000000000000A6
:109FE0007FE07FE07FE07FE07FE07FE07FE07FE079
:109FF0007FE07FE0000000007FE07FE07FE07FE027
:10A000007FE07FE07FE07FE07FE07FE07FE00000B7
:10A010007FE07FE07FE07FE07FE07FE07FE07FE048
:10A020007FE07FE07FE07FE0000000004C002A003E
:10A0300009E02820282009E02A004C000000000048
:10A0400000004020264015800DE0162016200DE06F
:10A0500015802640402000004000400040004000A5
:10A06000400040007E0009801440222000F00000E3
:10A070001110FFF01200000032102510A91061F03D
:10A080002910251032100000080088004FE0004021
:10A090000A10F31082A08240F2A00B1008100000FA
:10A0A0000810E810ABF0AA10EA10BE70EA10AA106F
:10A0B000ABF0E810081000003410242025C0242044
:10A0C000A41067F024902490249024903410000071
:10A0D00041F041005D0055705550D55055505570B8
:10A0E0005D00411041F0000011001600FFF0120069
:10A0F00040505F50F56055C0F5605F504050000023
:10A1000010101210121013E0122012201020FF0065
:10A1100010C0902050700000000000000CC00CC067
:10A12000000000000000000000000000000000002F
:10A130001110FFF012000810FFE008000FE020905F
:10A14000FF1020903FB00000400040004000400061
:10A15000400040007E0009801440222000F00000F2
:10A1600011001600FFF0120040505F50F56055C01E
:10A17000F5605F504050000010101210121013E0F4
:10A18000122012201020FF0010C0902050700000FC
:10A19000000000000CC00CC0000000000000000027
:10A1A00000000000000000000410442044404480EF
:10A1B00047007C0047E04410441044100470000045
:10A1C000021012100A20422022400380FE0002806A
:10A1D000024002200210000011001600FFF01200E1
:10A1E00040505F50F56055C0F5605F504050000032
:10A1F00010101210121013E0122012201020FF0075
:10A2000010C0902050700000000000000CC00CC076
:10A21000000000000000000000000000000000003E
:10A2200008000800FFE010401090402040C07F0070
:10A23000401040107FE0000011001110FFF01200EC
:10A2400010902FA0C8C05F8068C00FA000900000D1
:10A2500011001600FFF0141002207FC040004000E3
:10A260007FE0001000700000021012100A2042204F
:10A2700022400380FE000280024002200210000003
:10A28000000000000CC00CC0000000000000000036
:10A290000000000000000000040008003FF0C400BF
:10A2A000240027403D40E520256025900400000063
:10A2B00000907F60400057605510575040B0F91033
:10A2C0004630D94043B000000480E4F0A550A550CA
:10A2D000E6701C00E670A550B550ECF0048000005C
:10A2E00020801100FFF00000081008600B80FC00C7
:10A2F0000B80486028100000222022C0240028E0A3
:10A300003010E51032D02810243022802260000066
:10A310003FC03C0003C03C003FC0204020403FC045
:10A32000244024001800000020003F80004000402E
:10A330003F8020000F801240244024401380000002
:10A340001F802040204020401F8000003E8024408D
:10A3500024402440238000001F80204020402040D3
:10A360001F800000000000000CC00CC000000000B6
:10A3700000000000000000000000000010002400A9
:10A38000D4005400540054005400540057C05020CE
:10A390004070000000107FE0401042104210421058
:10A3A0005FF04210429042504010000008008800C8
:10A3B0004FE00040048004000400FFF004000400AB
:10A3C00004000000000000000CC00CC000000000F1
:10A3D0000000000000000000000000000410442005
:10A3E0004440448047007C0047E04410441044103F
:10A3F0000470000019202B20CD40114000101210D5
:10A400001220FFC024A0A5106470000011001600E7
:10A41000FFF0120040505F50F56055C0F5605F508E
:10A42000405000001040FFC010800210222022C0C7
:10A43000FF0022C022203E10021000000000000099
:10A440000CC00CC000000000000000000000000074
:10A4500000000000041025E02420FFF02490049068
:10A460004BD0725042504A507BD00000401057E011
:10A47000548054805480F78054805480548057C056
:10A48000400000004420224000103FE0241027102C
:10A4900024A0FC4024A0271030100000110016005A
:10A4A000FFF0120040505F50F56055C0F5605F50FE
:10A4B000405000001040FFC010800210222022C037
:10A4C000FF0022C022203E10021000000000000009
:10A4D0000CC00CC0000000000000000000000000E4
:10A4E000000000000010401047F0401040107FF0C6
:10A4F000421042104210421000100000300020E0D4
:10A50000AE806A802A80EBF02A806A80AEA020E0CC
:10A51000300000001900EFF02920214008002BF046
:10A52000FAA02AA02AA0FAA02BF0000088004FE091
:10A5300001400510F520954097809540F5200510C5
:10A5400001100000000000000000000000000000FA
:10A5500000000000000000000000000002100220C7
:10A56000FAC0AA20AA10ABF0AA90AA90FA90029082
:10A5700002100000000000000000000000000000C9
:10A5800000000000000000000000000000000000CB
:10A5900000000000000000000000000000000000BB
:10A5A00000000000880089F091209120A120FD206A
:10A5B0008120A120A12091F088000000000000006F
:10A5C000000000000000000000000000000000008B
:10A5D000000000002100A2006FF0340002107F2074
:10A5E00040C05F0040E07F10003000003810A01035
:10A5F0006FA02820A8406B80286028106F90A010C2
:10A60000383000003410242025C02420A41067F026
:10A6100024902490249024903410000008003FF0EF
:10A62000C0001010161011D09010503010D017101C
:10A6300010100000000000000CC00CC00000000062
:10A640000000000000000000000000002100A20047
:10A650006FF0340002107F2040C05F0040E07F10A8
:10A66000003000003810A0106FA02820A8406B8098
:10A67000286028106F90A01038300000341024207B
:10A6800025C02420A41067F02490249024902490C6
:10A690003410000008003FF0C0001010161011D058
:10A6A0009010503010D0171010100000110016003C
:10A6B000FFF0120040505F50F56055C0F5605F50EC
:10A6C000405000001040FFC010800210222022C025
:10A6D000FF0022C022203E100210000000000000F7
:10A6E0000CC00CC0000000000000000000000000D2
:10A6F000000000000000000000000000000000005A
:10A7000088104FE00010421066D05A506A505FD057
:10A710008A509A50A2D000001110FFF012000000E1
:10A7200032102510A91061F02910251032100000F8
:10A730003FC0248024802480FFE024902490249033
:10A740003F9000100070000000107FE040104210A9
:10A75000421042105FF04210429042504010000000
:10A76000040008003FF0C0007FE0444044A07F1098
:10A7700084C0842004F000000000000000000000FD
:10A7800000000000000000000000000000000000C9
:10A790004000400040004000400040007E00098032
:10A7A0001440222000F0000011001600FFF01410E9
:10A7B00002207FC0400040007FE0001000700000D9
:10A7C0003FC0248024802480FFE0249024902490A3
:10A7D0003F9000100070000000107FE04010421019
:10A7E000421042105FF04210429042504010000070
:10A7F000040008003FF0C0007FE0444044A07F1008
:10A8000084C0842004F0000000000000000000006C
:10A810000000000004104420244017800400FC00C5
:10A82000040017E02410441004700000442022406B
:10A83000001024202DC03400A5F0640025E02C1069
:10A84000267000003410242025C02420A41067F0B6
:10A8500024902490249024903410000000100FA025
:10A86000088008A00890F88048A0489048804FA031
:10A8700040100000000000000CC00CC000000000F0
:10A880000000000000000000000000000410442050
:10A89000244017800400FC00040017E0241044103A
:10A8A0000470000044202240001024202DC03400F9
:10A8B000A5F0640025E02C102670000011001600A1
:10A8C000FFF0120040505F50F56055C0F5605F50DA
:10A8D000405000001040FFC010800210222022C013
:10A8E000FF0022C022203E100210000000000000E5
:10A8F0000CC00CC0000000000000000000000000C0
:10A90000000000001201000200000040830411A0BA
:10A9100000030102030109022900010100C03209FC
:10A92000040000020300000009211001000122219F
:10A9300000070582034000010705010340000105EF
:10A940008C0901A101090315002600FF7508954037
:10A950008102090415002600FF750895409102C088
:10A9600004030904140341004E004F005400430047
:10A970005F00480049004400120354006F006E005D
:10A980006700580069006E00310000000000000000
:10A990004C5555555555A53F7751C1166CC156BFFD
:10A9A0009015CB19A001FA3EAD529C804F7E92BE0D
:10A9B000C4B1B4BD9EEE213ED43888BEE9FAA8BD2C
:10A9C00000004054FB21F93F3163621A61B4D03D6D
:10A9D0000000601A61B4D03D7370032E8A19A33B46
:10A9E0000000002E8A19A33BC14920259A837B3998
:10A9F00000000000000000006E83F9A22915444EFB
:10AA0000D15727FCC0DD34F5999562DB4190433C7A
:10AA1000AB6351FE61C5BBDE3A6E24B7E0D24D4256
:10AA2000EA2E49061C92D1091CEB1DFE3EA729B156
:10AA3000F53582E88444BB2E26709CE9417E5FB4E4
:10AA400039D69139F43953838B5F849C3B28F9BD07
:10AA5000FF97F81F0F9805DE8B112FEF1F6D0A5A15
:10AA6000CF7E366DB709CB27663F464F2DEA5F9EF6
:10AA7000C7BA27757BF1E5EBF739073DEA92528AB1
:10AA8000B15FFB6B085D8D1FA6F810111111813F9E
:10AA9000D561C119A0012ABF7DFEB157E31DC73E94
:10AAA000EB9C2B8AE6E55ABE7CD5CF5A3AD9E53DD8
:10AAB000D0AA000800000020C0010000E08B0008C0
:10AAC00078AB0008C0010020380D0000B0920008EB
:10AAD000012E9A050621F2011008E4CB9640AABB8C
:10AAE000CC3A0105091038E9301184A24A046809FA
:10AAF00001020304060708090C6910051C0204067C
:10AB000008141A0378A90201101315721408997F0A
:10AB10002A0808E9040A157D182904411A03B1130B
:10AB2000B1801B08E30413AB811B08AD041ADF04DA
:10AB3000135F821B08BB041A7F041A8D041A9B043E
:10AB4000415A40701A93240916581AA31C1304A9D9
:10AB50003308121A160832291A3F0832211A280817
:10AB600032091A600832041A640832145A78302202
:08AB7000C073201A199B51006B
:04000005080000ED02
:00000001FF
