:020000040800F2
:10000000F80E0020B93B0008C13B0008C33B0008C4
:10001000C53B0008C73B0008C93B000800000000C2
:10002000000000000000000000000000CB3B0008C2
:10003000CD3B000800000000CF3B0008A12A0008CB
:10004000D33B0008D33B0008D33B0008D33B000858
:10005000D33B0008D33B0008D33B0008D33B000848
:10006000D33B0008D33B0008D33B0008D33B000838
:10007000D33B0008D33B0008D33B0008D33B000828
:10008000D33B0008D33B0008D33B0008A92A000853
:10009000AB2A0008D33B0008D33B0008D33B000841
:1000A000D33B0008D33B0008D33B0008D33B0008F8
:1000B000D33B0008D33B0008D33B0008D33B0008E8
:1000C000D33B0008D33B0008D33B0008D33B0008D8
:1000D000D33B0008992A0008D33B0008D33B000813
:1000E000D33B0008D33B0008D33B0008DFF80CD01B
:1000F00008F042FD0048004717010008F80E0020F4
:1001000010B5012145F21D2003F0C6FF01212F4843
:1001100003F0CFFF10BDFFF7F3FF4FF4407004F082
:100120001FF802F008FD00F0CDFE03F0E9F902F03F
:1001300009FF02F09FFE264908700846007840B18A
:1001400024480178042002F026FE0020224908718C
:1001500002E001202049087102F024FD03F0C0F9FB
:1001600003F032FB01F00BF91C4800684FF4FA72FF
:10017000B0FBF2F1B1F1807F00D31DE021F07F40B0
:10018000401E4FF0E022506150170F22002807DA7E
:1001900013071D0E124B00F00F04241F1D5503E022
:1001A00013071C0E0F4B1C5400BF00204FF0E02221
:1001B00090610720106100BF07E00748407820B138
:1001C00002F007FC002004494870F6E70200240012
:1001D00000000020D2020020E40600207C00002065
:1001E00018ED00E000E400E010B56F48008A6F49A8
:1001F000088108460089B0F5AC7F07DC0846008915
:10020000B0F5A07F02DD0120C87002E00020674940
:10021000C87067480088674908800846008800B2AF
:10022000614948820020624908806248008858B9C4
:100230000221614804F0EFFB00205C49487188719D
:1002400008708881887006E002215B4804F0E1FBB9
:1002500001205649887110BD10B5012053494870DE
:1002600002F075FD5548007820B1002154480088FF
:1002700000F0CAFD10BD10B503F06DFB10BD10B548
:1002800003F0C4FA02F05BFB4E480068401C4D4985
:1002900008604648807908B900F05BFC10BD10B5D5
:1002A0004948007801280CD148480078212804DA10
:1002B00046480178401C02F033FD00204249087096
:1002C00001E000F093FB10BD10B502F0F2FD4048D4
:1002D000007848B13F4801783F4803F026F903F021
:1002E00036F900203A49087001F08AF900F0C2FAA4
:1002F00010BD10B539480088012804DBFFF7E4FF82
:1003000000203649088036480088022804DBFFF7C1
:10031000C6FF00203249088032480088052804DBE7
:10032000FFF7ADFF00202F4908802F4800880A28DA
:1003300004DBFFF7A0FF00202B4908802B48008832
:10034000192804DBFFF788FF002028490880284887
:100350000088B0F5FA7F04DBFFF746FF0020244950
:10036000088010BD10B51D480088401C1B4908803E
:100370001B480088401C1A4908801A480088401C05
:100380001849088018480088401C174908801748F9
:100390000088401C1549088015480088401C1449F5
:1003A0000880FFF7A6FF10BDCA010020E406002068
:1003B0005E0000205C000020000C0140380000209E
:1003C0003000002048000020DA00002056090020FC
:1003D000600000205A0000200407002002000020D6
:1003E0000400002006000020080000200A00002071
:1003F0000C000020B0F9041040F2D252914208DD06
:10040000B0F9041040F2E652914202DA40F2DC51B7
:100410008180B0F9061040F2D252914208DDB0F965
:10042000061040F2E652914202DA40F2DC51C180FD
:10043000B0F9021040F2D252914208DDB0F9021038
:1004400040F2E652914202DA40F2DC5141807047BC
:10045000B0F90010B1F57A7F02DC4FF47A7101E057
:10046000B0F900100180B0F90010B1F5FA6F02DBAD
:100470004FF4FA6101E0B0F900100180B0F9041006
:10048000B1F57A7F02DC4FF47A7101E0B0F9041023
:100490008180B0F90410B1F5FA6F02DB4FF4FA6114
:1004A00001E0B0F904108180B0F90610B1F57A7F4F
:1004B00002DC4FF47A7101E0B0F90610C180B0F9A6
:1004C0000610B1F5FA6F02DB4FF4FA6101E0B0F902
:1004D0000610C180B0F90210B1F57A7F02DC4FF44A
:1004E0007A7101E0B0F902104180B0F90210B1F563
:1004F000FA6F02DB4FF4FA6101E0B0F902104180BB
:10050000B0F90810B1F57A7F02DC4FF47A7101E09E
:10051000B0F908100181B0F90810B1F5FA6F02DBEB
:100520004FF4FA6101E0B0F908100181B0F90A1046
:10053000B1F57A7F02DC4FF47A7101E0B0F90A106C
:100540004181B0F90A10B1F5FA6F02DB4FF4FA619C
:1005500001E0B0F90A104181B0F90C10B1F57A7FD1
:1005600002DC4FF47A7101E0B0F90C108181B0F92E
:100570000C10B1F5FA6F02DB4FF4FA6101E0B0F94B
:100580000C1081817047FE490A68091DFD4B1B78DC
:1005900031F81310511AFA4A1160FB490A68091D13
:1005A000F84B1B7831F81310511AF74A1160F749CC
:1005B0000A68091DF34B1B7831F81310511AF34ADE
:1005C0001160F3490A68091DEE4B1B7831F81310CE
:1005D000511AEF4A1160EF490A68091DE94B1B786F
:1005E00031F81310511AEB4A1160EB490A68091DE2
:1005F000E44B1B7831F81310511AE74A1160E749B0
:100600000A68091DDF4B1B7831F81310511AE34AB1
:10061000116001888AB2DA49091DDA4B1B7821F88A
:10062000132041888AB2D849091DD64B1B7821F87E
:100630001320C1888AB2D549091DD24B1B7821F8F5
:10064000132081888AB2D249091DCE4B1B7821F82C
:10065000132001898AB2CF49091DCA4B1B7821F8A2
:10066000132081898AB2CC49091DC64B1B7821F819
:100670001320018A8AB2C949091DC24B1B7821F88F
:100680001320BF490A68091DBE4B1B7831F81310AF
:100690001144BB4A1160BC490A68091DB94B1B785B
:1006A00031F813101144B84A1160B8490A68091D9D
:1006B000B44B1B7831F813101144B44A1160B4499B
:1006C0000A68091DAF4B1B7831F813101144B04A6A
:1006D0001160B0490A68091DAA4B1B7831F8131044
:1006E0001144AC4A1160AC490A68091DA54B1B783E
:1006F00031F813101144A84A1160A8490A68091D6D
:10070000A04B1B7831F813101144A44A11609C4986
:1007100009680A22B1FBF2F109B201809A4909681D
:10072000B1FBF2F109B2418098490968B1FBF2F1DD
:1007300009B2C18096490968B1FBF2F109B2818022
:1007400094490968B1FBF2F109B201819249096843
:10075000B1FBF2F109B2818190490968B1FBF2F174
:1007600009B2018287490978491C864A11701146ED
:1007700009780A2901D100211170704710B504468B
:1007800087484078002873D08648007890B90020C8
:100790008349C88008818880488001208149087089
:1007A00000208149086081490860814908608149C9
:1007B000086010BD7B480078401C7A490870B4F985
:1007C000000079490968084477490860B4F90200D3
:1007D00076490968084475490860B4F90400744909
:1007E0000968084472490860B4F90600714909684B
:1007F0000844704908606B480078332838D169484C
:100800000078401E6749087067480068097890FBC7
:10081000F1F0A0F57A706249C880644800686149C7
:10082000097890FBF1F0A0F2DC5080B25C490881BD
:1008300008825F4800685B49097890FBF1F0A0F2FC
:10084000DC5080B256498880C8815A4800685549B2
:10085000097890FBF1F0A0F2DC5080B2504948805A
:10086000888100204F4908704D49487000F016FB00
:1008700000BF9EE72DE9F0474F49488808F036F859
:1008800005464FF07A5107F039FE044608F044F867
:1008900000F57A704249C988401A00B24749088079
:1008A0004549C88808F022F805464FF07A5107F00C
:1008B00025FE044608F030F800F57A70384989883A
:1008C000401A00B23D4988803B49088808F00EF87C
:1008D00005464FF07A5107F011FE044608F01CF867
:1008E000C0F5FA602E490989401A00B233494880A0
:1008F0003149888807F0FAFF05464FF07A5107F032
:10090000FDFD044608F008F800F57A70244949888E
:10091000401A00B22949C8802148408800F2DC50C2
:1009200000B208811E48808800F2DC5000B2888145
:100930002149088A07F0DAFF80461F49C88907F075
:10094000D5FF81464FF0804107F0D8FD074641466C
:1009500007F006FE06461A4907F0D0FD054619497C
:1009600007F0CCFD044607F0D7FF2C3000B2134946
:1009700008820846FFF707FE1048FFF7FFFE23E056
:10098000E0010020100000202802002010020020BA
:10099000F8010020400200207002002088020020A0
:1009A000D2020020110000201400002018000020B6
:1009B0001C0000202000002044090020CA01002063
:1009C0009A99993F0000C8420348FFF741FD024849
:1009D000FFF710FDBDE8F087CA01002070B504469E
:1009E0000D462946204602F09BF970BD70B50024E3
:1009F000AA222146641CFB484254AF222146641CB3
:100A0000425403222146641C425400222146641CA5
:100A10004254F54842782146641CF2484254F24858
:100A200002782146641CEF484254EF48C2782146C0
:100A3000641CEC484254EC4882782046611CCCB2DD
:100A4000E8490A54E848C2792046611CCCB2E5491D
:100A50000A54E54882792046611CCCB2E1490A5427
:100A6000E14842792046611CCCB2DE490A54DE4896
:100A700002792046611CCCB2DA490A54DA48427A3B
:100A80002046611CCCB2D7490A54D748027A204686
:100A9000611CCCB2D3490A54D348C27A2146601CA7
:100AA000C4B2D0484254D048827A2046611CCCB2AD
:100AB000CC490A54CC48427B2046611CCCB2C9497F
:100AC0000A54C948027B2046611CCCB2C5490A546D
:100AD000C548C27B2046611CCCB2C2490A54C248F8
:100AE000827B2046611CCCB2BE490A54BE48427C7F
:100AF0002046611CCCB2BB490A54BB48027C20464C
:100B0000611CCCB2B7490A54B748C27C2046611C6C
:100B1000CCB2B4490A54B448827C2046611CCCB2A1
:100B2000B0490A54201FC8700025002005E0AD49D7
:100B3000095C2944CDB2411CC8B2A042F7DB204673
:100B4000611CCCB2A7490D542146A648FFF746FFC9
:100B500070BD70B50024AA222146641CA1484254ED
:100B60002146641C425403222146641C4254002244
:100B70002146641C42549C4842782146641C994892
:100B80004254994802782146641C9648425496483B
:100B9000C2782146641C9348425493488278204688
:100BA000611CCCB28F490A548F48C2792046611C1F
:100BB000CCB28C490A548C4882792046611CCCB254
:100BC00088490A54884842792046611CCCB285493C
:100BD0000A54854802792046611CCCB281490A54E6
:100BE0008148427A2046611CCCB27E490A547E4834
:100BF000027A2046611CCCB27A490A547A48C27AF9
:100C00002146601CC4B2774842547748827A204615
:100C1000611CCCB273490A547348427B2046611C64
:100C2000CCB270490A547048027B2046611CCCB299
:100C30006C490A546C48C27B2046611CCCB269499D
:100C40000A546948827B2046611CCCB265490A542B
:100C50006548427C2046611CCCB262490A54624815
:100C6000027C2046611CCCB25E490A545E48C27CBC
:100C70002046611CCCB25B490A545B48827C20460A
:100C8000611CCCB257490A54201FC87000250020AF
:100C900005E05449095C2944CDB2411CC8B2A042C8
:100CA000F7DB2046611CCCB24E490D5421464D481D
:100CB00002F03BFC02F04BFC70BD2DE9F04704460E
:100CC00089464FF0000A002005E0215C514401F004
:100CD000FF0A411CC8B2A9F101018142F5DC04EB15
:100CE000090010F8010C504501D0BDE8F0872078CC
:100CF000AA2802D16078AA2800D0F6E7A0780128B7
:100D00004CD12179090209B2627941EA020007F067
:100D1000F2FD0746354A364B07F007FD054607F05A
:100D20000FFE34490861A179090209B2E27941EA6A
:100D3000020007F0E0FD07462C4A2D4B07F0F5FCBA
:100D4000054607F0FDFD2B494861217A090209B2E9
:100D5000627A41EA020007F0CEFD0546234A244BA1
:100D600007F0E3FC074607F0EBFD22498861A17A12
:100D70000906E27A41EA0241227B41EA0221627BD2
:100D800041EA020007F0B7FD05461B4A1B4B07F07E
:100D9000CCFC074607F0D4FD1649C861A0780528A9
:100DA0001ED12079617941EA002012494881207AD8
:100DB0000870607A4871A07AE17A41EA00200D4912
:100DC0008881207B617B41EA00200A49C88108466E
:100DD000C0890B490988884202D10020094908705E
:100DE00000BF82E7A0020020CA0100209A999999C9
:100DF0009999B93FE40600207B14AE47E17A843F1D
:100E000030000020380000202DE9F84306460F4648
:100E10000024A046AA222146641C1F484254AF2247
:100E20002146641C4254F1222146641C4254002293
:100E30002146641C425400969DF801202146641C02
:100E400042549DF800202146641C425400979DF8AE
:100E500001202146641C42549DF800202046611C5C
:100E6000CCB20D490A54201FC870002506E00A487C
:100E7000405D404400F0FF08681CC5B2A542F6DBA7
:100E80002046611CCCB2044901F8008020210248B0
:100E9000FFF7A4FDBDE8F883A002002010B51221E1
:100EA0000E4802F05CFC10BD10B500200B49087024
:100EB0004870488088800881C88044204881FFF7B6
:100EC000EDFF10BD10B51221044802F029FC0348C3
:100ED0004089442801D0FFF7E7FF10BDD20200206F
:100EE00010B50A4622B14FF48053FB4C236004E056
:100EF0004FF48053F84C241D2360002119E04FF477
:100F00000053F54C241D236000F0800323B14FF4FF
:100F10000043241F236004E04FF40043EE4C241DE3
:100F200023604FF40053EC4C23604306180E4B1C17
:100F3000D9B20829E3DB4FF48053E74C236010BD9E
:100F400030B500241CE004F1B001C8B20021FFF765
:100F5000C7FF00210846FFF7C3FF00211020FFF75D
:100F6000BFFF002508E0DD4901EBC501085D012157
:100F7000FFF7B6FF681CC5B2802DF4DB601CC4B25D
:100F8000082CE0DB30BD00B500218D20FFF7A8FF65
:100F900000211420FFF7A4FF0021AF20FFF7A0FFDE
:100FA00000BD00B500218D20FFF79AFF0021102021
:100FB000FFF796FF0021AE20FFF792FF00BD30B58E
:100FC00000240CE0002506E00020C44901EBC50127
:100FD0000855681CC5B2802DF6DB601CC4B2082C15
:100FE000F0DBFFF7ADFF30BDF0B5144600267F28DB
:100FF00001DC3F2900DDF0BD0B46CF1701EB577731
:10100000FF10C7F10707FAB2CF1701EB5777FF10B0
:10101000A1EBC707FDB2C5F107070123BB40DEB254
:101020004CB1AE4B03EBC0039B5C3343AB4F07EBC0
:10103000C007BB5408E0A94B03EBC0039B5CB34360
:10104000A64F07EBC007BB5400BFD4E72DE9F04F14
:1010500080460C4615461E46A346A5F12000C5B2A3
:1010600000273EE00C2E07D105EB45009C4901EB23
:10107000800010F8079004E09A4800EB051010F883
:1010800007904FF0000A26E009F0800028B12146C1
:101090004046099AFFF7A8FF09E0099808B901201E
:1010A00000E00020024621464046FFF79DFF4FEA40
:1010B00049604FEA1069601CC4B2A4EB0B00B04257
:1010C00005D15C4608F1010000F0FF0806E00AF1D6
:1010D000010000F0FF0ABAF1080FD5DB00BF781C51
:1010E000C7B2B742BEDBBDE8F08F2DE9F04F07462F
:1010F0000C4690461D46A346002634E008EB480007
:10110000794901EB800010F806904FF0000A24E0C6
:1011100009F0800028B121463846099AFFF764FF9C
:1011200009E0099808B9012000E0002002462146A4
:101130003846FFF759FF4FEA49604FEA1069601CD3
:10114000C4B2A4EB0B00A84203D15C46781CC7B222
:1011500006E00AF1010000F0FF0ABAF1080FD7DB40
:1011600000BF701CC6B2AE42C8DBBDE8F08F2DE9EF
:10117000F84306460F4614461D46DDF82090012030
:1011800000906006020E2B4639463046FFF7ADFF51
:101190000120A84605EBD87106EB61010090C8B2AA
:1011A000012101EB4401CAB22B463946FFF79DFFEE
:1011B000BDE8F8832DE9F04F07460C4690461D46E2
:1011C000A34600262FE018F806904FF0000A24E00E
:1011D00009F0800028B121463846099AFFF704FF3C
:1011E00009E0099808B9012000E0002002462146E4
:1011F0003846FFF7F9FE4FEA49604FEA1069601C74
:10120000C4B2A4EB0B00A84203D15C46781CC7B261
:1012100006E00AF1010000F0FF0ABAF1080FD7DB7F
:1012200000BF701CC6B2AE42CDDBBDE8F08F10B57A
:101230000246012000E050430B1EA1F10104E1B27F
:10124000F9D110BD2DE9FF4F81B0074691461E46EA
:101250000E9D4FF0000A002439E0301B401EC1B241
:101260000A20FFF7E4FFB9FBF0F00A21B0FBF1F22E
:1012700001FB1208BAF1000F16D1701EA04213DD57
:10128000B8F1000F0ED10120AB4605EBDB71491020
:1012900001FB04710090C8B22B4620220299FFF78F
:1012A000D5FE12E04FF0010A0120AB4605EBDB71E1
:1012B000491001FB04710090C8B208F13001CAB2B4
:1012C0002B460299FFF7C2FE00BF601CC4B2B442B5
:1012D000C3DB05B0BDE8F08F100C0140E402002034
:1012E00070930008E4970008D49D00082DE9F841A8
:1012F00005460E4614461F46DDF81C8018E07A2D80
:1013000003DD002506F11000C6B23A2E04DD0020F0
:1013100005460646FFF753FECDF8008022783B468F
:1013200031462846FFF792FE05F10800C5B2641C5D
:1013300020780028E3D1BDE8F88178B505460E464F
:10134000144618E07A2D03DD002506F11000C6B220
:101350003A2E04DD002005460646FFF730FE012048
:1013600000902278102331462846FFF76FFE05F1E2
:101370000800C5B2641C20780028E3D178BD08B508
:101380000121082002F088FE4FF42040ADF8000053
:1013900010208DF8030003208DF8020069464B48A9
:1013A00003F08AFA4FF42041484803F032FB4FF42F
:1013B000A040ADF8000010208DF8030003208DF848
:1013C00002006946414803F077FA4FF480413F48F4
:1013D00003F01FFB4FF480403C49143108604FF488
:1013E0007A7001F048FB4FF48040384910310860B2
:1013F0000021AE20FFF774FD00210846FFF770FDC5
:1014000000211020FFF76CFD00214020FFF768FD50
:1014100000218120FFF764FD0021CF20FFF760FD50
:101420000021A120FFF75CFD0021C020FFF758FD3F
:101430000021A620FFF754FD0021A820FFF750FD52
:1014400000213F20FFF74CFD0021D320FFF748FD8E
:1014500000210846FFF744FD0021D520FFF740FD9D
:1014600000218020FFF73CFD0021D920FFF738FD47
:101470000021F120FFF734FD0021DA20FFF730FDD5
:1014800000211220FFF72CFD0021DB20FFF728FDB3
:1014900000213020FFF724FD00212020FFF720FD50
:1014A00000210220FFF71CFD00218D20FFF718FD11
:1014B00000211420FFF714FDFFF781FD0021AF206C
:1014C000FFF70EFD00200249887008BD000C0140A6
:1014D000E40600202DE9F84F04460E4690461F46CC
:1014E000DDE90B5ADDF828900D2C7ED2DFE804F000
:1014F000071019222B343D464F58616A7400301989
:10150000C2B22B46494638460095FFF730FE74E0DC
:101510003019C2B22B46494638460095FFF727FEE0
:101520006BE03019C2B22B46494638460095FFF7AA
:101530001EFE62E03019C2B22B464946384600957D
:10154000FFF715FE59E03019C2B22B46494638461E
:101550000095FFF70CFE50E03019C2B22B46494609
:1015600038460095FFF703FE47E03019C2B22B461C
:10157000494638460095FFF7FAFD3EE03019C2B201
:101580002B46494638460095FFF7F1FD35E0301906
:10159000C2B22B46494638460095FFF7E8FD2CE0DD
:1015A0003019C2B22B46494638460095FFF7DFFD99
:1015B00023E03019C2B22B46494638460095FFF762
:1015C000D6FD1AE03019C2B22B464946384600957E
:1015D000FFF7CDFD11E008E03019C2B22B464946B5
:1015E00038460095FFF7C3FD07E02B4642464946C3
:1015F00038460095FFF7BBFD00BF00BFBDE8F88F80
:1016000000B587B0FE480078FE490978884205D0C9
:10161000FB480078FB490870FFF7D1FCFA48C07816
:10162000B0B3FA480078401CF849087008460078C2
:1016300003280BDD00200870F548007818B9012058
:10164000F349087002E00020F1490870002004907E
:101650001AE0EF4800780090049800EB4000ED4954
:1016600001EB80000390049800EB40001D2101EB8A
:101670004000C0B20C2302900021039AFFF79AFDAC
:101680000498401CC0B2049004980C28E1DB6DE083
:10169000FFE7DD48007B00F02000B0B3DB480078B6
:1016A000401CDA4908700846007803280BDD00204A
:1016B0000870D748007818B90120D549087002E0B1
:1016C0000020D3490870002004901AE0D048007828
:1016D0000090049800EB4000CF4901EB800003909C
:1016E000049800EB40001D2101EB4000C0B20C2328
:1016F00002900021039AFFF75DFD0498401CC0B2E0
:10170000049004980C28E1DB30E0FFE701200C2373
:101710000022114600901D20FFF729FD01200C2317
:101720000246002100902920FFF721FD01200C2313
:101730000222002100903520FFF719FD01200C2323
:101740000322002100904120FFF711FD01200C230E
:101750000422002100904D20FFF709FD01200C23F9
:101760000522002100905920FFF701FDA6480079CD
:1017700040B101200C230622002100900220FFF737
:10178000F6FC0AE00C200090A448007803230246EF
:10179000002104900220FFF755FD9B484079142159
:1017A00090FBF1F0C0B206900698052831D2DFE830
:1017B00000F0030C151E270001200C230622002137
:1017C00000907220FFF7D3FC2CE001200C230722AD
:1017D000002100907220FFF7CAFC23E001200C23B7
:1017E0000822002100907220FFF7C1FC1AE00120BE
:1017F0000C230922002100907220FFF7B8FC11E0B1
:1018000001200C230A22002100907220FFF7AFFC78
:1018100008E001200C230B22002100907220FFF72A
:10182000A6FC00BF00BF01200C237DA20E2100906A
:101830000520FFF75BFD01200C237BA20E21009009
:101840002920FFF753FD70480089642190FBF1F0D7
:1018500004900C20012300900E212320049AFFF70E
:10186000F1FC69480089642190FBF1F201FB120050
:1018700004900C20022300900E212F20049AFFF7E1
:10188000E1FC61480089642190FBF1F201FB120048
:101890000A2807DA0C20012300220E2100902F20B5
:1018A000FFF7D0FC01200C2360A20E210090452000
:1018B000FFF71CFD01200C235BA20E210090692084
:1018C000FFF714FD50484089642190FBF1F004902B
:1018D0000C20012300900E216320049AFFF7B2FC34
:1018E00049484089642190FBF1F201FB1200049009
:1018F0000C20022300900E216F20049AFFF7A2FC17
:1019000041484089642190FBF1F201FB12000A2852
:1019100007DA0C20012300220E2100906F20FFF730
:1019200091FC01200C2343A21A2100900520FFF70F
:10193000DDFC4248B0F90000A0F57A70292190FB47
:10194000F1F0C0B2069001200C211A222423CDE927
:101950000021029018220698FFF7BCFD3748B0F925
:101960000000A0F2DC50292190FBF1F0C0B20690FB
:1019700001200C211A223023CDE9002102900A46D1
:101980000698FFF7A7FD01200C232DA21A21009035
:101990004520FFF7ABFC2948B0F90600A0F57A70A6
:1019A000292190FBF1F0C0B2069001200C211A22EF
:1019B0006423CDE90021029018220698FFF78AFDE2
:1019C0001E48B0F90600A0F2DC50292190FBF1F08E
:1019D000C0B2069001200C211A227023CDE900210B
:1019E00002900A460698FFF775FD01200C2316A207
:1019F000262100900520FFF779FC104828E0000020
:101A0000390000203A000020E40600203B000020BE
:101A10003C000020F8A6000888A70008D202002099
:101A2000522D563A000000002E000000462D563A76
:101A3000000000005448523A00000000CA01002093
:101A4000524F4C3A000000005941573A0000000044
:101A5000B0F90200A0F57A70292190FBF1F0C0B234
:101A6000069001200C2126222423CDE9002102909A
:101A700018220698FFF72EFDFC48B0F90200A0F2EC
:101A8000DC50292190FBF1F0C0B2069001200C211E
:101A900026223023CDE9002102900A460698FFF75E
:101AA00019FD01200C23F2A2262100904520FFF70A
:101AB0001DFCEE48B0F90400A0F57A70292190FBD6
:101AC000F1F0C0B2069001200C2126226423CDE95A
:101AD0000021029018220698FFF7FCFCE348B0F9B9
:101AE0000400A0F2DC50292190FBF1F0C0B2069076
:101AF00001200C2126227023CDE9002102900A4604
:101B00000698FFF7E7FCDC48407900287DD0DA48EA
:101B10000078012879D1D9490870D7480069002890
:101B20000CDAD54800694042059001200C23D4A26C
:101B3000322100900020FFF7D9FB0AE0CE4800696F
:101B4000059001200C23CFA2322100900020FFF746
:101B5000CDFB0A21059890FBF1F004900C200323A3
:101B6000009032210820049AFFF76CFB01200C231F
:101B7000AFF24C12322100901C20FFF7B7FB0A2174
:101B8000059890FBF1F201FB120004900C20012358
:101B9000009032212020049AFFF754FBB648406998
:101BA00000280CDAB44840694042059001200C231B
:101BB000B3A2322100903320FFF798FB0AE0AE4831
:101BC0004069059001200C23AEA232210090332001
:101BD000FFF78CFB0A21059890FBF1F004900C2094
:101BE0000323009032213B20049AFFF72BFB0120B6
:101BF0000C23AFF2CC12322100904F20FFF776FB7E
:101C00000A21059890FBF1F200E03EE001FB120092
:101C100004900C200123009032215320049AFFF7F6
:101C200011FB9548C06900280CDA9348C06940420E
:101C3000059001200C2392A2322100906720FFF72B
:101C400055FB0AE08C48C069059001200C238DA249
:101C5000322100906720FFF749FB0598B0F57A7FA5
:101C60000ADB40F2E730059001200C2386A23221E6
:101C700000906720FFF73AFB0C20032300903221ED
:101C80006F20059AFFF7DEFA92E002207B49087088
:101C900001200C237DA2322100900220FFF726FBB9
:101CA0007B484088A0F57A70292190FBF1F0C0B202
:101CB000069001200C2132221123CDE9002102904F
:101CC00018220698FFF706FC71484088A0F2DC5005
:101CD000292190FBF1F0C0B2069001200C213222A4
:101CE0001D23CDE9002102900A460698FFF7F2FB7A
:101CF00001200C2367A2322100902E20FFF7F6FA74
:101D000063480089A0F57A70292190FBF1F0C0B2F8
:101D1000069001200C2132223D23CDE900210290C2
:101D200018220698FFF7D6FB59480089A0F2DC502C
:101D3000292190FBF1F0C0B2069001200C21322243
:101D40004923CDE9002102900A460698FFF7C2FB1D
:101D500001200C2350A2322100905A20FFF7C6FA2E
:101D60004B488088A0F57A70292190FBF1F0C0B231
:101D7000069001200C2132226923CDE90021029036
:101D800018220698FFF7A6FB41488088A0F2DC5095
:101D9000292190FBF1F0C0B2069001200C213222E3
:101DA0007523CDE9002102900A460698FFF792FBC1
:101DB000FFF7C6F807B000BD2DE9F843002600255F
:101DC000A84614E0012008EB4801344B03EB8102E4
:101DD00008EB4801282303EB41010090C8B20C2313
:101DE0003146FFF7E7F908F1010000F0FF08B8F10C
:101DF000080FE7DB2A49B1F90000C11700EB917128
:101E0000C1F38707B806050E26480078B84203D00C
:101E100024480770FFF7D3F817B1012F7DD1ABE14C
:101E200006F10D00C6B24FF0000814E0012008EBE7
:101E300048011D4B03EB810208EB4801002303EB33
:101E400041010090C8B20C233146FFF7B3F908F105
:101E5000010000F0FF08B8F10A0FE7DB1048B0F905
:101E60000000A84222D1002421E00000CA01002085
:101E70005049543A00000000E406002039000020D8
:101E80002D0000002B0000003E000000523A000030
:101E9000D2020020593A0000503A00005CA000082D
:101EA0002C0000203D000020BCA000080124FA48BE
:101EB000007800F00100D0B14FF0000813E008EB0B
:101EC0004801F64B03EB810208EB48015E2303EB6C
:101ED0004101C8B20C2331460094FFF76BF908F1B9
:101EE000010000F0FF08B8F1060FE8DB1BE04FF03F
:101EF000000815E008EB4801E94B03EB810208EB11
:101F000048015E2303EB4101C8B20C233146009423
:101F1000FFF750F908F1010000E004E200F0FF08CB
:101F2000B8F1060FE6DB681CC5B206F10D00C6B2BB
:101F30004FF0000814E0012008EB4801D94B03EBF7
:101F4000810208EB4801002303EB41010090C8B275
:101F50000C233146FFF72EF908F1010000F0FF08CD
:101F6000B8F10A0FE7DBD048B0F90000A84201D170
:101F7000002400E00124C848007800F00200D0B13D
:101F80004FF0000813E008EB4801C44B03EB81025B
:101F900008EB48015E2303EB4101C8B20C23314634
:101FA0000094FFF707F908F1010000F0FF08B8F10D
:101FB000060FE8DB19E04FF0000813E008EB4801DA
:101FC000B74B03EB810208EB48015E2303EB4101B1
:101FD000C8B20C2331460094FFF7ECF808F1010079
:101FE00000F0FF08B8F1060FE8DB681CC5B206F187
:101FF0000D00C6B24FF0000814E0012008EB4801C4
:10200000AA4B03EB810208EB4801002303EB4101DB
:102010000090C8B20C233146FFF7CCF808F101005C
:1020200000F0FF08B8F10A0FE7DB9F48B0F90000A5
:10203000A84201D1002400E001249748007800F074
:102040000400D0B14FF0000813E008EB4801934BB7
:1020500003EB810208EB48015E2303EB4101C8B2A8
:102060000C2331460094FFF7A5F808F1010000F0B9
:10207000FF08B8F1060FE8DB19E04FF0000813E0A5
:1020800008EB4801864B03EB810208EB48015E2315
:1020900003EB4101C8B20C2331460094FFF78AF8E4
:1020A00008F1010000F0FF08B8F1060FE8DB681C3A
:1020B000C5B206F10D00C6B24FF0000814E00120D1
:1020C00008EB48017A4B03EB810208EB480100233F
:1020D00003EB41010090C8B20C233146FFF76AF8C8
:1020E00008F1010000F0FF08B8F10A0FE7DB6E48C5
:1020F000B0F90000A84201D1002400E001246648A4
:10210000007800F00800D0B14FF0000813E008EBB1
:102110004801624B03EB810208EB48015E2303EBAD
:102120004101C8B20C2331460094FFF743F808F18F
:10213000010000F0FF08B8F1060FE8DB19E04FF0EE
:10214000000813E008EB4801554B03EB810208EB54
:1021500048015E2303EB4101C8B20C2331460094D1
:10216000FFF728F808F1010000F0FF08B8F1060FAA
:10217000E8DB681CC5B2D7E006F10D00C6B24FF02F
:10218000000814E0012008EB48014A4B03EB8102F0
:1021900008EB4801002303EB41010090C8B20C2377
:1021A0003146FFF707F808F1010000F0FF08B8F129
:1021B0000A0FE7DB3C48B0F90000A84201D1002437
:1021C00000E001243448007800F01000D0B14FF056
:1021D000000813E008EB4801304B03EB810208EBE9
:1021E00048015E2303EB4101C8B20C233146009441
:1021F000FEF7E0FF08F1010000F0FF08B8F1060F5C
:10220000E8DB19E04FF0000813E008EB4801244B2D
:1022100003EB810208EB48015E2303EB4101C8B2E6
:102220000C2331460094FEF7C5FF08F1010000F0D1
:10223000FF08B8F1060FE8DB681CC5B206F10D0017
:10224000C6B24FF0000814E0012008EB48011A4B19
:1022500003EB810208EB4801002303EB41010090EE
:10226000C8B20C233146FEF7A5FF08F1010000F0CB
:10227000FF08B8F10A0FE7DB0B48B0F90000A842ED
:1022800001D1002400E001240348007800F0200080
:1022900060B34FF0000825E03000002048A500089A
:1022A00090A5000834A100082C000020ACA1000873
:1022B00024A20008D8A5000818A8000808EB4801C7
:1022C000FE4B03EB810208EB48015E2303EB410167
:1022D000C8B20C2331460094FEF76CFF08F10100F0
:1022E00000F0FF08B8F1060FE8DB19E04FF0000836
:1022F00013E008EB4801F24B03EB810208EB4801C5
:102300005E2303EB4101C8B20C2331460094FEF773
:1023100051FF08F1010000F0FF08B8F1060FE8DBFB
:10232000681CC5B200E000BF00BFFEF709FEBDE8B3
:10233000F8832DE9F84300250026E2488089E24928
:102340000880A84614E0012008EB4801DF4B03EBAE
:10235000810208EB4801222303EB41010090C8B23F
:102360000C232946FEF726FF08F1010000F0FF08C4
:10237000B8F10A0FE7DBD649B1F90000C11700EB4D
:102380009171C1F38707B806060ED2480078B842AB
:1023900003D0D0480770FEF712FE17B1012F7DD190
:1023A000AAE105F10D00C5B24FF0000814E00120CC
:1023B00008EB4801C84B03EB810208EB48010023FE
:1023C00003EB41010090C8B20C232946FEF7F2FE50
:1023D00008F1010000F0FF08B8F1080FE7DB304614
:1023E000711CCEB2BA49B1F90010884201D1002463
:1023F00000E00124B448007800F00100D0B14FF0B3
:10240000000813E008EB4801B44B03EB810208EB32
:102410004801682303EB4101C8B20C23294600940C
:10242000FEF7C8FE08F1010000F0FF08B8F1040F44
:10243000E8DB19E04FF0000813E008EB4801A84B77
:1024400003EB810208EB4801682303EB4101C8B2AA
:102450000C2329460094FEF7ADFE08F1010000F0C0
:10246000FF08B8F1040FE8DB05F10D00C5B24FF02D
:10247000000816E0012008EB48019A4B03EB8102AB
:1024800008EB4801002303EB41010090C8B20C2384
:102490002946FEF78FFE08F1010000E0F3E100F0AD
:1024A000FF08B8F1080FE5DB3046711CCEB2884951
:1024B000B1F90010884201D1002400E001248248D3
:1024C000007800F00200D0B14FF0000813E008EBF4
:1024D0004801824B03EB810208EB4801682303EBC0
:1024E0004101C8B20C2329460094FEF763FE08F1AF
:1024F000010000F0FF08B8F1040FE8DB19E04FF02D
:10250000000813E008EB4801754B03EB810208EB70
:102510004801682303EB4101C8B20C23294600940B
:10252000FEF748FE08F1010000F0FF08B8F1040FC3
:10253000E8DB05F10D00C5B24FF0000814E0012002
:1025400008EB4801684B03EB810208EB48010023CC
:1025500003EB41010090C8B20C232946FEF72AFE86
:1025600008F1010000F0FF08B8F10A0FE7DB304680
:10257000711CCEB25649B1F90010884201D1002435
:1025800000E001245048007800F00400D0B14FF082
:10259000000813E008EB4801504B03EB810208EB05
:1025A0004801682303EB4101C8B20C23294600947B
:1025B000FEF700FE08F1010000F0FF08B8F1040F7B
:1025C000E8DB19E04FF0000813E008EB4801444B4A
:1025D00003EB810208EB4801682303EB4101C8B219
:1025E0000C2329460094FEF7E5FD08F1010000F0F8
:1025F000FF08B8F1040FE8DB05F10D00C5B24FF09C
:10260000000814E0012008EB4801384B03EB81027D
:1026100008EB4801002303EB41010090C8B20C23F2
:102620002946FEF7C7FD08F1010000F0FF08B8F1E8
:102630000C0FE7DB3046711CCEB22549B1F9001012
:10264000884201D1002400E001241F48007800F0F6
:102650000800D0B14FF0000813E008EB48011F4B11
:1026600003EB810208EB4801682303EB4101C8B288
:102670000C2329460094FEF79DFD08F1010000F0AF
:10268000FF08B8F1040FE8DB35E04FF0000813E075
:1026900008EB4801124B03EB810208EB4801682369
:1026A00003EB4101C8B20C2329460094FEF782FDDA
:1026B00008F1010000F0FF081AE0000048A500083A
:1026C00090A50008E4060020360000209CA2000827
:1026D000320000203E00002014A30008E8A40008F7
:1026E00018A5000880A30008E0A3000858A400086B
:1026F000B8F1040FCCDBC7E005F10D00C5B24FF017
:10270000000814E0012008EB4801C24B03EB8102F2
:1027100008EB4801002303EB41010090C8B20C23F1
:102720002946FEF747FD08F1010000F0FF08B8F167
:102730000E0FE7DB3046711CCEB2B749B1F900107D
:10274000884201D1002400E00124B448007800F060
:102750001000D0B14FF0000813E008EB4801B04B77
:1027600003EB810208EB4801682303EB4101C8B287
:102770000C2329460094FEF71DFD08F1010000F02E
:10278000FF08B8F1040FE8DB19E04FF0000813E090
:1027900008EB4801A34B03EB810208EB48016823D7
:1027A00003EB4101C8B20C2329460094FEF702FD59
:1027B00008F1010000F0FF08B8F1040FE8DB05F1B3
:1027C0000D00C5B24FF0000814E0012008EB4801ED
:1027D000954B03EB810208EB4801002303EB410119
:1027E0000090C8B20C232946FEF7E4FC08F1010072
:1027F00000F0FF08B8F10A0FE7DB3046711CCEB2DB
:102800008549B1F90010884201D1002400E001247B
:102810008248007800F04000D0B14FF0000813E08B
:1028200008EB48017E4B03EB810208EB480168236B
:1028300003EB4101C8B20C2329460094FEF7BAFC11
:1028400008F1010000F0FF08B8F1040FE8DB19E01F
:102850004FF0000813E008EB4801724B03EB8102D4
:1028600008EB4801682303EB4101C8B20C23294659
:102870000094FEF79FFC08F1010000F0FF08B8F19A
:10288000040FE8DB00E000BF00BFFEF759FBBDE826
:10289000F88307B5B0F5E16F05DD644A1278521C84
:1028A000624B1A700AE0614A1278022A03DD0A8834
:1028B000521E12B20A8000225C4B1A70B0F5966F5D
:1028C00005DA5B4A1278521C594B1A700AE0584AD2
:1028D0001278022A03DD0A88521C12B20A800022F2
:1028E000534B1A70B1F90020002A03DABDF9082011
:1028F0000A8007E0B1F90020BDF908309A4201DDF5
:1029000000220A800EBD17B5B0F5E16F02DCB0F50C
:10291000966F05DA474A1278521C464B1A700DE042
:10292000444A1278022A06DD0A88BDF808400123CD
:10293000A3405A400A8000223E4B1A701EBD00B5CB
:102940003D4880783D490978884218D03A488078D7
:10295000012803D13848C0893949088037480078B0
:10296000012808D13448C08935490988884202D0F5
:1029700001203449087030488078304908702E486A
:102980008078012802D0022820D115E02E498988BC
:1029900088B22E49B1F900202D49FFF77AFF264869
:1029A000807940B12849C98888B22949B1F9002005
:1029B0002349FFF7A8FF0AE02349898888B22549FF
:1029C000B1F900201449FFF764FF00E000BF00BF29
:1029D00000BD10B5184880781F490978884205D095
:1029E000154880781C490870FEF7E9FA124880788B
:1029F00020B1012805D0022809D105E0FEF700FE2C
:102A000006E0FFF7D9F903E0FFF793FC00E000BF11
:102A100000BF10BD50A60008320000203600002084
:102A2000E8A4000818A5000890A800083F000020AE
:102A30004000002041000020E40600204200002069
:102A40003000002038000020CA0100202E000020A5
:102A50002C000020340000204300002000B585B089
:102A6000684601F0ACFA0A490098B0FBF1F0094958
:102A7000086005B000BD01B502E00098401E00905E
:102A800000980028F9D108BD10B5FDF76BFC10BD0A
:102A900040420F004400002010B500F073FB10BD51
:102AA00010B5FFF7F1FF10BD704710B505F086FABD
:102AB00010BD000000B587B00121084601F0F9FA09
:102AC0000121084601F0E8FA0121654801F0C5FF3F
:102AD00040F2CF70ADF814004720ADF81000002090
:102AE000ADF81600ADF8120004A94FF0804002F0D6
:102AF0008BFA6020ADF800000120ADF80200002044
:102B0000ADF80600ADF8080069464FF0804002F0CD
:102B100092FB0821C80602F022FF0121880702F07B
:102B2000CFFE0121880702F0CBFD00204FF080414D
:102B3000888707B000BD08B50121084601F0ACFA4E
:102B40000121182001F0A8FA10208DF803000320BD
:102B50008DF802004FF40070ADF80000694641485E
:102B600001F0AAFE0220ADF8000003208DF802005B
:102B700010208DF8030069463A4801F09DFE1020B0
:102B80008DF8030002208DF802004002ADF800002D
:102B90006946344801F090FE4FF48061314801F0FD
:102BA00038FF08BD10B5002423E002212D4801F0B4
:102BB00032FF4FF480612B4801F02DFF4FF400717C
:102BC000284801F028FF2848FFF755FF0221254833
:102BD00001F01FFF4FF40071224801F01AFF4FF47B
:102BE0008061204801F015FF1F48FFF744FF601C7B
:102BF000C4B2032CD9DB10BD2DE9F14F82B01B48C4
:102C00000168029805F022FC184908601849174825
:102C1000006805F0E1FE02D800201449086013485E
:102C2000006805F0C5FECDE9000106F051FB8046C5
:102C30000022104B05F0D2FC064600224FF08043E4
:102C400005F0E5FD044600220B4B05F06EFD8246C3
:102C500005F095FE4FF080418887BDE8FE8F0000AB
:102C600000021800000C0140C02709004C000020A1
:102C7000DB0FC9400000F03F003C9F4070B50546A7
:102C80000C4600F0F2F9284600F0D0F9064620463E
:102C900000F0CCF900F0E3F9304670BD70B50446A1
:102CA00000F0E3F9204600F0C1F9002000F0BEF981
:102CB000054600F0D4F9284670BD2DE9F0410746DD
:102CC0000D46164600F0D1F9384600F0AFF98046BF
:102CD000002404E0285D00F0A9F9601CC4B2B442ED
:102CE000F8DB00F0BCF94046BDE8F0812DE9F04189
:102CF00007460D46164600F0B8F9384600F096F93A
:102D00008046002405E0002000F090F92855601C62
:102D1000C4B2B442F7DB00F0A2F94046BDE8F0814E
:102D200070B504460D4605227E492A20FFF7C5FFEF
:102D30002A462146A020FFF7C0FF70BD70B50446AB
:102D40000D462A462146A820FFF7B7FF70BD10B5F3
:102D500075480078F0B17548008800280ADD002029
:102D60007149087072480078401E71490870FEF77A
:102D700095F80FE06E4801780078401C6C4B187095
:102D80002520FFF77BFF6A4800787D2802DD0020C0
:102D90006749087010BD70B504460D4605226549A7
:102DA0002A20FFF78AFF05225E493020FFF785FFC2
:102DB00001212120FFF762FF01212220FFF75EFFA2
:102DC0001A212420FFF75AFF29462520FFF756FF36
:102DD0000F212620FFF752FF012C08D1202131209E
:102DE000FFF74CFF0F212020FFF748FF41E0022CA6
:102DF00008D120213120FFF741FF0E212020FFF7CD
:102E00003DFF36E0032C1AD1FF21E120FFF736FF0A
:102E1000FF21E220FFF732FF0F212020FFF72EFFD6
:102E2000502000F003F9732000F000F901213C204C
:102E3000FFF724FF06213D20FFF720FF19E00E21B8
:102E40002020FFF71BFFFF21E120FFF717FFFF21E5
:102E5000E220FFF713FF502000F0E8F8732000F0A5
:102E6000E5F801213C20FFF709FF06213D20FFF78F
:102E700005FF70BD1CB505222A493020FFF71DFF54
:102E8000052269461020FFF731FF002408E01DF8F5
:102E900004002449095D884200D003E0601CC4B2EC
:102EA000052CF4DB00BF052C01D101201CBD002046
:102EB000FCE710B50720FFF7F1FE044604F04000E0
:102EC00000B36020FFF7EAFE1B490870084600784F
:102ED000212813DA0846027818496120FFF706FF17
:102EE000154801781548FDF7E8FE10480088401C99
:102EF0000E49088001201249087003E0FF21E220FA
:102F0000FFF7BCFE04F0100030B104F0010018B16E
:102F1000FF21E120FFF7B2FE21462720FFF7AEFE9A
:102F200010BD0000500000205B0000205E0000206B
:102F3000D2020020550000205A0000200407002083
:102F40006000002000B587B00121080301F0B1F84E
:102F50000121052001F0A0F80121474801F07DFD85
:102F60004FF00070454948600121042001F094F8B9
:102F70004FF40040ADF8040003208DF80600102047
:102F80008DF8070001A93E4801F096FC01210420BC
:102F900001F082F81020ADF8040003208DF806003F
:102FA00010208DF8070001A9354801F085FC10219B
:102FB000334801F02EFD4FF40041314801F029FD66
:102FC000E020ADF8040003208DF8060018208DF8ED
:102FD000070001A92A4801F06FFC0021294801F0EF
:102FE00084FE0020ADF808004FF48270ADF80A00AE
:102FF0000020ADF80C00ADF80E00ADF810004FF455
:103000000070ADF812001020ADF814000020ADF8EB
:1030100016000720ADF8180002A91A4801F0C0FDFB
:103020000121184801F061FE07B000BD10B504464B
:1030300000BF0221134801F0DCFE0028F9D0214630
:10304000104801F083FE00BF01210E4801F0D1FEBF
:103050000028F9D00B4801F07BFEC0B210BD10B5BE
:103060001021074801F0D5FC10BD10B5102104480F
:1030700001F0D1FC10BD0000000230000000014052
:10308000000801400030014010B588B0044601211D
:10309000880301F001F80121084600F0FDFF01213D
:1030A000042000F0F9FF4FF40070ADF80400032095
:1030B0008DF8060018208DF8070001A9A64801F038
:1030C000FBFB4FF48060ADF8040003208DF8060090
:1030D00004208DF8070001A99F4801F0EDFB0121B4
:1030E000042001F0BAFC04940020ADF81400ADF8FF
:1030F0001600ADF81800ADF81C000C20ADF81A0051
:103100000020ADF80800ADF80A004FF40070ADF8EB
:103110000C000020ADF80E0004A9904802F0F1FD6B
:1031200002A98E4802F062FE012240F225518B482E
:1031300002F07FFE0121894802F06FFE25208DF804
:10314000000005208DF8010001208DF802008DF8A7
:103150000300684601F009F808B010BD08B57F48C3
:1031600002F08CFD002240F225517C4802F061FE05
:1031700025208DF8000000208DF80300684600F03F
:10318000F4FF08BD10B50821744802F021FF10B10A
:10319000724802F0B3FE7148008800F08000F0B180
:1031A0006E480C30008800F08000C0B16C48017897
:1031B0000078401C6A4A10706A48405C6749091DE3
:1031C00008801046007868490978884207D163482A
:1031D0000C30008820F0800060490C3108805F4886
:1031E000008800F0200000286DD05C48001D008899
:1031F000C4B25E48007838B9AA2C05D101205B49D9
:1032000008705B4804705DE058480078012807D1D9
:10321000AA2C05D10220554908705548447051E048
:1032200052480078022807D1F12C05DC03204F49D1
:1032300008704F48847045E04C48007803280CD152
:10324000FF2C0ADA0420494908704948C4704948EB
:10325000047000204849087034E04448007804288D
:1032600019D144480078002815DD42480078401EF6
:1032700040490870404800783F490978491C3E4A57
:103280001170001D3A490C543A480078D0B9052015
:103290003649087016E03548007805280FD100201F
:1032A0003249087034480078001D31490C543248C6
:1032B0000078401DC1B22E48FFF732FD02E0002029
:1032C0002A49087000BF10BD10B504462648017891
:1032D0000078401C244A107022484454012240F2D5
:1032E00027711E4802F0A5FD10BD10B504460FE081
:1032F00020780D2802D1FFF7E7FF08E020780A28A0
:1033000002D1FFF7E1FF02E02078FFF7DDFF641C48
:1033100020780028ECD110BD70B504460D46002081
:103320000AE0225C10490B780978491C0E4E317076
:103330000C49CA54411CC8B2A842F2DB07480C3001
:10334000008800F0800028B9012240F2277103486C
:1033500002F06FFD70BD0000000801400038014020
:10336000610000204407002062000020630000206C
:1033700044080020640000206500002008B50121F9
:10338000084600F07CFE01214FF4037000F084FE3B
:103390000F20ADF8000000208DF803006946534867
:1033A00001F08AFA0120ADF8000000208DF803003A
:1033B00069464F4801F080FA08BD00B591B04D480C
:1033C00003F088F84C4806904C480790002008907D
:1033D0000920099000200A9080200B9040000C905A
:1033E00080000D9020200E9000020F900020109081
:1033F00006A9404803F010F901213E4803F037F9CF
:103400003D484C3802F03EFE012003F01FF800203A
:10341000019001208DF808008DF809004FF460201C
:1034200003900020049009208DF8140001A932486F
:103430004C3802F04EFE4FF4004000F091FD0623A0
:10344000012200212C484C3802F0DBFE0623022228
:10345000012129484C3802F0D4FE06230322022120
:1034600025484C3802F0CDFE0723042203212248D0
:103470004C3802F0C6FE0623082211461E484C387E
:1034800002F0BFFE0723092211211B484C3802F02D
:10349000B8FE012118484C3802F052FE01211648AE
:1034A0004C3802F042FE14484C3802F060FE00BF77
:1034B00011484C3802F060FE0028F9D10E484C3813
:1034C00002F064FE00BF0C484C3802F064FE002895
:1034D000F9D1012108484C3802F067FE11B000BD57
:1034E00010B5FFF74BFFFFF768FF10BD0008014064
:1034F000000C0140080002404C2401404409002017
:1035000010B504F0DDFC04F0C9FC04F0AFFC03F0DE
:103510009BFE00207B49087004F0FDFC6420FFF74F
:10352000AAFA012004F0F7FC10BD70B50246002095
:103530000AE0145C744B1D781B785B1C724E337070
:10354000724B5C55431CD8B28842F2DB70BD10B59B
:103550006D4800786E490978884263DD6A480078D2
:103560006B490978401A3F281FDB00206949087021
:103570003F206949087000200BE065490A78097806
:10358000491C634B197061498A5C634B411C5A5456
:10359000C8B23F28F1DB40224FF48C715E4804F042
:1035A0005BF8022004F038F9ABE05A480078401C80
:1035B0005849087008460078584909788842F3D17C
:1035C0000020544908705048007851490978401A41
:1035D00051490870002015E04B4909784C4A12788F
:1035E000891A814208DD4A4909780144474A525CF8
:1035F000494B411C5A5403E00022474B411C5A548A
:10360000411CC8B23F28E7DB3F48007840490870BA
:1036100040224FF48C71404804F01EF8022004F060
:10362000FBF86EE03848007839490978884268DA52
:1036300037480078C0F580703349097808443F283E
:103640001FDB0020334908703F20334908700020F9
:103650000BE02F490A780978491C2D4B19702B492A
:103660008A5C2D4B411C5A54C8B23F28F1DB4022E2
:103670004FF48C71284803F0EFFF022004F0CCF8DF
:103680003FE024480078401C224908700846007832
:1036900022490978884234D100201E4908701C480C
:1036A000007840421849097808441B4908700020F6
:1036B00018E017490978C1F58071134A127811444E
:1036C000814209DD124909780144C9B20F4A525CAE
:1036D000114B411C5A5403E000220F4B411C5A5419
:1036E000411CC8B23F28E4DB07480078084908704D
:1036F00040224FF48C71084803F0AEFF022004F022
:103700008BF810BDDA000020680000209609002028
:103710006700002069000020B40A00206600002035
:1037200018B50246002016E04B1E441CA3420ADBDB
:10373000244BC35A00939DF8003013549DF8014068
:10374000431CD45405E01F4BC35A00939DF800302E
:103750001354831C98B28842E6DB012018BD2DE982
:10376000F04105460E4600F088FD164800F0CAFDFF
:103770008046B8F1040F02D00020BDE8F08100249B
:103780001BE0701E611C884206DB295D601C285C02
:1037900001EB002087B203E0285D00F57F4087B28F
:1037A00008496018394600F0B0FE8046B8F1040FB1
:1037B00001D00020E1E7A01C84B2B442E1DB01208B
:1037C000DBE700000000010808B50121092000F036
:1037D00063FC0121E74801F040F90121E64801F0CE
:1037E0003CF940F6FC10ADF8000048208DF80300CD
:1037F00003208DF802006946E04801F05DF84FF4BF
:103800000060DF4948808880C88008BD10B500206E
:10381000DC49C881D9480830006800F0800028B928
:103820000846B0F90E0040F00100C881D3480830C6
:10383000006800F4807030B9D248B0F90E0040F052
:103840000200D049C881CF48807B00F00100A8B1B8
:10385000CD480078401CCC49087008460078C8283C
:1038600004D10120C9490870FFF79CF9C6480078C7
:10387000FA2825DBFA20C449087021E0C248007804
:1038800002281ADBC0480078642816DCC04800789B
:10389000012812D1BF490870BD488078401CBC493E
:1038A000887008468078022804DC0846807B00F097
:1038B000400010B10020B64988700020B24908705D
:1038C000B048807B00F00200A8B1B3480078401CEB
:1038D000B149087008460078C82804D10120AF49D2
:1038E0004870FFF75FF9AC480078FA2818DBFA2037
:1038F000A949087014E0A848007802280DDBA64802
:103900000078642809DC9F48B0F90A0080F48760D9
:103910009C49488101209F49087000209E490870F9
:103920009C480078012815D18102944801F073F871
:103930009B480078401C9A49087008460078052882
:1039400008DD00200870934908704FF480618B48AF
:1039500001F05FF810BD10B54FF40071874801F019
:1039600058F89048007820B101281FD002281CD1B7
:1039700028E08D4800688D490968401A0A2814D942
:103980007E480830006840F67C010840884202D139
:103990000120844908704FF48061784801F039F8BB
:1039A0004FF40071754801F036F894E07348083020
:1039B000006840F67C010840884202D00220794924
:1039C000087088E06D480830006800F0400068B971
:1039D000724840880A387149488008464088898979
:1039E000884266D101207249087062E0634808305D
:1039F000006800F0100068B9684840880A306749DC
:103A00004880084640888989884252D10120684907
:103A100008704EE059480830006800F0200068B98E
:103A20005E4880880A305D49888008468088C98958
:103A300088423ED101205E4908703AE04F48083084
:103A4000006800F0080068B9544880880A38534973
:103A5000888008468088C98988422AD10120544933
:103A6000087026E045480830006800F0040068B996
:103A70004A4800890A304949088108460089098A6C
:103A8000884216D101204A49087012E03B480830AC
:103A9000006800F4006060B9404800890A383F4976
:103AA000088108460089098A884202D101204049DC
:103AB000087000203B4908704FF480612F4800F0E7
:103AC000AAFF4FF400712D4800F0A3FF36480068AC
:103AD0003649086000BF00BF35480078F0B335486C
:103AE0000068401C3349086008460068012807D078
:103AF00008460068142803D00846006828280AD120
:103B00004FF480611D4800F086FF4FF400711B48A0
:103B100000F07FFF2CE0274800680A2803D92548D9
:103B2000006814280FD3234800681E2803D92148B1
:103B30000068282807D31F480068322818D91D4874
:103B400000683D2814D24FF480610C4800F061FFFA
:103B50004FF40071094800F05EFF00E008E01548EE
:103B600000683C2804D10020114908701149086000
:103B700010BD00000004300000023000000C0140C5
:103B8000C0010020CA0100206E0000205B00002060
:103B9000E4060020700000206F000020D202002008
:103BA00071000020720000204800002074000020F6
:103BB0007300002078000020064880470648004730
:103BC000FEE7FEE7FEE7FEE7FEE7FEE7FEE7FEE7CD
:103BD000FEE7FEE7BB3C0008ED0000080CB5002046
:103BE000019000906C48006840F480306A49086099
:103BF00000BF6948006800F4003000900198401C44
:103C00000190009818B90198B0F5A06FF1D1624801
:103C1000006800F4003010B10120009001E00020A5
:103C200000900098012843D15C48006840F01000E3
:103C30005A4908600846006820F0030008600846FA
:103C4000006840F0020008605348406852494860EC
:103C50000846406848600846406840F48060486014
:103C60000846406820F47C1048600846406840F4EC
:103C7000E81048600846006840F08070086000BFA7
:103C80004548006800F000700028F9D042484068BC
:103C900020F00300404948600846406840F00200B8
:103CA000486000BF3C48406800F00C000828F9D18B
:103CB0000CBD10B5FFF792FF10BD10B53648006877
:103CC00040F0010034490860084640683449084023
:103CD0003149486008460068324908402E4908606A
:103CE0000846006820F4802008600846406820F4F8
:103CF000FE0048604FF41F008860FFF7DAFF4FF0C6
:103D000000602949086010BD10B500210020002284
:103D1000214B5B6803F00C0121B1042906D008296E
:103D200028D107E0214B224C236027E01F4B204C79
:103D3000236023E0184B5B6803F47010164B5B683C
:103D400003F48032022303EB904022B9194B434322
:103D5000174C23600DE0104B5B6803F4003323B174
:103D6000144B4343124C236003E0104B4343104C6D
:103D7000236003E00D4B0E4C236000BF00BF064BD9
:103D80005B68C3F303130C4CE15C094B1B68CB402D
:103D9000074C236010BD00000010024000200240CC
:103DA0000000FFF8FFFFF6FE08ED00E000127A00C9
:103DB0007C00002000093D0080000020DF480068F2
:103DC00040F00100DD49086008464068DC490840D1
:103DD000DA49486008460068DA490840D74908606F
:103DE0000846006820F4802008600846406820F4F7
:103DF000FE0048604FF41F0088607047CF49096893
:103E000021F48031CD4A11601146096821F48021E6
:103E10001160B0F5803F03D0B0F5802F0ED106E0E1
:103E2000C649096841F48031C44A116007E0C349BA
:103E3000096841F4A021C14A116000E000BF00BF41
:103E4000704710B501460022002300204A11012AC4
:103E500002D1BA4C236806E0022A02D1B74C236A89
:103E600001E0B64C636A01F01F02012494401C403B
:103E70000CB1012000E0002010BD38B500200090FA
:103E80000024002500BF3120FFF7DBFF0546009826
:103E9000401C00900098B0F5A06F01D0002DF2D02A
:103EA0003120FFF7CEFF08B1012400E000242046B6
:103EB00038BD01460020A14A106820F0F80040EA11
:103EC000C10010607047A04908607047024600209A
:103ED0009A4B586820F47C1042EA01031843974B30
:103EE0005860704798490866704701460020934A19
:103EF000506820F003000843506070478F484068C6
:103F000000F00C007047014600208C4A506820F0F9
:103F1000F00008435060704701460020874A50680F
:103F200020F4E06008435060704701460020834A57
:103F3000506820F4605040EAC1005060704729B1D9
:103F40007E4A527A02437D4B5A7204E07B4A527A8F
:103F500082437A4B5A7270477B49D8310860704768
:103F600001460020754A506820F4404008435060E4
:103F700070470021714A20321170704A82F8201077
:103F8000012802D004280AD104E001216B4A203222
:103F9000117005E00521694A2032117000E000BF70
:103FA00000BF70476949086070476449096A014366
:103FB000624A11627047654944390860704730B5FC
:103FC00000210022002400235C4D6D6805F00C01E7
:103FD00021B1042905D0082923D105E05C4D0560F5
:103FE00022E05B4D05601FE0544D6D6805F47012D2
:103FF000524D6D6805F48034022505EB92421CB9E0
:10400000544D554305600BE04C4D6D6805F400358B
:104010001DB1504D5543056002E04D4D55430560BF
:1040200002E04B4D056000BF00BF444D6D6805F0D8
:10403000F0010909484D6B5C0568DD4045603F4D66
:104040006D6805F4E061090A434D6B5C4568DD402D
:1040500085603A4D6D6805F46051C90A3E4D6B5C50
:104060004568DD40C560354D6D6805F44041890BFC
:104070003A4D6B5CC568B5FBF3F5056130BD29B100
:104080002E4A526902432D4B5A6104E02B4A526971
:1040900082432A4B5A61704729B1284A92690243E8
:1040A000264B9A6104E0254A92698243234B9A6128
:1040B000704729B1214AD2690243204BDA6104E0FA
:1040C0001E4AD26982431D4BDA61704729B11B4AEF
:1040D000D2680243194BDA6004E0184AD26882437E
:1040E000164BDA60704729B1144A12690243134B28
:1040F0001A6104E0114A12698243104B1A61704739
:1041000012494039086070470F49C86470470B492D
:10411000C87170470948406A40F08070074948629A
:10412000704701460020054A92680A400AB1012002
:1041300000E000207047014988727047001002407B
:104140000000FFF8FFFFF6FE0000424280044242FA
:1041500000127A0000093D0090000020A00000201D
:1041600031490143314A1160704770B50021002385
:104170000F22C47804B32D4C246804F4E064C4F521
:10418000E064210AC1F10403CA40447804FA03F14F
:104190008478144021430901254C0678A155047800
:1041A00004F01F050124AC4005786D11AD0005F148
:1041B000E025C5F8004109E0047804F01F0501245A
:1041C000AC401C4D0678761145F8264070BD1A4A61
:1041D0000A400243154B1B1F1A60704739B1134A3E
:1041E000121D12680243114B1B1D1A6006E00F4A94
:1041F000121D126882430D4B1B1D1A607047042864
:1042000008D14FF0E021096941F004014FF0E022AC
:10421000116107E04FF0E021096921F004014FF03E
:10422000E0221161704700000000FA050CED00E08B
:1042300000E400E080E100E080FFFF1F0146002075
:10424000FE4A106800F03800084310607047FB49D0
:10425000096821F00801F94A116011460968014313
:1042600011607047F549096821F01001F34A1160A7
:1042700011460968014311607047F148EF494860F1
:10428000F04848607047EE48EC494860ED484860A7
:104290007047EA48006940F08000E84908617047CB
:1042A000E648006940F08000E44908617047042056
:1042B000E249C96801F0010109B101200EE0DF49BE
:1042C000C96801F0040109B1022007E0DB49C968AF
:1042D00001F0100109B1032000E00420704700B58F
:1042E00002460423FFF7E3FF034603E0FFF7DFFF87
:1042F0000346521E012B01D1002AF7D102B9052332
:10430000184600BD30B5044604254FF43020FFF7B1
:10431000E6FF0546042D17D1C848006940F00200A9
:10432000C649086108464461006940F040000861E0
:104330004FF43020FFF7D3FF0546C048006941F62F
:10434000FD710840BD490861284630BD10B5042400
:104350004FF43020FFF7C3FF0446042C16D1B748B2
:10436000006940F00400B54908610846006940F062
:10437000400008614FF43020FFF7B1FF0446AF481A
:10438000006941F6FB710840AC490861204610BD48
:1043900000B502460423FFF78AFF034603E0FFF758
:1043A00086FF0346521E012B01D1002AF7D102B924
:1043B0000523184600BD10B504244FF43020FFF744
:1043C000E7FF0446042C16D19C48006940F0040025
:1043D0009A4908610846006940F0400008614FF4BE
:1043E0003020FFF7D5FF04469448006941F6FB7181
:1043F000084092490861204610BD00208F49C969D4
:1044000001F0020109B1012000E00020704730B541
:10441000A5250424FFF7F1FF00B100254FF430205B
:10442000FFF75DFF0446042C3AD185488349886034
:10443000844888600846006940F02000086108460A
:10444000006940F0400008614FF43020FFF747FF5B
:104450000446042C1BD17948006941F6DF710840FD
:10446000764908610846006940F010000861764806
:104470000580E002FFF733FF0446052C10D06F489B
:10448000006941F6EF7108406C49086108E0052CAD
:1044900006D06A48006941F6EF7108406749086133
:1044A000204630BD78B506460C4604250020009015
:1044B000E802FFF714FF0546042D24D15F48006988
:1044C00040F001005D4908613480E802FFF707FF12
:1044D0000546042D10D1B01C0090200C00990880D6
:1044E000E802FFF7FCFE05465448006941F6FE71FC
:1044F00008405249086106E05048006941F6FE71E3
:1045000008404E490861284678BD70B504460D46FE
:104510000426F002FFF7E3FE0646042E11D14748B9
:10452000006940F00100454908612580F002FFF76D
:10453000D6FE06464148006941F6FE7108403F49F3
:104540000861304670BD70B505460E460424E00291
:10455000FFF7C5FE0446042C17D139483749886057
:10456000384888600846006940F0100008612E80D5
:10457000E002FFF7B4FE0446052C06D02F48006980
:1045800041F6EF7108402D490861204670BD2DE9C4
:10459000F04304464FF6FF763746B046B146042551
:1045A000E443E6B2C4F30727C4F307484FEA1469AB
:1045B000E802FFF794FE0546042D49D120481F4923
:1045C0008860204888600846006940F01000086153
:1045D000FF2E06D01C4808300680E802FFF77FFE59
:1045E0000546042D08D1FF2F06D017480A30078052
:1045F000E802FFF774FE0546042D0AD1B8F1FF0F5B
:1046000007D011480C30A0F80080E802FFF767FEE1
:104610000546042D0AD1B9F1FF0F07D00A480E3024
:10462000A0F80090E802FFF75AFE0546052D0FD0CE
:104630000248006941F6EF71084007E0002002409F
:1046400023016745AB89EFCD00F8FF1F664908617C
:104650002846BDE8F08330B5054604244FF43020E9
:10466000FFF73DFE0446042C41D160485E49886056
:104670005F4888600846006940F0200008610846ED
:10468000006940F0400008614FF43020FFF727FE3A
:104690000446042C22D15448006941F6DF710840D9
:1046A000514908610846006940F0100008611DB1D9
:1046B00000205049088002E0A5204E4908804FF4B0
:1046C0003020FFF70CFE0446052C10D04648006948
:1046D00041F6EF7108404449086108E0052C06D016
:1046E0004148006941F6DF7108403F4908612046B2
:1046F00030BDF0B505460E46174604243B483A49FE
:1047000088603B488860E002FFF7E9FD0446042C1E
:1047100019D13548006940F010003349086147F06D
:10472000F800304328433349891C0880E002FFF732
:10473000D6FD0446052C06D02B48006941F6EF71E2
:104740000840294908612046F0BD2748C069800813
:1047500070472548006A704700202349096801F026
:10476000200109B1012000E00020704729B11E4A54
:10477000126902431C4B1A6104E01B4A126982430E
:10478000194B1A61704701460020012908D1164AC9
:10479000D26902F001020AB1012008E0002006E01F
:1047A000114AD2680A400AB1012000E00020704797
:1047B0000D49C860704704200B49C96801F0010128
:1047C00009B101200EE00849C96801F0040109B1EE
:1047D000022007E00449C96801F0100109B1032073
:1047E00000E00420704700000020024023016745DC
:1047F000AB89EFCD00F8FF1F10B50446CC488442CA
:1048000008D101210420FFF761FC00210420FFF7FB
:104810005DFC46E0C748844208D101210820FFF72B
:1048200055FC00210820FFF751FC3AE0C2488442C1
:1048300008D101211020FFF749FC00211020FFF7CB
:1048400045FC2EE0BD48844208D101212020FFF71D
:104850003DFC00212020FFF739FC22E0B8488442CB
:1048600008D101214020FFF731FC00214020FFF753
:104870002DFC16E0B348844208D101218020FFF7C7
:1048800025FC00218020FFF721FC0AE0AE4884428D
:1048900007D101218015FFF719FC0021A015FFF7B2
:1048A00015FC10BD10B501210846FFF70FFC0021D3
:1048B0000120FFF70BFC10BD2DE9F0410246002559
:1048C0000026002000230024002791F803C00CF0EC
:1048D0000F0591F803C00CF0100CBCF1000F03D0D1
:1048E00091F802C04CEA050591F800C0BCF1000F38
:1048F00031D0146800202BE04FF0010C0CFA00F3CB
:10490000B1F800C00CEA03069E4220D183004FF0AC
:104910000F0C0CFA03F7BC4305FA03FC4CEA040441
:1049200091F803C0BCF1280F06D14FF0010C0CFA2E
:1049300000FCC2F814C00AE091F803C0BCF1480FB3
:1049400005D14FF0010C0CFA00FCC2F810C0401C5D
:104950000828D1D31460B1F800C0BCF1FF0F34DDDA
:10496000546800202EE000F1080C4FF0010808FA0E
:104970000CF3B1F800C00CEA03069E4221D183007B
:104980004FF00F0C0CFA03F7BC4305FA03FC4CEA9A
:10499000040491F803C0BCF1280F05D100F1080C04
:1049A00008FA0CF8C2F8148091F803C0BCF1480F63
:1049B00007D100F1080C4FF0010808FA0CF8C2F812
:1049C0001080401C0828CED35460BDE8F0814FF61B
:1049D000FF710180022181700421C170704702467D
:1049E000002093680B400BB1012000E000207047CD
:1049F0000146886880B2704702460020D3680B40A9
:104A00000BB1012000E0002070470146C86880B269
:104A1000704701617047416170470AB1016100E070
:104A200041617047C16070474FF480320A43826130
:104A30008161826182698269704702460020434B2E
:104A400018684FF68073184040EA021008433F4B45
:104A5000186070473E49C8617047F0B50A460023A8
:104A600000240021002500F00046B6F1004F02D1DD
:104A7000364EF16901E0354E7168C0F3034583B2EB
:104A800000F44016B6F5401F08D121F070612F4E9A
:104A9000766826F070662D4F7E6012E000F4801676
:104AA000B6F5801F06D1032606FA05F4A14341F0AE
:104AB000706106E0460D360103FA06F6B14341F097
:104AC000706122B1460D360103FA06F6314300F05B
:104AD0000046B6F1004F02D11C4EF16101E01B4EC1
:104AE0007160F0BD30B500228B071C0F0F2303FA55
:104AF00004F2164B08338C1053F824309343134CB4
:104B000008348D1044F8253023468C1053F8243097
:104B10008C07240F00FA04F423430C4C08348D1046
:104B200044F8253030BD0A49DC3108607047000088
:104B300000080140000C0140001001400014014039
:104B400000180140001C014000200140000001400D
:104B50000000204210B50446BE48844208D101211D
:104B60008014FFF7B3FA0021A014FFF7AFFA16E0A4
:104B7000B948844208D101210014FFF7B4FA00219A
:104B80002014FFF7B0FA0AE0B448844207D10121AB
:104B9000C013FFF7A8FA0021E013FFF7A4FA10BD35
:104BA00010B50022028802F441520B884C8823433E
:104BB0008C882343CC8823430C8923434C8923438B
:104BC0008C892343CC8923431A430280838B4FF281
:104BD000FF74234083830B8A038210BD2DE9F04FBD
:104BE00085B005460C464FF0000902274FF000083B
:104BF0004FF0010B0026B246A88B4FF2400108404F
:104C0000A88302202884B5F81C90A068022801D14E
:104C100000BF38E0A08810B94FF0010B01E04FF061
:104C2000020B8D48854200D100E000BF6846FFF7C7
:104C3000C6F9DDF800A0E088B0F5007F0AD14FEAA0
:104C40001A2000EB80004000A168B0FBF1F0401D8D
:104C500086B20BE04FEA4B10BAFBF0F000EB80009D
:104C60004000A168B0FBF1F0401D86B20A20B6FBFF
:104C7000F0F606F00108A6EB0800C0F34F074FF668
:104C8000FF7000EA0828022F01DBFF2F02DD022758
:104C90004FF00008E08840EA080038432884A088E4
:104CA000A1890843618808432188084340F40060D3
:104CB00040EA0909A5F81C9005B0BDE8F08F002175
:104CC000018041808180C180018141818181C181D8
:104CD0000721018270470021018041808180C180CD
:104CE0000221816000218181704721B1028842F058
:104CF0004002028004E002884FF6BF731A4002802F
:104D0000704721B1828B42F48062828304E0828BFF
:104D10004FF6FF331A408283704730B500240023DA
:104D20000C110125A540ABB21AB185881D438580C1
:104D300002E085889D43858030BD1AB183880B438E
:104D4000838002E083888B43838070478181704732
:104D50000146888970474FF6FF62914204D002886D
:104D600042F48072028004E002884FF6FF631A402A
:104D70000280704721B1828842F00402828004E000
:104D800082884FF6FB731A408280704702884FF288
:104D9000FF731A40028002880A430280704701882C
:104DA00041F480510180704721B1028842F40052E1
:104DB000028004E002884DF6FF731A4002807047BB
:104DC00002460020012901D0108B00E0908A704734
:104DD0000146088A7047B1F5804F04D1028842F439
:104DE0008042028004E002884BF6FF731A40028082
:104DF00070470246002013890B400BB1012000E0F0
:104E000000207047CA4302817047F0B50246002077
:104E100000240023002501F00F070126BE40B4B294
:104E20000B1101269E40B3B2968806EA0305168947
:104E3000264016B10DB1012000E00020F0BD10B5F4
:104E4000002201F00F040123A3409AB2D34303814F
:104E500010BD00000030014000380040003C004020
:104E600010B50446FE48844208D10121C014FFF762
:104E70002DF90021E014FFF729F9C4E0B4F1804FC7
:104E800008D101210846FFF72EF900210120FFF784
:104E90002AF9B8E0F348844208D101210220FFF743
:104EA00022F900210220FFF71EF9ACE0EE4884420F
:104EB00008D101210420FFF716F900210420FFF793
:104EC00012F9A0E0E948844208D101210820FFF747
:104ED0000AF900210820FFF706F994E0E44884422B
:104EE00008D101211020FFF7FEF800211020FFF764
:104EF000FAF888E0DF48844208D101212020FFF73A
:104F0000F2F800212020FFF7EEF87CE0DA48844236
:104F100008D101214014FFF7D9F800216014FFF7F0
:104F2000D5F870E0D548844209D10121C804FFF7C3
:104F3000CDF800214FF40020FFF7C8F863E0D04817
:104F4000844209D101210805FFF7C0F800214FF480
:104F50008010FFF7BBF856E0CA48844209D101210E
:104F60004805FFF7B3F800214FF40010FFF7AEF843
:104F700049E0C548844208D101214020FFF7B3F839
:104F800000214020FFF7AFF83DE0C048844208D13F
:104F900001218020FFF7A7F800218020FFF7A3F868
:104FA00031E0BB48844208D101218015FFF79BF80E
:104FB0000021A015FFF797F825E0B648844209D1F3
:104FC00001210804FFF782F800214FF48030FFF739
:104FD0007DF818E0B048844209D101214804FFF768
:104FE00075F800214FF40030FFF770F80BE0AB4884
:104FF000844208D101218804FFF768F800214FF4AA
:105000008020FFF763F810BD00220288944B98427D
:105010000ED0994B98420BD0B0F1804F08D0914BF5
:10502000984205D0904B984202D0904B984204D1C0
:105030004FF68F731A404B881A438D4B984207D016
:105040008C4B984204D04FF6FF431A40CB881A434A
:1050500002808B8883850B880385814B98420BD017
:10506000854B984208D08B4B984205D08A4B98428A
:1050700002D08A4B984201D10B7A038601238382A6
:10508000704770B5002400220023058C4FF6FE7691
:1050900035400584028C8388048B4FF68F752C4035
:1050A000B51E2C400D882C43751E2A400D892A43BD
:1050B0004D882A436A4DA8420BD06F4DA84208D0B4
:1050C000744DA84205D0744DA84202D0734DA84239
:1050D00013D14FF6F7752A404D892A434FF6FB75D9
:1050E0002A408D882A434FF6FF652B404FF6FF5527
:1050F0002B408D892B43CD892B4383800483CD881E
:105100008586028470BD70B5002400220023058CC2
:105110004FF6EF7635400584028C8388048B48F681
:10512000FF752C404FF6FF452C400D884FF6FF765B
:1051300006EA05252C434FF6DF752A400D8906EA5D
:1051400005152A434D8806EA05152A43444DA84211
:1051500002D0494DA8421DD14FF67F752A404D8996
:105160004FF6FF7606EA05152A434FF6BF752A402B
:105170008D8806EA05152A434FF6FF352B404FF27E
:10518000FF752B408D8906EA85052B43CD8906EAFC
:1051900085052B4383800483CD880587028470BDF9
:1051A00070B5002400220023058C4FF6FF663540C1
:1051B0000584028C8388848B4FF68F752C404FF6C4
:1051C000FC752C400D882C434FF6FF552A400D8965
:1051D0004FF6FF7606EA05252A434D8806EA05259F
:1051E0002A431F4DA84202D0234DA8421DD14FF2A1
:1051F000FF752A404D894FF6FF7606EA05252A43BA
:105200004FF6FF352A408D8806EA05252A434EF6DB
:10521000FF752B404DF6FF752B408D8906EA05156D
:105220002B43CD8906EA05152B4383808483CD88E3
:105230008587028470BD70B5002200230024058C90
:105240004EF6FF7635400584038C8488828B48F6C1
:10525000FF752A404FF6FF452A400D8820E00000E8
:10526000002C01400004004000080040000C0040F9
:10527000001000400014004000340140004C014088
:10528000005001400054014000180040001C004044
:10529000002000400040014000440140004801401F
:1052A0004FF6FF7606EA05252A434DF6FF752B409B
:1052B0000D8906EA05352B434D8806EA05352B4353
:1052C000FA4DA84202D0FA4DA84208D14BF6FF751C
:1052D0002C408D894FF6FF7606EA85152C43848095
:1052E0008283CD88A0F84050038470BD828B4FF23A
:1052F000FF331A408283828B4FF6FF7303EA012348
:105300001A4382837047F0B50C46154600220021EF
:105310000026078C4EF6FF7C07EA0C070784828B79
:10532000018C4FF6FF7707EA043640F6FF473A4014
:105330004FF6FF7707EA05273A434FF6FF7707EA6C
:1053400003373A43D94FB8420ED0D94FB8420BD0A9
:10535000B0F1804F08D0D74FB84205D0D64FB842F1
:1053600002D0D64FB84206D14DF6FF77394046F409
:105370008057394305E047F6FF57394044F48057DA
:10538000394382830184F0BD828B4FF6F3731A4058
:105390008283828B0A4382837047F0B50C461546A0
:1053A000002200210026078C4FF6FF6C07EA0C074D
:1053B0000784828B018C4FF6FF7707EA04264FF6AD
:1053C0000C773A404FF6FF7707EA03172F433A432B
:1053D000B64FB8420ED0B64FB8420BD0B0F1804FA6
:1053E00008D0B44FB84205D0B34FB84202D0B34F43
:1053F000B84206D14FF6FF57394046F4807739431B
:1054000005E04FF2FF57394044F4807739438283F7
:105410000184F0BD028B4FF2FF331A400283028BEE
:105420004FF6FF7303EA01231A4302837047F0B576
:105430000C461546002200210026078C4FF6EF7C13
:1054400007EA0C070784028B018C4FF6FF7707EA07
:10545000041640F6FF473A404FF6FF7707EA033756
:105460003A434FF6FF7707EA05273A438F4FB84292
:105470000ED08F4FB8420BD0B0F1804F08D08D4F77
:10548000B84205D08C4FB84202D08C4FB84206D1FA
:105490004FF6DF77394046F01007394305E04FF605
:1054A0005F77394044F01007394302830184F0BD2F
:1054B000028B4FF6F3731A400283028B0A43028376
:1054C0007047F0B50C46154600220021068C4FF6B9
:1054D000FE773E400684028B018C4FF60C763240FC
:1054E0007E1C06EA03162E433243704EB0420ED0A5
:1054F0006F4EB0420BD0B0F1804F08D06D4EB0422D
:1055000005D06D4EB04202D06C4EB04206D14FF67F
:10551000FD76314044F00106314305E04FF6F57663
:10552000314044F00106314302830184F0BD70B57F
:1055300005460C465D4885420ED05D4885420BD03D
:10554000B5F1804F08D05B48854205D05A48854266
:1055500002D05A48854200D100E000BF208850B9EF
:105560002389A28861882846FFF7ABFFE188284697
:10557000FFF79EFF25E0208804280AD12389A2880E
:1055800061882846FFF753FFE1882846FFF742FF6E
:1055900017E0208808280AD12389A2886188284634
:1055A000FFF7FBFEE1882846FFF7EEFE09E02389BE
:1055B000A28861882846FFF7A6FEE1882846FFF703
:1055C00095FE70BD2DE9F04105460C4600260127E9
:1055D000608808B9022600E00026A088012801D1D1
:1055E000022700E001272088A0B92389A2886188CA
:1055F0002846FFF766FFE1882846FFF759FF238911
:105600003A4631462846FFF712FFE1882846FFF761
:1056100001FF13E02389A28861882846FFF707FF6E
:10562000E1882846FFF7F6FE23893A4631462846A8
:10563000FFF747FFE1882846FFF73AFFBDE8F08112
:105640000A884B881A438B881A43CB881A430B89E4
:105650001A434B891A438B891A43A0F84420704798
:105660004FF6FF71818000210180C180418001726D
:1056700070470021018041808180C180018141818A
:105680008181C18170470021018041800121818099
:105690000021C1800181704700210180418081800B
:1056A000C18001814181818170470000002C01404F
:1056B000003401400004004000080040000C00409D
:1056C00021B1028842F00102028004E002884FF614
:1056D000FE731A400280704731B1B0F8442042F4A2
:1056E0000042A0F8442005E0B0F84420C2F30E02C6
:1056F000A0F8442070471AB183890B43838102E0EC
:1057000083898B43838170478182704741EA02031A
:10571000A0F8483070471AB183890B43838102E0B7
:1057200083898B438381704701894FF6F87211405A
:10573000018170470A46002101894FF68F73194095
:1057400011430181704730B504460D462946204675
:10575000FFF7F0FF208940F00700208130BD2DE9E0
:10576000F04104460D4616461F46602D06D13B46C5
:10577000012231462046FFF75AFE05E03B46012252
:1057800031462046FFF79DFE29462046FFF7D2FF0F
:10579000208940F007002081BDE8F08130B50C463B
:1057A00000210189C9B24FF6FF7505EA03251543AB
:1057B00025432943018130BD2DE9F04105460E46C0
:1057C00017469846002443463A4631462846FFF796
:1057D000E5FF2C894FF6F870044044F007044FF6BB
:1057E0008F70044044F070042C81BDE8F081F0B566
:1057F00004460D4616461F463B463246294620467D
:10580000FFF7CCFF208940F480402081F0BD018566
:10581000828270470A46002101884FF68F73194033
:10582000114301807047F0B50C4615461E46002115
:10583000002200230189028B038C4FF6F877394050
:1058400021434FF6FC473A4040F201173A434FF6E6
:10585000DD773B404FF6FF7707EA06172F433B43C0
:10586000018102830384F0BD0A460021018B4FF6BB
:105870008F7319401143018370470A460021018B41
:1058800048F6FF7319404FF6FF7303EA02231943EA
:10589000018370470A460021818B4FF68F731940B0
:1058A0001143818370470A460021818B48F6FF73BC
:1058B00019404FF6FF7303EA0223194381837047AF
:1058C00021B1028842F08002028004E002884FF693
:1058D0007F731A400280704721B1828842F004022F
:1058E000828004E082884FF6FB731A408280704702
:1058F00021B1828842F00802828004E082884FF65B
:10590000F7731A408280704721B1828842F0010209
:10591000828004E082884FF6FE731A4082807047CE
:105920000A460021018B4FF6F7731940114301839A
:1059300070470A460021018B4FF2FF7319404FF662
:10594000FF7303EA02231943018370470A460021CB
:10595000818B4FF6F77319401143818370470A46D4
:105960000021818B4FF2FF7319404FF6FF7303EA5A
:1059700002231943818370470A460021018B4FF6A9
:10598000FB7319401143018370470A460021018BC4
:105990004FF6FF3319404FF6FF7303EA0223194312
:1059A000018370470A460021818B4FF6FB73194033
:1059B0001143818370470A460021818B4FF6FF33E4
:1059C00019404FF6FF7303EA02231943818370479E
:1059D0000A460021018B4FF67F7319401143018362
:1059E00070470A460021018BC1F30E014FF6FF7389
:1059F00003EA02231943018370470A460021818B81
:105A00004FF67F7319401143818370470A46002186
:105A1000818BC1F30E014FF6FF7303EA0223194392
:105A2000818370470A460021018C4FF6FD731940AF
:105A30001143018470470A460021018C4FF6F77329
:105A400019401143018470470A460021018C4FF62A
:105A5000DF7319404FF6FF7303EA02131943018401
:105A600070470A460021018C4FF67F7319404FF6AC
:105A7000FF7303EA02131943018470470A460021A9
:105A8000018C4FF6FF5319404FF6FF7303EA0223D0
:105A90001943018470470A460021018C4FF2FF73BD
:105AA00019404FF6FF7303EA02231943018470473C
:105AB0000A460021018C4DF6FF7319404FF6FF7323
:105AC00003EA023319430184704730B500230124EF
:105AD0008C40A3B2048C9C430484048C02FA01F52C
:105AE000ADB22C43048430BD30B5002304248C4077
:105AF000A3B2048C9C430484048C02FA01F5ADB279
:105B00002C43048430BD70B50346002000241846A1
:105B1000183001258D40ACB21D8CA5431D8409B100
:105B2000082909D100EB6100056825F070050560C2
:105B30000568154305600EE00D1FC5F34E052844AA
:105B4000056825F4E045056005684FF6FF7606EA2E
:105B500002263543056070BD21B1028842F0020281
:105B6000028004E002884FF6FD731A4002807047FD
:105B700021B1028842F00402028004E002884FF65C
:105B8000FB731A400280704721B1828842F0800284
:105B9000828004E082884FF67F731A4082807047CB
:105BA00002884FF6F7731A40028002880A43028087
:105BB000704782884FF68F731A40828082880A432A
:105BC0008280704702894FF6F8731A400281028979
:105BD0000A430281704702894FF67F731A4002819F
:105BE00002890A430281704781847047818570472A
:105BF000818670470187704781877047A0F8401001
:105C0000704702884FF6FF431A40028002880A4319
:105C1000028070470146888E70470146088F7047A2
:105C20000146888F70470146B1F840007047014631
:105C3000888C70470146088D704702460020138A01
:105C40000B400BB1012000E000207047CA430282E4
:105C5000704730B50246002000230024158A05EA6B
:105C60000103958905EA010413B10CB1012000E09C
:105C7000002030BDCA4302827047000010B50446C0
:105C8000FB48844209D101218803FEF71FFA002155
:105C90004FF48040FEF71AFA32E0F648844209D108
:105CA00001214804FEF71FFA00214FF40030FEF7EF
:105CB0001AFA25E0F048844209D101218804FEF750
:105CC00012FA00214FF48020FEF70DFA18E0EB489D
:105CD000844209D10121C804FEF705FA00214FF4DE
:105CE0000020FEF700FA0BE0E548844208D10121CC
:105CF0000805FEF7F8F900214FF48010FEF7F3F9DC
:105D000010BD2DE9F04786B005460E460024A24698
:105D100000BFA1460027B08900B100BF2F462C8AE2
:105D20004CF6FF700440F08804432C82AC894EF698
:105D3000F3100440B0883189084371890843044353
:105D4000AC81AC8A4FF6FF400440B0890443AC827A
:105D500001A8FEF734F9C648874202D1DDF810A049
:105D600001E0DDF80CA0A88900F4004040B10AEB86
:105D7000CA0000EB0A1031684900B0FBF1F807E0F7
:105D80000AEBCA0000EB0A1031688900B0FBF1F899
:105D90006420B8FBF0F004012009642101FB1089A4
:105DA000A88900F4004040B1322000EBC900B0FBEC
:105DB000F1F000F00700044308E0322000EB091086
:105DC0006421B0FBF1F000F00F0004432C8106B019
:105DD000BDE8F0874FF41651016000218180C18039
:105DE00001810C21418100218181704710B502465B
:105DF0000020108A4FF2FF0318400B884C88234381
:105E00008C882343CC8823431843108210BD002183
:105E1000018041808180C180704721B1828942F434
:105E20000052828104E082894DF6FF731A4082811C
:105E30007047F0B50346002400260025002040F6F8
:105E40006A17B94200D100BF1846C1F3421401F0ED
:105E50001F06012707FA06F5012C01D10C3004E0DA
:105E6000022C01D1103000E014301AB107682F4322
:105E7000076002E00768AF430760F0BD1AB1838A8C
:105E80000B43838202E0838A8B4383827047028ABA
:105E90004FF6F0731A400282028A0A430282704768
:105EA00082894FF2FF731A40828182890A4382817C
:105EB000704721B1828942F00202828104E0828926
:105EC0004FF6FD731A4082817047028A4FF6DF73E6
:105ED0001A400282028A0A430282704721B1028A72
:105EE00042F48042028204E0028A4BF6FF731A40B9
:105EF00002827047C1F30802828070470146888899
:105F0000C0F308007047818941F001018181704729
:105F1000028BD2B20283028B42EA012202837047D3
:105F2000028B02F47F420283028B0A430283704792
:105F300021B1828A42F02002828204E0828A4FF6F6
:105F4000DF731A408282704721B1828A42F01002C8
:105F5000828204E0828A4FF6EF731A408282704791
:105F600021B1828A42F00802828204E0828A4FF6DE
:105F7000F7731A408282704721B1828942F400424D
:105F8000828103E08289C2F30E028281704721B1CF
:105F9000828A42F40062828204E0828A4FF2FF73B6
:105FA0001A4082827047828A4FF6FB731A408282BF
:105FB000828A0A438282704721B1828A42F00202B9
:105FC000828204E0828A4FF6FD731A408282704713
:105FD00002460020B1F5007F00D100BF13880B40BE
:105FE0000BB1012000E00020704701F40072B2F50F
:105FF000007F00D100BFCA430280704770B50246DF
:10600000002400230025002040F66A16B14200D18A
:1060100000BFC1F3421501F01F03012606FA03F386
:10602000012D02D19689334006E0022D02D1168A55
:10603000334001E0968A33400C12012606FA04F43C
:106040001688344013B10CB1012000E0002070BD6F
:1060500010B50022002340F66A14A14200D100BF0F
:106060000A1201249440A3B2DC43048010BD000056
:10607000003801400044004000480040004C00400F
:106080000050004010B50446FA48844208D101216E
:106090004015FEF71BF800216015FEF717F817E012
:1060A000F548844208D101210015FEF70FF80021C0
:1060B0002015FEF70BF80BE0F048844208D10121CF
:1060C000C803FEF703F800214FF40040FDF7FEFF80
:1060D00010BD30B50246002000235068E84C204037
:1060E0000D790C6844EA0524204350609068E54C23
:1060F0002040D1E902542C434D7944EA4504204321
:106100009060D06A20F470000C7C641EE4B22343DB
:1061100040EA0350D06230BD00210160017141713D
:106120008160C16001210174704721B1826842F031
:106130000102826003E0826822F0010282607047FF
:1061400021B1826842F48072826003E0826822F4A6
:1061500080728260704710B50023CBB21AB14468D8
:106160001C43446002E044689C43446010BD816865
:1061700041F0080181607047014600208A6802F002
:1061800008020AB1012000E000207047816841F058
:10619000040181607047014600208A6802F0040211
:1061A0000AB1012000E00020704721B1826842F46A
:1061B000A002826003E0826822F4A002826070473D
:1061C000014600208A6802F480020AB1012000E042
:1061D0000020704710B50A4600210023416821F4D1
:1061E0006041531E41EA4331416010BD21B1426814
:1061F00042F40062426003E0426822F400624260BE
:106200007047F0B504460D4600200021092D11DD30
:10621000E068A5F10A0606EB4607072606FA07F12D
:106220008843A5F10A0606EB460603FA06F1084381
:10623000E0600CE0206905EB4507072606FA07F148
:10624000884305EB450603FA06F108432061072A57
:106250000FDA606B561E06EB86071F2606FA07F15B
:106260008843561E06EB860605FA06F1084360636E
:1062700022E00D2A0FDA206BD61F06EB86071F26B9
:1062800006FA07F18843D61F06EB860605FA06F1E3
:106290000843206310E0E06AA2F10D0606EB8607D2
:1062A0001F2606FA07F18843A2F10D0606EB8606C3
:1062B00005FA06F10843E062F0BD21B1826842F4BC
:1062C0008012826003E0826822F48012826070474C
:1062D0000146C86C80B2704766484C300068704711
:1062E00021B1426842F48062426003E0426822F4D5
:1062F00080624260704721B1426842F4805242603D
:1063000003E0426822F48052426070470A4600214E
:10631000816821F4E04111438160704721B18268B6
:1063200042F40042826003E0826822F4004282600C
:10633000704721B1826842F40212826003E08268F1
:1063400022F4021282607047014600208A6802F43B
:1063500000120AB1012000E000207047F0B50446A9
:106360001546002000220026092911DDE068A1F170
:106370000A0707EB470C072707FA0CF29043A1F135
:106380000A0707EB470703FA07F21043E0600CE047
:10639000206901EB410C072707FA0CF2904301EB4F
:1063A000410703FA07F210432061A06BC0F30156C6
:1063B000EF1C06F1010CA7EB0C0707EB870C1F275E
:1063C00007FA0CF29043EF1C06F1010CA7EB0C0747
:1063D00007EB870701FA07F21043A063F0BD10B581
:1063E0000A4600210023816B21F44011531E41EA2B
:1063F0000351816310BD08B5002300930090009BFA
:106400000B440093009B1A6008BD08B502460020AB
:106410000090009201F12800009B18440090009821
:10642000006880B208BD0A4600214168164B194039
:106430001143416070474162826270470A46002101
:10644000416821F01F0111434160704740B1094983
:106450000831096841F40001064A0832116007E07A
:1064600004490831096821F40001024A0832116028
:10647000704700000024014000280140003C01401A
:10648000FFFEF0FFFDF7F1FFFFFD3FFF024600209A
:1064900013680B400BB1012000E000207047CA4395
:1064A0000260704770B502460020002300240B12E2
:1064B0005568CEB205EA060415681D4015B10CB149
:1064C000012000E0002070BD00220A12D3430360C7
:1064D0007047000001684FF6FE7211400160002114
:1064E000016041608160C1608D49884208D18C495A
:1064F0000839496841F00F01894A083A51608AE039
:1065000087491431884208D185490839496841F0E2
:10651000F001834A083A51607DE081492831884280
:1065200008D17F490839496841F470617C4A083ACA
:10653000516070E07A493C31884208D17849083985
:10654000496841F47041764A083A516063E0744901
:106550005031884208D172490839496841F47021A4
:106560006F4A083A516056E06D496431884208D15B
:106570006B490839496841F47001694A083A516029
:1065800049E067497831884208D165490839496846
:1065900041F07061624A083A51603CE061498842CA
:1065A00006D1011F096841F00F01021F116032E09E
:1065B0005C491431884208D15A49091F096841F0E1
:1065C000F001584A121F116025E0564928318842CF
:1065D00008D15449091F096841F47061514A121FDA
:1065E000116018E04F493C31884208D14D49091FDC
:1065F000096841F470414B4A121F11600BE0494990
:106600005031884207D14749091F096841F4702178
:10661000444A121F1160704710B50022026847F605
:10662000F0739A430C6A8B6823430C6923434C69CB
:1066300023438C692343CC6923434C6A23438C6AEC
:1066400023431A430260CB6843600B6883604B6846
:10665000C36010BD0021016041608160C1600161C3
:1066600041618161C161016241628162704721B112
:10667000026842F00102026004E002684FF6FE7315
:106680001A40026070471AB103680B43036002E0CE
:1066900003688B4303607047416070470146486858
:1066A00080B2704701460020002201F080531BB1E8
:1066B0001C4B083B1A6802E0194B083B1A6802EAB7
:1066C00001030BB1012000E00020704700F0805171
:1066D00019B11449091F086002E0114908394860DE
:1066E000704701460020002201F080531BB10D4B82
:1066F000083B1A6802E00A4B083B1A6802EA0103E9
:106700000BB1012000E00020704700F0805119B16A
:106710000449091F086002E00149083948607047D0
:10672000080002400804024010B504462CB90120BC
:10673000F94909680882002010BDF849096808680D
:106740008047F54800680A30F6E710B5F24800685F
:10675000C078F3494978884213DCEF4800688078B4
:1067600078B9ED480068808858B9EB480068C0786F
:10677000E94909688872E949096848688047002042
:1067800010BD0220FCE710B504462CB90120E249F7
:1067900009680882002010BDE049096888688047C0
:1067A000DD4800680C30F6E710B5DB4B1B68D97884
:1067B000D94B1B685879DB4B1B689A699047044694
:1067C000D5480068807AE8B13CB9D34800680079C0
:1067D00018B9D1480068807808B1022010BD8CB982
:1067E000CE490968C8688047CB4800684079CA49E3
:1067F0000968C872C8480068C078C7490968087342
:106800000020EBE70220E9E710B504462CB902208E
:10681000C14909680882002010BD0020C2490880D3
:10682000BD480068007800F07F00E0B9BA49096807
:10683000487A00F0200129B1BB49097841F00201F2
:10684000B94A117000F0400131B1B749097801F03F
:10685000FE01B54A117005E0B349097841F0010124
:10686000B14A11703AE0AC480068007800F07F004F
:10687000012801D1AC48CFE7A7480068007800F0B4
:106880007F00022828D1A44A1268517901F00F0034
:1068900001F080027AB1A54B03EB8002D2F8002C04
:1068A00002F03002102A16D19F4A127842F00102FB
:1068B0009D4B1A700FE09D4B03EB8002D2F8002C29
:1068C00002F44052B2F5805F05D1974A127842F047
:1068D0000102954B1A7001E000209DE78F4909687D
:1068E00008698047904897E72DE9F0478A48006893
:1068F000007800F07F08B8F1000F0AD186480068E0
:10690000407A00F0DF008449096848720020BDE841
:10691000F087B8F1020F7DD17F480068408818B930
:106920007D480068007908B10220F0E7DFF8F091B7
:1069300079480068477927F080052C46764800683A
:10694000407900F0800038B1784901EB8400D0F83C
:10695000000C00F0300606E0744901EB8400D0F82A
:10696000000C00F4405699F80000A84204D91EB16A
:1069700069480068807A08B90220C8E707F08000FB
:1069800080B16A4901EB8400D0F8000C00F03000BF
:10699000102843D1E0B201F031F8E0B2302100F02C
:1069A000DAFE3BE0614901EB8400D0F8000C00F412
:1069B0004050B0F5805F31D1C4B95D4A92F82C10D7
:1069C000E0B201F0A6F8594A02EB8401D1F8001CAC
:1069D0004BF68F7201EA020080F4805080F4005080
:1069E000524A02EB8401C1F8000C17E0E0B200F05B
:1069F000EEFF4E4A02EB8401D1F8001C4BF68F7279
:106A000001EA020080F4805080F40050474A02EB13
:106A1000840100E008E0C1F8000C00BF3F490968AC
:106A200048698047002072E700BF02206FE72DE928
:106A3000F04139480068467926F080073C463648E0
:106A40000068407900F0800038B1384901EB8400DB
:106A5000D0F8000C00F0300506E0344901EB84006A
:106A6000D0F8000C00F440552D480078A04208D919
:106A700029480068408820B91DB127480068807AFD
:106A800010B90220BDE8F08106F0800080B1274AED
:106A900002EB8401D1F8001C48F6BF7201EA020043
:106AA00080F01000214A02EB8401C1F8000C10E0D4
:106AB0001E4A02EB8401D1F8001C4BF68F7201EAEA
:106AC000020080F48050194A02EB8401C1F8000CE6
:106AD00000BF12490968886980470020D2E710B5D5
:106AE0000D480068407A40F020000B490968487260
:106AF0000A490968C8698047002010BD10B50246E0
:106B000005480068438AAAB98888C01A024C2468DC
:106B10002082002010BD0000AC000020B800002042
:106B20001C010020B0000020A40000200050004004
:106B30002001002008681844ECE72DE9F041FE48E8
:106B4000006800F110042688A068C0B1BEB1A58815
:106B5000B54200D93546A8B2A168884707462088C3
:106B6000401B2080608828446080002000F0A3FF44
:106B70008046AAB24146384600F088FD00BF208812
:106B800050B14FF44050ED4908800021084600F014
:106B90009EFF3020EA4908802088A188884204DBD3
:106BA0000320E5490968087218E02088002804DD00
:106BB0000520E1490968087210E0208870B90620B4
:106BC000DD49096808720021DE48006880B2801C37
:106BD000DD4A42F810103020D9490880BDE8F08124
:106BE0002DE9F047D448006800F110052E88D248FE
:106BF0000068077AD6B9042F18D1D4480078012844
:106C00000FD10021CF48006880B2801CCE4A42F8E4
:106C100010103020CA49088000BF0020CB490870FE
:106C200003E007271020C649088027E0AC88A64269
:106C300001D8042000E002200746B44200D93446BF
:106C4000A0B2A96888478046002000F029FF81464D
:106C5000A2B24946404600F0FFFCA1B2002000F07D
:106C600036FF2888001B28806888204468803020F0
:106C7000B34908800002B149088000BFAE490968E5
:106C80000F72BDE8F08770B50226AB480068447803
:106C9000A9480068007800F07F0000284AD1092C3C
:106CA00003D1FFF752FD064665E0052C14D1A2483A
:106CB0000068C0787F280BDC9F480068807838B96E
:106CC0009D480068808818B99B480068807A08B1A0
:106CD00008256BE000264EE0032C14D1964800688E
:106CE000C07801280DD194480068808848B992483E
:106CF0000068407A00F0200018B1FFF7F0FE064669
:106D000039E0022637E0012C35D18B480068C07885
:106D100001280DD188480068808848B986480068F5
:106D2000407A00F0200018B1FFF7DEFD064622E0B1
:106D3000022620E080480068007800F07F000128EB
:106D400005D10B2C17D1FFF72FFD064613E07A482B
:106D50000068007800F07F0002280BD1012C03D1DD
:106D6000FFF7C2FD064606E0032C04D1FFF75FFEE5
:106D7000064600E002264EB1E0B2754A126851693B
:106D800088470646032E01D109250FE00EB10825DC
:106D90000CE0062500216B48006880B2801C6A4A1E
:106DA00042F8101030206649088000BF6249096827
:106DB0000D7270BD2DE9F84F5F48006845780027D7
:106DC000BA46062D1BD15C480068007800F07F00B1
:106DD000002813D1584909688878012803D15C49F3
:106DE0000968CF690AE0022803D1594909680F6A86
:106DF00004E0032802D1564909684F6A99E0002D42
:106E000067D14D4800684088002862D14A48006830
:106E1000C08802285DD1484800680079002858D110
:106E200045480068007800F07F0030B942480068AB
:106E3000808810B9AFF22F677BE03F480068007888
:106E400000F07F00012811D13B4909684879404989
:106E500009688A690021904700286AD1364800688D
:106E6000807A002865D0AFF25F6762E03248006840
:106E7000007800F07F0002285BD12F48006840793D
:106E800000F00F062C480068407900F070092A488D
:106E90000068407900F0800038B12E4901EB86008F
:106EA000D0F8000C00F0300806E02A4901EB86001B
:106EB000D0F8000C00F4405827480078B04238D988
:106EC000B9F1000F35D1B8F1000F32D0AFF2C7677A
:106ED0002FE0082D08D118480068007800F07F00E6
:106EE00038BBAFF2BB7724E00A2D22D112480068EC
:106EF000007800F07F0001281BD10F480068807ADD
:106F0000B8B10D480068408898B90B48006800790E
:106F100078B909480068C08801280AD1064909687B
:106F200048790B4909688A690021904708B9AFF28E
:106F3000A977EFB1004811E0AC000020BC000020B0
:106F4000BE000020505C004000600040A600002011
:106F5000B0000020005000401C0100200068A0F894
:106F600012A0AE48006887610020B84700240FE0F7
:106F7000AA4A12685078AA4A1268116988470446DA
:106F8000032C05D10920A54909680872BDE8F88FCE
:106F9000A2480068008A4FF6FF71884204D1092098
:106FA0009E4909680872F1E7022C03D09B480068EB
:106FB000008A20B90820994909680872E6E79748CD
:106FC0000068007800F08000E0B394480068C08852
:106FD000009092480068008A0099884204D98F493D
:106FE00000980968088223E08C480068008A8B4971
:106FF0000968C98888421BDA88480068008A88497D
:10700000096891F82C10884203DA0020854908703D
:107010000EE082480068008A8149096891F82C10C6
:1070200090FBF1F201FB120010B901207D490870BC
:107030007B48006890F82C10784800688182FFF740
:10704000CFFD07E0FFE703207449096808720003D9
:107050007549088000BF99E710B5744890F82C1066
:10706000002000F056FD6D480068007A082805D120
:1070700040026D49088010206D490880674800680B
:10708000007A092801D1012010BD0020FCE708B5D5
:107090006848006880B2001D674931F8100080B26E
:1070A00001EB400000905D480068007A09282FD06D
:1070B000009800785949096808700098401C0090B1
:1070C000009800785549096848700098401C009065
:1070D0000098801C0090009931F8020B009100F09C
:1070E000B9FE4E49096848800098801C00900099BC
:1070F00031F8020B009100F0ADFE48490968888024
:107100000098801C00900098008844490968C88055
:10711000012042490968087240480068C08810B9D7
:10712000FFF7B1FD01E0FFF745FEFFF795FF08BD52
:1071300030B50146414B1A78002011E00306404C5F
:1071400004EB9353D3F8003C48F68F742340C4B249
:10715000234304063A4D05EB9454C4F8003C401C0C
:107160009042EBD341F08003324C241F236030BDAA
:1071700010B52A480068047A022C01D0042C05D1ED
:10718000FFF72EFD25480068047A1CE0062C19D173
:1071900022480068407805280ED120480068007811
:1071A00000F07F0040B91D490968C878FFF7C0FFAB
:1071B00024490968086A804719490968886880472E
:1071C000082400E00824154909680C72FFF744FF01
:1071D00010BD10B511480068047A032C01D0052CAD
:1071E00005D1FFF7AAFC0D480068047A0EE0072CD1
:1071F00005D10B490968C8688047082406E0022CBD
:1072000001D0042C01D1082400E0082403490968B6
:107210000C72FFF721FF10BD70470000AC0000208A
:10722000B0000020A6000020BC00002020010020AB
:10723000BE000020505C0040006000401C010020A7
:1072400000500040B800002010B508480849086008
:10725000022009680872074807490860074808497A
:107260000860054909680868804710BD980A002031
:10727000AC00002020010020B000002050010020C0
:10728000B800002010B5002473E147F6FF70EA490A
:107290000860EA48008800F00F00E94908700846D5
:1072A000007800287ED1E4484438006800F440505B
:1072B000E4490880E0484438006800F03000E249C2
:1072C0000880DD49443909684BF68F7201EA0200F3
:1072D00080F40050D84944390860096848F6BF7204
:1072E00001EA020080F02000D34944390860D34805
:1072F000008800F01000002838D10846006848F6E1
:107300000F710840CC4944390860FFF731FFCA4982
:10731000443909684BF68F7201EA0200C9490988AD
:1073200001F4805109B180F48050C649098801F404
:10733000005109B180F40050BF4944390860096820
:1073400048F6BF7201EA0200BF49097801F0100156
:1073500009B180F01000BC49097801F0200109B1A1
:1073600080F02000B4494439086010BDB248443868
:10737000006884B204F08000D8B3AF484438006895
:1073800048F60F710840AC4944390860FFF7F0FE39
:10739000A949443909684BF68F7201EA0200A949EC
:1073A000098800E0A6E001F4805109B180F4805022
:1073B000A449098801F4005109B180F400509E49A4
:1073C00044390860096848F6BF7201EA02009E4924
:1073D000097801F0100109B180F010009A4909788C
:1073E00001F0200109B180F0200093494439086080
:1073F000BBE7FFE704F40060D8B38F484438006867
:10740000C0F30E0048F68F7108408B49443908607C
:10741000FFF73DFE8849443909684BF68F7201EA4F
:1074200002008849098801F4805109B180F4805034
:107430008449098801F4005109B180F400507E4963
:1074400044390860096848F6BF7201EA02007E49C3
:10745000097801F0100109B180F010007A4909782B
:1074600001F0200109B180F020007349443908601F
:107470007BE7FFE704F4004000287AD06E484438E8
:107480000068C0F30E0048F68F7108406A4944391D
:107490000860FFF79EFE6849443909684BF68F7211
:1074A00001EA02006749098801F4805109B180F4BA
:1074B00080506449098801F4005109B180F40050FA
:1074C0005D4944390860096848F6BF7201EA020064
:1074D0005D49097801F0100109B180F010005A49A6
:1074E000097801F0200109B180F0200052494439A7
:1074F00008603AE752480078544901EB8000D0F820
:10750000000C84B204F40040C0B14D48007801EB97
:107510008000D0F8000CC0F30E0048F68F710840D0
:1075200047490978494A02EB8101C1F8000C4449F6
:107530000978491E464A52F82100804704F080002D
:10754000B8B13F480078414901EB8000D0F8000C09
:1075500048F60F7108403A4909783C4A02EB81012C
:10756000C1F8000C36490978491E3A4A52F8210000
:1075700080473148006880B23049088000F40040FC
:1075800000287FF482AE00BFEFE610B5002449E08A
:1075900047F6FF70284908602848008800F00F006F
:1075A0002749087008460078284901EB8000D0F888
:1075B000000C84B204F40040C8B12148007801EB0B
:1075C0008000D0F8000CC0F30E0048F68F71084020
:1075D0001B4909781D4A02EB8101C1F8000C1849CA
:1075E0000978491E1A4A52F8210080471AE004F02F
:1075F0008000B8B112480078144901EB8000D0F83F
:10760000000C48F60F7108400D4909780F4A02EB4B
:107610008101C1F8000C0A490978491E0D4A52F847
:10762000210080470448006880B20449088000F4C3
:1076300000400028ACD110BD445C0040DC000020BC
:10764000A8000020BC000020BE0000200050004028
:10765000FC000020E0000020F0B5144604F1010C0D
:107660004FEA6C07DFF848C00CEB41033D460AE0E7
:107670000678401C90F800C046EA0C2223F8022B42
:107680009B1C401C6D1E002DF2D1F0BDF0B5561CA8
:107690007510074E06EB41042B4605E034F8047BD9
:1076A00020F8017B401C5B1E002BF7D1F0BD0000D1
:1076B00000600040F74908607047F648006880B2F3
:1076C0007047F449091D08607047F248001D0068C2
:1076D00080B27047EF480830006880B27047ED49CB
:1076E0000C3108607047EB480C30006880B270477E
:1076F0004FF6F8710140E74A103211607047E548D3
:107700001030006880B27047E34B03EB8002C2F890
:10771000001C70470146E04A02EB8100D0F8000CE3
:1077200080B2704710B5DC4B03EB8002D2F8002C1E
:1077300048F68F131A400A43D74C04EB8003C3F872
:10774000002C10BD0146D44A02EB8100D0F8000C99
:1077500000F4C060704710B5CF4C04EB8003D3F841
:10776000003C48F6BF7403EA040201F010030BB1B9
:1077700082F0100201F020030BB182F02002C64C0F
:1077800004EB8003C3F8002C10BD10B5C24C04EB11
:107790008003D3F8003C4BF68F7403EA040201F433
:1077A00080530BB182F4805201F400530BB182F488
:1077B0000052B94C04EB8003C3F8002C10BD30B567
:1077C00003460C461846FFF7A5FF0546012C07D1D6
:1077D00025F48050B04A02EB8301C1F8000C08E0A8
:1077E000022C06D125F01000AB4A02EB8301C1F850
:1077F000000C30BD0146A84A02EB8100D0F8000C15
:1078000000F0300070470146A34A02EB8100D0F837
:10781000000C00F4405070479F4B03EB8002D2F8FD
:10782000002C48F6BF7302EA030181F0100181F0D9
:107830002001994B03EB8002C2F8001C7047964B65
:1078400003EB8002D2F8002C4BF68F7302EA03019F
:1078500081F4805181F400518F4B03EB8002C2F818
:10786000001C70478C4A02EB8001D1F8001C41F4E7
:10787000807148F68F721140874B03EB8002C2F88B
:10788000001C7047844A02EB8001D1F8001C48F6C6
:107890008F621140804B03EB8002C2F8001C7047DE
:1078A0007D4A02EB8001D1F8001C48F68F6211403E
:1078B000794B03EB8002C2F8001C7047764A02EB5A
:1078C0008001D1F8001C41F4807148F68F7211409C
:1078D000714B03EB8002C2F8001C70476E4A02EB4A
:1078E0008001D1F8001C41F4807148F68F7211407C
:1078F000694B03EB8002C2F8001C7047664A02EB3A
:107900008001D1F8001C48F68F621140624B03EBF6
:107910008002C2F8001C704701465F4A02EB8100FA
:10792000D0F8000C00F03000102801D10120704781
:107930000020FCE70146584A02EB8100D0F8000C19
:1079400000F44050B0F5805F01D101207047002065
:10795000FCE7514A02EB8001D1F8001CC1F30E0193
:1079600048F68F7211404C4B03EB8002C2F8001CAA
:107970007047494A02EB8001D1F8001C48F60F72AB
:107980001140454B03EB8002C2F8001C7047424A8D
:1079900002EB8001D1F8001C48F68F72114041F4CF
:1079A00080413D4B03EB8002C2F8001C70473A4A0D
:1079B00002EB8001D1F8001C48F68F72114041F0B3
:1079C0004001354B03EB8002C2F8001C7047324A7D
:1079D00002EB8001D1F8001C01F4804169B102EB97
:1079E0008001D1F8001C48F68F72114041F48041AB
:1079F000294B03EB8002C2F8001C7047264A02EBB9
:107A00008001D1F8001C01F0400169B102EB800156
:107A1000D1F8001C48F68F72114041F040011E4B16
:107A200003EB8002C2F8001C704710B51A4B03EB41
:107A30008002D2F8002C48F68F731A400A43164C85
:107A400004EB8003C3F8002C10BD0146124A02EB80
:107A50008100D0F8000C00F00F00704710B54A10FC
:107A600052000C4B10331B689BB203EBC0030B4C52
:107A700044F8132010BD10B54A105300054A1032C7
:107A8000126892B202EBC002121D044C44F812308C
:107A900010BD0000405C004000500040006000400D
:107AA0000146EF48006880B200EBC100ED4A32F8B1
:107AB000100080B270470146E948006880B200EBD0
:107AC000C100001DE74A32F8100080B27047E44A56
:107AD000126892B202EBC002921CE24B43F8121001
:107AE000704702463E290BDD481101F01F030BB918
:107AF000431E98B24FF4004343EA8023136007E02B
:107B0000481001F001030BB1431C98B283021360CB
:107B1000704710B50246D248006880B200EBC20040
:107B2000801DD04C04EB40033E290BDD481101F0D1
:107B30001F040CB9441EA0B24FF4004444EA802450
:107B40001C6007E0481001F001040CB1441CA0B215
:107B500084021C6010BD0146C148006880B200EB81
:107B6000C100801CBF4A32F81000C0F30900704702
:107B70000146BB48006880B200EBC100801DB94AD5
:107B800032F81000C0F30900704730B54B105B00AD
:107B9000B34C2468A4B204EBC004B24D45F81430D1
:107BA00053105C00AE4B1B689BB203EBC0031B1D64
:107BB00045F8134030BD10B54A105200A84B1B6861
:107BC0009BB203EBC003A74C44F8132010BD10B5C3
:107BD0004A105300A24A126892B202EBC002121D70
:107BE000A04C44F8123010BD01469D48006880B298
:107BF00000EBC1009B4A32F8100080B2704701468A
:107C00009748006880B200EBC100001D954A32F829
:107C1000100080B2704730B50B46012B1FD1904940
:107C2000096889B201EBC001891C8E4D05EB410446
:107C30003E2A0BDD511102F01F050DB94D1EA9B2F0
:107C40004FF4004545EA8125256007E0511002F018
:107C500001050DB14D1CA9B28D0225600AE0022B71
:107C600008D17F49096889B201EBC001891C7D4CAC
:107C700044F81120012B1FD17949096889B201EB21
:107C8000C001891D774D05EB41043E2A0BDD5111E2
:107C900002F01F050DB94D1EA9B24FF4004545EA8B
:107CA0008125256007E0511002F001050DB14D1C42
:107CB000A9B28D0225600AE0022B08D16849096843
:107CC00089B201EBC001891D664C44F8112030BD1A
:107CD00030B5034601291FD16148006880B200EB2E
:107CE000C300801C5F4D05EB40043E2A0BDD5011A4
:107CF00002F01F050DB9451EA8B24FF4004545EA34
:107D00008025256007E0501002F001050DB1451CEB
:107D1000A8B2850225600AE0022908D1504800680F
:107D200080B200EBC300801C4E4C44F8102030BDE4
:107D300030B5034601291FD14948006880B200EBE5
:107D4000C300801D474D05EB40043E2A0BDD50115A
:107D500002F01F050DB9451EA8B24FF4004545EAD3
:107D60008025256007E0501002F001050DB1451C8B
:107D7000A8B2850225600AE0022908D138480068C7
:107D800080B200EBC300801D364C44F8102030BD9B
:107D900001463348006880B200EBC100801C314AC4
:107DA00032F81000C0F30900704701462C48006803
:107DB00080B200EBC100801D2A4A32F81000C0F3E7
:107DC0000900704701462648006880B200EBC100F8
:107DD000801D244A32F8100000F47C4008B10120D4
:107DE00070471F48006880B200EBC100801C1D4A2C
:107DF00032F81000C0F3090008B10220F0E70020BB
:107E0000EEE710B501290FD1174B03EB8002D2F832
:107E1000002C48F68F731A4042F04002124C04EBDB
:107E20008003C3F8002C10E002290ED10E4B03EBA7
:107E30008002D2F8002C48F68F731A4042F4804238
:107E4000094C04EB8003C3F8002C10BD024641EA44
:107E5000022070470146CAB20B1243EA0220704763
:107E6000505C0040006000400050004010B5002011
:107E7000FCF772F80121C805FCF71BF910BD0320BF
:107E80003849086070473848817A19B10521354A68
:107E9000116002E00121334A1160704708B51420D7
:107EA0008DF8000001208DF8010000208DF80200FF
:107EB00001208DF803006846FCF757F908BD7047AC
:107EC000704710B500212948FCF7F3F800214FF660
:107ED000FD70FCF7E1F810BD10B5254B18681B1DAF
:107EE00019681B1D1A68A8B1224CA070030A2371DF
:107EF000030CA371030E2372A1720B0A23730B0CE4
:107F0000A3730B0E2374A274130A2375130CA375A9
:107F1000130E237610BD10B5044601210420FCF792
:107F2000BBF83CB11448006880B220F0020012494E
:107F3000086016E01048006880B240F002000E4968
:107F400008600E48006820F47F200C49086008464D
:107F5000006840F44C30086089140848001FFCF7A2
:107F60005AFD10BDB4010020980A00203FC8FE3A17
:107F7000E8F7FF1FC0000020405C004004080140FB
:107F800010B5402298210A48FFF780FB01200949DB
:107F900008704FF44051FFF7F8FB10BD002004E0DB
:107FA0000021054A1154411CC8B24028F8DB704733
:107FB00056090020DA000020B40A002010B5374826
:107FC0000068374908800846008800F48060354919
:107FD0000988084030B14FF6FF3030490860324917
:107FE000486880472E48008800F400502D490988D1
:107FF000084018B14DF6FF702849086028480088ED
:1080000000F4805027490988084030B14EF6FF70CF
:1080100022490860002000F0BEF92148008800F4E1
:10802000006020490988084060B12048007810B1FC
:1080300000F091F902E0022000F0ADF94FF2FF707C
:10804000164908601648008800F400701549098830
:10805000084040B14FF6FF501049086014480078BE
:10806000401C134908700E48008800F480700D49C8
:108070000988084030B14FF6FF60084908600720C2
:1080800000F089F90648008800F400400549098895
:10809000084008B1FFF7F6F810BD0000445C00404E
:1080A000DC000020B600002020010020B8010020E4
:1080B000DE00002010B5FFF70FFF0020854909689A
:1080C000887200F01FF90020834908604FF43F4098
:1080D00082490880084600887F49091F08600020FF
:1080E0007F49086010BD10B500207A490968887280
:1080F00078490968C8727B48C0797649096848722E
:108100000020FFF7F5FA4FF400710020FFF70AFB9B
:1081100010210020FFF71FFB18210020FFF7ABFC08
:1081200058210020FFF79AFC0020FFF7B9FB6E48AA
:1081300090F82C100020FFF7ECFC0020FFF77FFBED
:108140004FF4C0610120FFF7EDFA98210120FFF7FD
:1081500092FC40210120FFF7DCFC4FF4405101204C
:10816000FFF713FB4FF4C0610220FFF7DBFA4FF477
:108170008C710220FFF772FC40210220FFF7A7FC60
:1081800020210220FFF7E7FA01205549086000206E
:10819000FEF7CEFF10BD4F480068807A10B1052071
:1081A0004F490860704704204D4908607047704788
:1081B0007047014629B90120464A12681082002002
:1081C00070474A48FCE710B5044649492046FEF787
:1081D00095FC10BD10B5044646492046FEF78EFCBE
:1081E00010BD70B504460025062C1AD13948006828
:1081F000007800F07F00012813D1364800684079EC
:1082000078B9344800688078222802D1AFF23B0563
:1082100012E030480068807821280DD1AFF259056E
:108220000AE02C480068007800F07F00212803D184
:10823000032C01D1AFF285050DB9022070BD254890
:108240000068856100212348006841820020A8471A
:108250000020F3E71F480068C1782448016000202F
:10826000704700B502461B480068007800F07F00A8
:10827000212804D10B2A02D1FFF7ECFF00BD022018
:10828000FCE710B504461C492046FEF737FC10BD3C
:1082900010B5044619492046FEF730FC10BD70B5F4
:1082A00005460C480068C478042C01DD002070BD30
:1082B000134800EBC4012846FEF720FCF7E702460E
:1082C000002901DD02207047002A01DD0220FAE7C3
:1082D0000020F8E7AC000020445C0040B60000201D
:1082E000B40100201AA90008200100201801002074
:1082F0008C01002084010020740100207C010020FA
:108300009401002010B50120FFF7D9FD01244C484D
:10831000046000204B4908800846008848490860EE
:108320000020091D08604FF4E050464908800846C7
:10833000008843490860002010BD10B50120404965
:1083400008600020091D0860FFF7B9FD03203C49C3
:108350000860002010BD10B53948006884B244F0B0
:10836000080437480460006884B244F004043448C8
:108370000460FFF784FD10BD10B53148006884B279
:1083800024F004042E480460FFF77DFD4FF43F40C5
:108390002B49086010BD70B50546072D01D02A484D
:1083A000057029480078082841D2DFE800F0040A67
:1083B0001016212E4142FFF7DFFF062022490870E8
:1083C0003BE0FFF7D9FF04201F49087035E0022089
:1083D0001D494870032008702FE01B484078401E5C
:1083E000194948700846407808B90420087024E00C
:1083F0001348006884B244F010041148046005205A
:10840000114908700A20487017E00F484078401E54
:108410000D4948700846407840B90948006884B260
:1084200024F01004064804600620087005E000BF30
:1084300000BF06200449087000BF00BF70BD0000E7
:10844000405C0040B6000020B9010020F0B480EA92
:108450000102D40F4200B2EB410F02D2024608469D
:1084600011464A0042D0C30DDDB2C1F3C752AD1A66
:10847000202D35DAC1F3160141F4000204B1524255
:10848000C5F1200602FA06F12A411044B3EBD05F91
:1084900023D0C4B1012DA0EBC35009DCF0BC4FF0D8
:1084A000004202EAC352DBB200F5000000F0D8BA85
:1084B000400000F1807000EBC350A0F1807040EAF2
:1084C000D170490009E0490841EAC071A0EBC350EE
:1084D00000F50000400800EBC350F0BC00F0B7BA54
:1084E0006142012202EB4101001BF6E7F0BC70473C
:1084F00081F00041AAE780F00040A7E780EA01028E
:1085000010B502F00043400022D04A001FD0010EF7
:1085100001EB1261C0F35600C2F3560240F40000B2
:1085200042F40002A0FB022000047F39140400D0B2
:10853000401C50EA124001D44000491EC2B20C0651
:1085400004EBD010401C4008802A02D003E0002039
:1085500010BD20F00100002900DA0020184310BDF2
:1085600030B480EA010202F0004530F0004221F010
:10857000004013D090B1C30DD40DC2F31601C0F367
:108580001600E41A41F4000140F400027D349142E7
:1085900001D3641C00E04900002C02DA30BC00204A
:1085A00070474FF400000023914201D3891A03431E
:1085B00040084FEA4101F7D151B1914202D14FF049
:1085C000004105E002D24FF0010101E06FF001012E
:1085D00003EBC450284430BC00F039BA2DE9FE4FFB
:1085E000804681EA0300C00F0C46009021F0004154
:1085F00023F00045B8EB0200A94105D240462146D0
:1086000090461C460B46024623F00040104347D0DC
:10861000270DC7F30A00C3F30A510290401A0190D4
:1086200040286BDAC3F3130040F4801B0098924695
:1086300020B10023D2EB030A63EB0B0B01985946E0
:10864000C0F14002504600F0D1F906460D465046B2
:108650005946019A00F0E9F910EB08006141002445
:1086600087EA115284EAE7731A4340D0009A62B352
:10867000019A012A4FEA075215DC001B61EB020147
:108680004FF0004202EA0752CDE90042001C41F5DA
:10869000801132462B4600F020FA03B0BDE8F08F7F
:1086A00040462146F9E7001B61EB0201001C41F541
:1086B000801300185B412018A2F5001747EB030157
:1086C00040EAD570B6196D4111E06D084FEA3606E3
:1086D00045EAC0754FEA0752001B61EB0201001C1E
:1086E00041F5801149084FEA3000001951413246E6
:1086F0002B4603B0BDE8F04F00F0E0B9009801222E
:1087000040000023D0EB020263EBE07300982146A7
:108710004FEAE074B8EB000061EB0401E9E783F095
:1087200000435BE781F0004158E72DE9FE4F81EA05
:10873000030404F0004421F0004100944FF0000BCA
:1087400023F0004350EA01045ED052EA03045BD0F8
:10875000C3F30A54C1F30A552C44A4F2F334019430
:10876000A0FB0254C1F3130141F48011C3F31303BE
:1087700043F4801301FB024400FB034E840A970A72
:1087800044EA815447EA8357A4FB076802958D0A9F
:1087900005FB07854FEA932C04FB0C542705029D2B
:1087A0004FEA065847EA1637B5EB08056EEB070C9B
:1087B000870E920E47EA811742EA8312A7FB020155
:1087C000B6EB0B0164EB00042B0D43EA0C335E188F
:1087D00044EB1C50DA465146E7FB0201C5F3130493
:1087E0004FEA0B3343EA14534FEA0432019C43EA45
:1087F0000603A4F10C040294009CCDE900B400F03F
:108800006CF903B0BDE8F08F00200146F9E72DE9CF
:10881000F04D81EA030404F0004B21F000451446BA
:108820004FF0000A23F0004150EA050220D054EA3C
:1088300001021DD0C5F30A570246C5F31303C1F365
:108840001300C1F30A5640F4801543F48013A7EBDC
:108850000608101BD64608F2FD3873EB050002D35C
:1088600008F1010801E092185B41B8F1000F03DA4A
:1088700000200146BDE8F08D00204FF4801106462F
:1088800084460EE0171B73EB050705D3121B63EB41
:10889000050306434CEA010C49084FEA30009218E0
:1088A0005B4150EA0107EDD152EA030012D082EA9F
:1088B000040083EA0501084305D0101BAB4106D232
:1088C0000122002306E000224FF0004302E06FF097
:1088D000010253101AEB06004CEB085110EB0A0092
:1088E00041EB0B01BDE8F04D00F0E8B89623002203
:1088F000114600F0B5B80EB5C10F80EAE07008442B
:10890000CA07002140F233438DE80E000A460B46A9
:1089100000F0E3F803B000BD20F00040C10DC0F34B
:10892000160040F400007F2901DA002070479629E4
:1089300003DCC1F19601C840704796398840704702
:1089400070B5C1F30A5201F000450024C1F31301D0
:1089500040F2FF3341F480119A4201DA002070BDE9
:1089600040F233439A42A2F2334203DC524200F017
:108970004CF800E090402C43F1D0404270BDC1F370
:108980000A5210B5C1F3130140F2FF3341F48011D4
:108990009A4201DA002010BD40F233439A42A2F21B
:1089A000334203DC524200F030F810BD904010BD5D
:1089B00000F0004230F000400AD0C10D01F56071B6
:1089C000C0F3160042EA0151C20840071143704744
:1089D0000020014670470000002801DBC0F1004084
:1089E000002901DBC1F1004188427047202A04DBE5
:1089F000203A00FA02F1002070479140C2F12003B2
:108A000020FA03F3194390407047202A04DB203AF0
:108A100021FA02F00021704721FA02F3D040C2F19E
:108A200020029140084319467047202A06DBCB17E5
:108A3000203A41FA02F043EAE07306E041FA02F319
:108A4000D040C2F1200291400843194670470029E6
:108A5000A8BF7047401C490008BF20F001007047C4
:108A600010B4B0FA80FC00FA0CF050EA010404BF24
:108A700010BC704749B1CCF1200421FA04F411FA7A
:108A80000CF118BF012121430843A3EB0C01CB1DBE
:108A90004FEA00614FEA102042BF002010BC70472F
:108AA00000EBC35010440029A4BF10BC7047401C09
:108AB000490008BF20F0010010BC704710B5141E1B
:108AC00073F1000408DA401C41F1000192185B4187
:108AD0001A4301D120F0010010BD2DE9F04D92465E
:108AE0009B4611B1B1FA81F202E0B0FA80F2203275
:108AF0009046FFF77BFF04460F4640EA0A0041EA32
:108B00000B0153465A46084313D0114653EA01005D
:108B100019D0C8F140025046FFF777FF05460E46D0
:108B2000504659464246FFF761FF084305D00120F1
:108B300004E020463946BDE8F08D0020054346EAB2
:108B4000E0762C4337430A986305E40AA0EB08005B
:108B50000022FD0A44EA47540A3002D500200146AB
:108B6000E9E7010510196941DDE908450019694186
:108B7000BDE8F04DA2E70000064C074D06E0E068B6
:108B800040F0010394E8070098471034AC42F6D354
:108B9000F7F7B0FAB0AA0008D0AA000870B521F023
:108BA000004303430CD0C1F30A550024D5EB040560
:108BB00064EB0403D617AD1AB34102DB0020014673
:108BC00070BD201841EB025170BD0EB540F233412B
:108BD00002910021CDE900110A460B46FFF77DFF07
:108BE00003B000BD70B58C1810F8015B15F00703D9
:108BF00001D110F8013B2A1106D110F8012B03E036
:108C000010F8016B01F8016B5B1EF9D12B0705D43D
:108C10000023521E0DD401F8013BFAE710F8013B86
:108C2000CB1A921C03E013F8015B01F8015B521EA2
:108C3000F9D5A142D8D3002070BD490050EAC12027
:108C400018BF04204A0D18BF40F0010040F2FF7227
:108C5000B2EB515F08BF40F00200012808BF0520B9
:108C6000704700002DE9F74F144694B00021C4E985
:108C700002111599079121F00045C9498D4206DC82
:108C80001599C4E9000117B00020BDE8F08FC5496F
:108C9000DFF814A3A9423CDD0799C44E0029C44F54
:108CA000C44A1599534619DDFFF739FD554506D0DD
:108CB000C14AC24BFFF733FDC4E900010AE04FF09F
:108CC000D352BE4BFFF72BFD32463B46FFF727FD45
:108CD000C4E9000117B00120BDE8F08FFFF77EFC6A
:108CE000554506D0B44AB54BFFF778FCC4E90001FE
:108CF0000AE04FF0D352B14BFFF770FC32463B46CF
:108D0000FFF76CFCC4E9000117B04FF0FF30BDE87D
:108D1000F08FAB49A942159978DB21F000418346D9
:108D20008846A84AA84BFFF700FD0022A74BFFF793
:108D300055FCFFF705FE0990FFF7DDFD06460F46DF
:108D40009C4A5346FFF7F1FC43465A46FFF7EAFCBC
:108D500080468A46984A994B30463946FFF7E5FCEB
:108D60002A0D01250B9242465346FFF7DBFC032DEB
:108D7000C4E9000139D00B98C1F30A51401A05EB40
:108D800045111139814230DA9148C346784400EBED
:108D90000510CDF80CA00C90D0E9002330463946E0
:108DA000FFF7C3FC02460B46049106905846039910
:108DB000FFF7B5FC80468A4602460B4658460399A3
:108DC000FFF7ADFC049B069AFFF7A9FC83460C98BD
:108DD00003913946D0E902233046FFF7A6FC5A46F4
:108DE000039BFFF79CFC6D1CBDE707980028A2BF02
:108DF000099817B0BDE8F08F616881F000416160AB
:108E0000099817B04042BDE8F08FFFE784461598F7
:108E1000C1F31301C0F30A50A0F2F5304FEA601815
:108E200000F01F06C6F12000139000200690079066
:108E300041F4801E05206D4676B1664A08EB0001BC
:108E40007A4452F8213002EB8101B3404A68139909
:108E500022FA01F1194305E05F4908EB0002794469
:108E600051F82210A1FB0E27A1FB0C131A449A42C1
:108E700034BF0123002303EB070A05EB8003D3E98A
:108E800001B70F448F4234BF0121002193448B442A
:108E900011B1934502D903E0934501D2012100E0CD
:108EA0000021C3E901B7514445F82010011EA0F18B
:108EB0000100C1DC0298059F00F10050800F129064
:108EC0000298DDE903568000FFF715FD834628462A
:108ED0000D91FFF77AFE6FF01D02FFF75FFECDE9FF
:108EE0000E013046FFF771FE6FF03D02FFF756FEB0
:108EF00080468A463846FFF768FE6FF05D02FFF74E
:108F00004DFE0746424653461191FFF767FBDDE9E8
:108F10000E23FFF763FB5A460D9BFFF75FFB00250F
:108F20000E465A4628460D9BFFF7F9FBDDE90E2356
:108F3000FFF7F5FB42465346FFF7F1FB3A46119B1C
:108F4000FFF7F0FBDFF898A0244A5346FFF7EDFB4C
:108F500007468846234A244B31462846FFF7E5FB5F
:108F60003A464346FFF73AFB074688464FF0A84289
:108F7000534631462846FFF7D8FB3A464346FFF7AB
:108F80002DFB159A12F0004F04D0129A81F0004187
:108F900052421292C4E90001129817B0BDE8F08F56
:108FA000FB21E93F7CD90240FB21F93F7370032E7E
:108FB0008A19A33B000040543163621A61B4D03D6A
:108FC000FB21394183C8C96D305FE43F0000E03FB9
:108FD000301C0000AC1B00008E1B0000182D4454F8
:108FE000FB21F93D3326A611460B113C2DE9FF4D1F
:108FF00021F0004807460C46B8F1795F08DAFFF720
:109000009FFC002801BF0020324904B0BDE8F08D6C
:109010003A46234610461946FFF787FB05460246A7
:109020002D480E460B460621784400F05DF82A468E
:109030003346FFF77AFBDDE9022382468B4638464A
:109040002146FFF772FB04460F4652465B46284610
:109050003146FFF76AFB22463B46FFF760FB0746B7
:109060008A464FF0FF3228463146FFF797FD1B4AEC
:1090700090450ADA3A465346FFF751FB04B0002206
:10908000BDE8F04D134BFFF74DBB154A4245A8BF55
:10909000A8F500154FF00004B8BF124D22462B462C
:1090A000FFF73DFB0646884622462B46002009492D
:1090B000FFF735FB04460D463A46534630464146D7
:1090C000FFF72DFB04B022462B46BDE8F04DFFF71D
:1090D00029BB00000000F03F641900003333D33F88
:1090E0000000E93F0000D23F2DE9F0414F1E00EBA8
:1090F000C7010446D1E9000115461E4637F00602B5
:109100000DD02A463346FFF710FB7F1E04EBC70342
:10911000D3E90023FFF762FA37F00602F1D1022FFC
:1091200025D0042F13D0062F18BFBDE8F0812A46A2
:109130003346FFF7FAFAD4E90A23FFF74FFA2A4633
:109140003346FFF7F2FAD4E90823FFF747FA2A4635
:109150003346FFF7EAFAD4E90623FFF73FFA2A4637
:109160003346FFF7E2FAD4E90423FFF737FA2A4639
:109170003346FFF7DAFAD4E90223FFF72FFA2A463B
:109180003346FFF7D2FAD4E90023BDE8F041FFF7F8
:1091900025BA00002DE9FF4D054621F0004084B0BE
:1091A0000C46B0F1795F0BDA2846FFF746FD04283C
:1091B00008BF00F06FF8284608B02146BDE8F08DE2
:1091C0002A460B461046FFF7B0FA06460F462A46D7
:1091D0002346FFF7AAFA804626488A4632463B468F
:1091E00005217844FFF780FF83461098029160B311
:1091F000214A224B40465146FFF797FACDE900013C
:109200005A4640465146029BFFF78FFA82468846EF
:10921000DDE906014FF0FF32FFF7C0FC524643463E
:10922000FFF77DFA32463B46FFF77FFADDE906237A
:10923000FFF775FADDE90023FFF771FA08B02A4657
:109240002346BDE8F04DFFF76DBA0B465A4630464F
:109250003946FFF76AFA084A084BFFF7BFF942465A
:109260005346FFF762FA08B02A462346BDE8F04DA0
:10927000FFF7B4B9A2180000495555555555C5BF5B
:109280000122FFF78BBC0022134610461146FFF760
:10929000BEBA0000024A00201107FFF77FBC0000A1
:1092A00001FDFFFF02E008C8121F08C1002AFAD121
:1092B00070477047002001E001C1121F002AFBD156
:1092C000704700000149086070470000BC010020A1
:1092D00000B5254B21F0004287B09A4203DC002202
:1092E000134600922BE0214B9A4208D140B94FF02F
:1092F0000100FFF7E7FFFFF7C6FF07B000BD03DB84
:10930000FFF7BEFF07B000BD02AAFFF7ABFC10F0ED
:1093100003014FF001000DD0012914D002291AD009
:109320000DF1080C9CE80F00FFF760FE07B081F01C
:10933000004100BD0DF1080C00909CE80F00FFF704
:1093400029FF07B000BD0DF1080C9CE80F00FFF7E6
:109350004DFE07B000BD0DF1080C00909CE80F0019
:10936000FFF718FFE2E70000FB21E93F0000F07F74
:1093700000000000000000000000000000000000ED
:109380003F400000000000000000300040003000BE
:109390004000000009000BC03D000BC03D0009006B
:1093A00018C024407FE0224031800000180024C013
:1093B0001B000D803240018003801C4027401C8030
:1093C00007400040100060000000000000000000A6
:1093D0000000000000001F802040402000004020CE
:1093E00020401F8000000000090006001F800600CA
:1093F00009000000040004003F8004000400000095
:1094000000100060000000000000000004000400E4
:109410000400040004000000000000400000000000
:1094200000000000002001C00600380040000000DD
:109430001F802040204020401F800000000010407E
:109440003FC000400000000018C0214022402440DE
:109450001840000010802040244024401B80000061
:1094600002000D0011003FC0014000003C8024407C
:1094700024402440238000001F80244024403440A6
:10948000038000003000200027C0380020000000CA
:109490001B802440244024401B8000001C0022C06C
:1094A000224022401F800000000000000840000011
:1094B0000000000000000000046000000000000048
:1094C000000004000A00110020804040090009004B
:1094D0000900090009000000000040402080110040
:1094E0000A00040018002000234024001800000097
:1094F0001F802040274029401F400000004007C037
:1095000039000F0001C0004020403FC024402440EB
:109510001B8000001F802040204020403080000041
:1095200020403FC0204020401F80000020403FC01E
:1095300024402E4030C0000020403FC024402E0078
:10954000300000000F0010802040224033800200D5
:1095500020403FC0040004003FC020402040204085
:109560003FC02040204000000060202020203FC05D
:109570002000200020403FC024400B0030C020408D
:1095800020403FC020400040004000C03FC03C00A1
:1095900003C03C003FC0000020403FC00C402300FF
:1095A0003FC020001F802040204020401F8000003E
:1095B00020403FC024402400180000001F802140AC
:1095C000214020E01FA0000020403FC02440260092
:1095D00019C0004018C024402440224031800000BF
:1095E000300020403FC020403000000020003F807D
:1095F000004000403F80200020003E0001C00700E6
:1096000038002000380007C03C0007C038000000C8
:10961000204039C0060039C02040000020003840FA
:1096200007C0384020000000304021C026403840AC
:1096300020C00000000000007FE04020402000002B
:10964000000070000C00038000400000000040207B
:1096500040207FE0000000000000200040002000CB
:10966000000000000010001000100010001000109A
:109670000000000040000000000000000000028028
:109680000540054003C0004020003FC004400440A6
:1096900003800000000003800440044006400000F6
:1096A00000000380044024403FC0004000000380CD
:1096B0000540054003400000000004401FC0244056
:1096C00024402000000002E0055005500650042010
:1096D00020403FC00440040003C00040000004409C
:1096E00027C000400000000000100010041027E018
:1096F0000000000020403FC00140070004C00440BB
:10970000204020403FC000400040000007C004004F
:1097100007C0040003C00000044007C00440040068
:1097200003C00040000003800440044003800000A8
:10973000041007F004500440038000000000038080
:109740000440045007F00010044007C00240040029
:1097500004000000000006400540054004C0000071
:10976000000004001F800440004000000400078047
:109770000040044007C000400400070004C001800E
:1097800006000400060001C0070001C0060000003A
:10979000044006C0010006C0044000000410071089
:1097A00004E00180060004000000044005C00640FB
:1097B000044000000000000004007BE040200000A6
:1097C000000000000000FFF000000000000040204A
:1097D0007BE004000000000040008000400020000A
:1097E0002000400000000000000000000000000019
:1097F000000000000000000000001FCC000C000072
:109800000000000000000800300060000800300088
:1098100060000000022003FC1E20022003FC1E202A
:109820000220000000000E1811043FFF10840C7885
:10983000000000000F0010840F3800C00778188463
:109840000078000000780F8410C411240E9800E402
:10985000008400080800680070000000000000009C
:109860000000000000000000000007E018182004BD
:1098700040020000000040022004181807E0000029
:10988000000000000240024001800FF00180024011
:10989000024000000080008000800FF800800080FF
:1098A000008000000001000D000E0000000000001C
:1098B0000000000000000080008000800080008028
:1098C000008000800000000C000C00000000000080
:1098D0000000000000000006001800600180060083
:1098E00018002000000007F0080810041004080801
:1098F00007F000000000080408041FFC0004000436
:109900000000000000000E0C1014102410441184FC
:109910000E0C000000000C18100411041104128831
:109920000C700000000000E00320042408241FFC49
:109930000024000000001F981084110411041088F6
:1099400010700000000007F0088811041104188846
:109950000070000000001C00100010FC13001C0030
:109960001000000000000E381144108410841144CF
:109970000E38000000000700088C104410440888CE
:1099800007F00000000000000000030C030C0000C2
:1099900000000000000000000001010600000000BF
:1099A00000000000000000800140022004100808B0
:1099B00010040000022002200220022002200220C7
:1099C00002200000000010040808041002200140DA
:1099D0000080000000000E001200100C106C1080BF
:1099E0000F00000003E00C1813E4142417C4082827
:1099F00007D000000004003C03C41C40074000E402
:109A0000001C000410041FFC1104110411040E8832
:109A10000070000003E00C1810041004100410087B
:109A20001C10000010041FFC10041004100408088F
:109A300007F0000010041FFC1104110417C41004E7
:109A40000818000010041FFC1104110017C01000BA
:109A50000800000003E00C181004100410441C78E7
:109A60000040000010041FFC10840080008010845F
:109A70001FFC10040000100410041FFC100410044C
:109A80000000000000030001100110011FFE100083
:109A90001000000010041FFC110403801464181C43
:109AA0001004000010041FFC100400040004000453
:109AB000000C000010041FFC1F0000FC1F001FFC16
:109AC0001004000010041FFC0C04030000E0101838
:109AD0001FFC100007F00808100410041004080808
:109AE00007F0000010041FFC10841080108010800C
:109AF0000F00000007F0081810241024101C080A9A
:109B000007F2000010041FFC1104110011C01130F5
:109B10000E0C000400000E1C11041084108410446C
:109B20001C3800001800100010041FFC1004100066
:109B30001800000010001FF81004000400041004B6
:109B40001FF8100010001E0011E0001C00701380B0
:109B50001C0010001FC0103C00E01F0000E0103C83
:109B60001FC000001004180C163401C001C01634C8
:109B7000180C100410001C00130400FC13041C003B
:109B8000100000000804101C1064108413041C044E
:109B9000101800000000000000007FFE400240029C
:109BA00040020000000030000C0003800060001C38
:109BB0000003000000004002400240027FFE00005F
:109BC00000000000000000002000400040004000B5
:109BD000200000000001000100010001000100015F
:109BE00000010001000040004000200000000000D3
:109BF00000000000000000980124014401440144D9
:109C000000FC000410001FFC00880104010400880F
:109C100000700000000000700088010401040104CD
:109C20000088000000000070008801040104110891
:109C30001FFC0004000000F80144014401440144F9
:109C400000C800000000010401040FFC110411040D
:109C500011001800000000D601290129012901C9BD
:109C60000106000010041FFC008401000100010433
:109C700000FC000400000104190419FC00040004A5
:109C8000000000000000000300010101190119FE9D
:109C90000000000010041FFC0024004001B4010C6F
:109CA000010400000000100410041FFC0004000464
:109CB00000000000010401FC0104010001FC01049A
:109CC000010000FC010401FC00840100010001040A
:109CD00000FC0004000000F8010401040104010478
:109CE00000F80000010101FF008501040104008863
:109CF00000700000000000700088010401040105EC
:109D000001FF00010104010401FC008401040100C1
:109D100001800000000000CC012401240124012462
:109D20000198000000000100010007F8010401048F
:109D300000000000010001F8000400040004010814
:109D400001FC0004010001800170000C00100160A2
:109D50000180010001F0010C003001C00030010C55
:109D600001F0010000000104018C00740170018CFD
:109D700001040000010101810171000E0018016061
:109D80000180010000000184010C013401440184C0
:109D9000010C0000000000000000000001003EFC7B
:109DA000400240020000000000000000FFFF000031
:109DB000000000000000400240023EFC01000000E4
:109DC00000000000000060008000800040004000B3
:109DD0002000200054105560FD005560551005907E
:109DE00055505510FD305740543000002040108031
:109DF00002002A80CA904A904FF05A806A800FC0B1
:109E0000020000003FC0248024802480FFE02490D2
:109E1000249024903F900010007000000200020087
:109E20004200421042104FF0520062004200020015
:109E30000200000048804B007FF08A000900488043
:109E400024800080FFF001000100000011001110CB
:109E5000FFF012002410271024A0FC4024A027109B
:109E60002010000000000000000010800900060023
:109E70000600090010800000000000000000003013
:109E800000000000000000000000000000000000D2
:109E90000000000000000030000000F000000000A2
:109EA0000000000000000000000000000000003082
:109EB000000000F0000003F00000000000000000BF
:109EC0000000000000000030000000F0000003F07F
:109ED00000000FF000000000000000000000003053
:109EE000000000F0000003F000000FF000003FF061
:109EF0000000000000000000000000000000000062
:109F00000000000000000000000000007FE00000F2
:109F10000000000000000000000000000000000041
:109F2000000000007FE07FE0000000000000000073
:109F30000000000000000000000000007FE07FE063
:109F40007FE00000000000000000000000000000B2
:109F5000000000007FE07FE07FE07FE00000000085
:109F60000000000000000000000000007FE07FE033
:109F70007FE07FE07FE000000000000000000000C4
:109F8000000000007FE07FE07FE07FE07FE07FE097
:109F90000000000000000000000000007FE07FE003
:109FA0007FE07FE07FE07FE07FE0000000000000D6
:109FB000000000007FE07FE07FE07FE07FE07FE067
:109FC0007FE07FE000000000000000007FE07FE015
:109FD0007FE07FE07FE07FE07FE07FE07FE00000E8
:109FE000000000007FE07FE07FE07FE07FE07FE037
:109FF0007FE07FE07FE07FE0000000007FE07FE027
:10A000007FE07FE07FE07FE07FE07FE07FE07FE058
:10A010007FE000007FE07FE07FE07FE07FE07FE0A7
:10A020007FE07FE07FE07FE07FE07FE000000000F6
:10A030004C002A0009E02820282009E02A004C00D2
:10A040000000000000004020264015800DE0162092
:10A0500016200DE015802640402000004000400002
:10A0600040004000400040007E0009801440222053
:10A0700000F000001110FFF0120000003210251057
:10A08000A91061F029102510321000000800880086
:10A090004FE000400A10F31082A08240F2A00B10A3
:10A0A000081000000810E810ABF0AA10EA10BE700B
:10A0B000EA10AA10ABF0E8100810000034102420B9
:10A0C00025C02420A41067F024902490249024908C
:10A0D0003410000041F041005D0055705550D550DE
:10A0E000555055705D00411041F000001100160000
:10A0F000FFF0120040505F50F56055C0F5605F50B2
:10A100004050000010101210121013E01220122004
:10A110001020FF0010C090205070000000000000D0
:10A120000CC00CC000000000000000000000000097
:10A13000000000001110FFF012000810FFE00800FE
:10A140000FE02090FF1020903FB000004000400042
:10A1500040004000400040007E0009801440222062
:10A1600000F0000011001600FFF0120040505F5098
:10A17000F56055C0F5605F5040500000101012109F
:10A18000121013E0122012201020FF0010C09020A7
:10A1900050700000000000000CC00CC00000000067
:10A1A0000000000000000000000000000410442037
:10A1B0004440448047007C0047E044104410441071
:10A1C00004700000021012100A2042202240038076
:10A1D000FE00028002400220021000001100160062
:10A1E000FFF0120040505F50F56055C0F5605F50C1
:10A1F0004050000010101210121013E01220122014
:10A200001020FF0010C090205070000000000000DF
:10A210000CC00CC0000000000000000000000000A6
:10A220000000000008000800FFE0104010904020EF
:10A2300040C07F00401040107FE00000110011106E
:10A24000FFF0120010902FA0C8C05F8068C00FA060
:10A250000090000011001600FFF0141002207FC0D3
:10A26000400040007FE0001000700000021012105B
:10A270000A20422022400380FE0002800240022089
:10A2800002100000000000000CC00CC00000000024
:10A2900000000000000000000000000004000800B2
:10A2A0003FF0C400240027403D40E5202560259074
:10A2B0000400000000907F60400057605510575028
:10A2C00040B0F9104630D94043B000000480E4F0BB
:10A2D000A550A550E6701C00E670A550B550ECF0F6
:10A2E0000480000020801100FFF0000008100860CA
:10A2F0000B80FC000B80486028100000222022C048
:10A30000240028E03010E51032D0281024302280BC
:10A31000226000003FC03C0003C03C003FC0204022
:10A3200020403FC0244024001800000020003F804F
:10A33000004000403F8020000F8012402440244015
:10A34000138000001F802040204020401F8000001C
:10A350003E80244024402440238000001F80204071
:10A36000204020401F800000000000000CC00CC0F6
:10A3700000000000000000000000000000000000DD
:10A3800010002400D4005400540054005400540021
:10A3900057C050204070000000107FE04010421075
:10A3A000421042105FF042104290425040100000B4
:10A3B000080088004FE00040048004000400FFF023
:10A3C0000400040004000000000000000CC00CC0E9
:10A3D000000000000000000000000000000000007D
:10A3E000041044204440448047007C0047E044106F
:10A3F000441044100470000019202B20CD4011405F
:10A40000001012101220FFC024A0A51064700000DC
:10A4100011001600FFF0120040505F50F56055C06B
:10A42000F5605F50405000001040FFC010800210E7
:10A43000222022C0FF0022C022203E100210000075
:10A44000000000000CC00CC0000000000000000074
:10A450000000000000000000041025E02420FFF0B0
:10A46000249004904BD0725042504A507BD0000050
:10A47000401057E0548054805480F78054805480BA
:10A48000548057C0400000004420224000103FE0AC
:10A490002410271024A0FC4024A027103010000016
:10A4A00011001600FFF0120040505F50F56055C0DB
:10A4B000F5605F50405000001040FFC01080021057
:10A4C000222022C0FF0022C022203E1002100000E5
:10A4D000000000000CC00CC00000000000000000E4
:10A4E00000000000000000000010401047F0401085
:10A4F00040107FF042104210421042100010000045
:10A50000300020E0AE806A802A80EBF02A806A80EA
:10A51000AEA020E0300000001900EFF0292021401B
:10A5200008002BF0FAA02AA02AA0FAA02BF0000025
:10A5300088004FE001400510F52095409780954038
:10A54000F5200510011000000000000000000000D0
:10A5500000000000000000000000000000000000FB
:10A5600002100220FAC0AA20AA10ABF0AA90AA906A
:10A57000FA900290021000000000000000000000AD
:10A5800000000000000000000000000000000000CB
:10A5900000000000000000000000000000000000BB
:10A5A0000000000000000000880089F09120912048
:10A5B000A120FD208120A120A12091F08800000091
:10A5C000000000000000000000000000000000008B
:10A5D00000000000000000002100A2006FF0340025
:10A5E00002107F2040C05F0040E07F10003000007C
:10A5F0003810A0106FA02820A8406B802860281079
:10A600006F90A010383000003410242025C0242082
:10A61000A41067F02490249024902490341000001B
:10A6200008003FF0C0001010161011D090105030EC
:10A6300010D0171010100000000000000CC00CC05B
:10A64000000000000000000000000000000000000A
:10A650002100A2006FF0340002107F2040C05F0094
:10A6600040E07F10003000003810A0106FA02820BC
:10A67000A8406B80286028106F90A0103830000030
:10A680003410242025C02420A41067F024902490A6
:10A69000249024903410000008003FF0C0001010F7
:10A6A000161011D09010503010D01710101000005C
:10A6B00011001600FFF0120040505F50F56055C0C9
:10A6C000F5605F50405000001040FFC01080021045
:10A6D000222022C0FF0022C022203E1002100000D3
:10A6E000000000000CC00CC00000000000000000D2
:10A6F000000000000000000000000000000000005A
:10A700000000000088104FE00010421066D05A5040
:10A710006A505FD08A509A50A2D000001110FFF00A
:10A720001200000032102510A91061F02910251028
:10A73000321000003FC0248024802480FFE0249059
:10A74000249024903F9000100070000000107FE0E3
:10A7500040104210421042105FF0421042904250AE
:10A7600040100000040008003FF0C0007FE04440BB
:10A7700044A07F1084C0842004F00000000000008A
:10A7800000000000000000000000000000000000C9
:10A790000000000040004000400040004000400039
:10A7A0007E0009801440222000F0000011001600F5
:10A7B000FFF0141002207FC0400040007FE0001036
:10A7C000007000003FC0248024802480FFE024909B
:10A7D000249024903F9000100070000000107FE053
:10A7E00040104210421042105FF04210429042501E
:10A7F00040100000040008003FF0C0007FE044402B
:10A8000044A07F1084C0842004F0000000000000F9
:10A8100000000000000000000410442024401780C5
:10A820000400FC00040017E0241044100470000031
:10A8300044202240001024202DC03400A5F06400E4
:10A8400025E02C10267000003410242025C0242080
:10A85000A41067F0249024902490249034100000D9
:10A8600000100FA0088008A00890F88048A0489029
:10A8700048804FA040100000000000000CC00CC039
:10A8800000000000000000000000000000000000C8
:10A8900004104420244017800400FC00040017E04A
:10A8A0002410441004700000442022400010242092
:10A8B0002DC03400A5F0640025E02C1026700000A7
:10A8C00011001600FFF0120040505F50F56055C0B7
:10A8D000F5605F50405000001040FFC01080021033
:10A8E000222022C0FF0022C022203E1002100000C1
:10A8F000000000000CC00CC00000000000000000C0
:10A9000000000000000000001201000200000040F2
:10A91000830411A0000301020301090229000101BF
:10A9200000C03209040000020300000009211001E8
:10A9300000012221000705820340000107050103F1
:10A94000400001058C0901A101090315002600FF43
:10A95000750895408102090415002600FF750895C9
:10A96000409102C004030904140341004E004F004B
:10A97000540043005F0048004900440012035400A3
:10A980006F006E006700580069006E003100000023
:10A990004C5555555555A53F7751C1166CC156BFFD
:10A9A0009015CB19A001FA3EAD529C804F7E92BE0D
:10A9B000C4B1B4BD9EEE213ED43888BEE9FAA8BD2C
:10A9C00000004054FB21F93F3163621A61B4D03D6D
:10A9D0000000601A61B4D03D7370032E8A19A33B46
:10A9E0000000002E8A19A33BC14920259A837B3998
:10A9F00000000000000000006E83F9A22915444EFB
:10AA0000D15727FCC0DD34F5999562DB4190433C7A
:10AA1000AB6351FE61C5BBDE3A6E24B7E0D24D4256
:10AA2000EA2E49061C92D1091CEB1DFE3EA729B156
:10AA3000F53582E88444BB2E26709CE9417E5FB4E4
:10AA400039D69139F43953838B5F849C3B28F9BD07
:10AA5000FF97F81F0F9805DE8B112FEF1F6D0A5A15
:10AA6000CF7E366DB709CB27663F464F2DEA5F9EF6
:10AA7000C7BA27757BF1E5EBF739073DEA92528AB1
:10AA8000B15FFB6B085D8D1FA6F810111111813F9E
:10AA9000D561C119A0012ABF7DFEB157E31DC73E94
:10AAA000EB9C2B8AE6E55ABE7CD5CF5A3AD9E53DD8
:10AAB000D0AA000800000020C0010000E48B0008BC
:10AAC00078AB0008C0010020380D0000B4920008E7
:10AAD000012E9A050621F2011008E4CB9640AABB8C
:10AAE000CC3A0105091038E9301184A24A046809FA
:10AAF00001020304060708090C6910051C0204067C
:10AB000008141A0378A902011013197214089D7F02
:10AB10002A0808E9040A1581182904411A03B11307
:10AB2000B5801B08E70413AF811B08B1041AE304C6
:10AB30001363821B08BF041A83041A91041A9F042A
:10AB4000415A40701A97240916581AA71C1308A9CD
:10AB50002B0812BC190832291A430832211A2C0872
:10AB600032091A640832041A680832145A7C3022F6
:08AB7000C073201A199B51006B
:04000005080000ED02
:00000001FF
