:020000040800F2
:10000000F80E0020193C0008213C0008233C0008A1
:10001000253C0008273C0008293C0008000000009F
:100020000000000000000000000000002B3C000861
:100030002D3C0008000000002F3C0008012B0008A8
:10004000333C0008333C0008333C0008333C0008D4
:10005000333C0008333C0008333C0008333C0008C4
:10006000333C0008333C0008333C0008333C0008B4
:10007000333C0008333C0008333C0008333C0008A4
:10008000333C0008333C0008333C0008092B0008CF
:100090000B2B0008333C0008333C0008333C0008BD
:1000A000333C0008333C0008333C0008333C000874
:1000B000333C0008333C0008333C0008333C000864
:1000C000333C0008333C0008333C0008333C000854
:1000D000333C0008F92A0008333C0008333C000890
:1000E000333C0008333C0008333C0008DFF80CD0F8
:1000F00008F072FD0048004717010008F80E0020C4
:1001000010B5012145F21D2003F0F6FF01212F4813
:1001100003F0FFFF10BDFFF7F3FF4FF4407004F052
:100120004FF802F038FD00F0CBFE03F019FA02F0B0
:1001300039FF02F0CFFE264908700846007840B12A
:1001400024480178042002F056FE0020224908715C
:1001500002E001202049087102F054FD03F0F0F99B
:1001600003F062FB01F009F91C4800684FF4FA72D1
:10017000B0FBF2F1B1F1807F00D31DE021F07F40B0
:10018000401E4FF0E022506150170F22002807DA7E
:1001900013071D0E124B00F00F04241F1D5503E022
:1001A00013071C0E0F4B1C5400BF00204FF0E02221
:1001B00090610720106100BF07E00748407820B138
:1001C00002F037FC002004494870F6E702002400E2
:1001D00000000020D2020020E40600207C00002065
:1001E00018ED00E000E400E010B56E48008A6E49AA
:1001F000088108460089B0F5AC7F07DC0846008915
:10020000B0F5A07F02DD0120C87002E00020664941
:10021000C87066480088664908800846008800B2B1
:10022000604948820020614908806148008858B9C7
:100230000221604804F01FFC00205B49487188716E
:1002400008708881887006E002215A4804F011FC89
:1002500001205549887110BD10B5012052494870E0
:1002600002F0A5FD5448007820B1002153480088D1
:1002700000F0C8FD10BD10B503F09DFB10BD10B51A
:1002800003F0F4FA02F08BFB4D480068401C4C4927
:1002900008604548807908B900F059FC10BD10B5D8
:1002A0004848007801280CD147480078212804DA12
:1002B00045480178401C02F063FD00204149087068
:1002C00001E000F091FB10BD10B502F022FE3F48A6
:1002D000007848B13E4801783E4803F056F903F0F3
:1002E00066F900203949087000F0C2FA10BD10B557
:1002F00039480088012804DBFFF7E6FF0020364973
:10030000088036480088022804DBFFF7C8FF002079
:100310003249088032480088052804DBFFF7AFFF28
:1003200000202F4908802F4800880A2804DBFFF7A7
:10033000A2FF00202B4908802B480088192804DBE5
:10034000FFF78AFF00202849088028480088B0F578
:10035000FA7F04DBFFF748FF00202449088010BD26
:1003600010B51D480088401C1B4908801B480088A8
:10037000401C1A4908801A480088401C1849088007
:1003800018480088401C1749088017480088401CFE
:100390001549088015480088401C14490880FFF75B
:1003A000A6FF10BDCA010020E40600205E00002068
:1003B0005C000020000C01403800002030000020CC
:1003C00048000020DA0000205609002060000020CC
:1003D0005A00002004070020020000200400002032
:1003E00006000020080000200A0000200C00002069
:1003F000B0F9041040F2D252914208DDB0F9041075
:1004000040F2E652914202DA40F2DC518180B0F9CA
:10041000061040F2D252914208DDB0F9061040F2C7
:10042000E652914202DA40F2DC51C180B0F902108A
:1004300040F2D252914208DDB0F9021040F2E65289
:10044000914202DA40F2DC5141807047B0F900106D
:10045000B1F57A7F02DC4FF47A7101E0B0F9001057
:100460000180B0F90010B1F5FA6F02DB4FF4FA61C8
:1004700001E0B0F900100180B0F90410B1F57A7F05
:1004800002DC4FF47A7101E0B0F904108180B0F918
:100490000410B1F5FA6F02DB4FF4FA6101E0B0F934
:1004A00004108180B0F90610B1F57A7F02DC4FF4B8
:1004B0007A7101E0B0F90610C180B0F90610B1F50B
:1004C000FA6F02DB4FF4FA6101E0B0F90610C18067
:1004D000B0F90210B1F57A7F02DC4FF47A7101E0D5
:1004E000B0F902104180B0F90210B1F5FA6F02DBE9
:1004F0004FF4FA6101E0B0F902104180B0F9081040
:10050000B1F57A7F02DC4FF47A7101E0B0F908109E
:100510000181B0F90810B1F5FA6F02DB4FF4FA610E
:1005200001E0B0F908100181B0F90A10B1F57A7F45
:1005300002DC4FF47A7101E0B0F90A104181B0F9A0
:100540000A10B1F5FA6F02DB4FF4FA6101E0B0F97D
:100550000A104181B0F90C10B1F57A7F02DC4FF43A
:100560007A7101E0B0F90C108181B0F90C10B1F58D
:10057000FA6F02DB4FF4FA6101E0B0F90C108181EF
:100580007047FE490A68091DFD4B1B7831F81310AE
:10059000511AFA4A1160FB490A68091DF84B1B7889
:1005A00031F81310511AF74A1160F7490A68091D0A
:1005B000F34B1B7831F81310511AF34A1160F349C9
:1005C0000A68091DEE4B1B7831F81310511AEF4AD7
:1005D0001160EF490A68091DE94B1B7831F81310C7
:1005E000511AEB4A1160EB490A68091DE44B1B786C
:1005F00031F81310511AE74A1160E7490A68091DDA
:10060000DF4B1B7831F81310511AE34A116001884F
:100610008AB2DA49091DDA4B1B7821F81320418888
:100620008AB2D849091DD64B1B7821F81320C188FE
:100630008AB2D549091DD24B1B7821F81320818835
:100640008AB2D249091DCE4B1B7821F813200189AB
:100650008AB2CF49091DCA4B1B7821F81320818922
:100660008AB2CC49091DC64B1B7821F81320018A98
:100670008AB2C949091DC24B1B7821F81320BF4912
:100680000A68091DBE4B1B7831F813101144BB4A90
:100690001160BC490A68091DB94B1B7831F8131069
:1006A0001144B84A1160B8490A68091DB44B1B7857
:1006B00031F813101144B44A1160B4490A68091D95
:1006C000AF4B1B7831F813101144B04A1160B04998
:1006D0000A68091DAA4B1B7831F813101144AC4A63
:1006E0001160AC490A68091DA54B1B7831F813103D
:1006F0001144A84A1160A8490A68091DA04B1B783B
:1007000031F813101144A44A11609C4909680A2267
:10071000B1FBF2F109B201809A490968B1FBF2F12B
:1007200009B2418098490968B1FBF2F109B2C18070
:1007300096490968B1FBF2F109B2818094490968D0
:10074000B1FBF2F109B2018192490968B1FBF2F102
:1007500009B2818190490968B1FBF2F109B20182C5
:1007600087490978491C864A1170114609780A2977
:1007700001D100211170704710B5044687484078B8
:10078000002873D08648007890B900208349C8803B
:1007900008818880488001208149087000208149B3
:1007A000086081490860814908608149086010BD7E
:1007B0007B480078401C7A490870B4F900007949F8
:1007C0000968084477490860B4F902007649096865
:1007D000084475490860B4F904007449096808447C
:1007E00072490860B4F90600714909680844704903
:1007F00008606B480078332838D169480078401E7B
:100800006749087067480068097890FBF1F0A0F527
:100810007A706249C880644800686149097890FB31
:10082000F1F0A0F2DC5080B25C49088108825F4898
:1008300000685B49097890FBF1F0A0F2DC5080B2CF
:1008400056498880C8815A4800685549097890FB04
:10085000F1F0A0F2DC5080B250494880888100203D
:100860004F4908704D49487000F016FB00BF9EE7E5
:100870002DE9F0474F49488808F068F805464FF0E1
:100880007A5107F06BFE044608F076F800F57A70AE
:100890004249C988401A00B2474908804549C8887A
:1008A00008F054F805464FF07A5107F057FE044619
:1008B00008F062F800F57A7038498988401A00B269
:1008C0003D4988803B49088808F040F805464FF0CC
:1008D0007A5107F043FE044608F04EF8C0F5FA607E
:1008E0002E490989401A00B2334948803149888825
:1008F00008F02CF805464FF07A5107F02FFE044619
:1009000008F03AF800F57A7024494988401A00B294
:100910002949C8802148408800F2DC5000B2088193
:100920001E48808800F2DC5000B288812149088A84
:1009300008F00CF880461F49C88908F007F881467E
:100940004FF0804107F00AFE0746414607F038FEA7
:1009500006461A4907F002FE0546194907F0FEFD52
:10096000044608F009F82C3000B213490882084602
:10097000FFF707FE1048FFF7FFFE23E0E00100202D
:10098000100000202802002010020020F8010020A2
:10099000400200207002002088020020D2020020C5
:1009A0001100002014000020180000201C0000206E
:1009B0002000002044090020CA0100209A99993F94
:1009C0000000C8420348FFF741FD0248FFF710FD51
:1009D000BDE8F087CA01002070B504460D462946DF
:1009E000204602F0CDF970BD70B50024AA22214640
:1009F000641CFB484254AF222146641C425403222B
:100A00002146641C425400222146641C4254F5488D
:100A100042782146641CF2484254F248027821464A
:100A2000641CEF484254EF48C2782146641CEC48ED
:100A30004254EC4882782046611CCCB2E8490A5402
:100A4000E848C2792046611CCCB2E5490A54E54821
:100A500082792046611CCCB2E1490A54E1484279CE
:100A60002046611CCCB2DE490A54DE480279204699
:100A7000611CCCB2DA490A54DA48427A2046611C39
:100A8000CCB2D7490A54D748027A2046611CCCB26E
:100A9000D3490A54D348C27A2146601CC4B2D04814
:100AA0004254D048827A2046611CCCB2CC490A54C8
:100AB000CC48427B2046611CCCB2C9490A54C94883
:100AC000027B2046611CCCB2C5490A54C548C27B92
:100AD0002046611CCCB2C2490A54C248827B2046DF
:100AE000611CCCB2BE490A54BE48427C2046611CFF
:100AF000CCB2BB490A54BB48027C2046611CCCB234
:100B0000B7490A54B748C27C2046611CCCB2B449EC
:100B10000A54B448827C2046611CCCB2B0490A54C5
:100B2000201FC8700025002005E0AD49095C29445C
:100B3000CDB2411CC8B2A042F7DB2046611CCCB24A
:100B4000A7490D542146A648FFF746FF70BD70B572
:100B50000024AA222146641CA14842542146641C58
:100B6000425403222146641C425400222146641C44
:100B700042549C4842782146641C99484254994802
:100B800002782146641C964842549648C278214611
:100B9000641C93484254934882782046611CCCB22E
:100BA0008F490A548F48C2792046611CCCB28C49C7
:100BB0000A548C4882792046611CCCB288490A5478
:100BC000884842792046611CCCB285490A54854840
:100BD00002792046611CCCB281490A548148427A8C
:100BE0002046611CCCB27E490A547E48027A2046D7
:100BF000611CCCB27A490A547A48C27A2146601CF8
:100C0000C4B2774842547748827A2046611CCCB2FD
:100C100073490A547348427B2046611CCCB2704928
:100C20000A547048027B2046611CCCB26C490A54BD
:100C30006C48C27B2046611CCCB269490A546948A1
:100C4000827B2046611CCCB265490A546548427CCF
:100C50002046611CCCB262490A546248027C20469C
:100C6000611CCCB25E490A545E48C27C2046611CBD
:100C7000CCB25B490A545B48827C2046611CCCB2F2
:100C800057490A54201FC8700025002005E0544928
:100C9000095C2944CDB2411CC8B2A042F7DB204612
:100CA000611CCCB24E490D5421464D4802F06DFCFA
:100CB00002F07DFC70BD2DE9F047044689464FF0F7
:100CC000000A002005E0215C514401F0FF0A411CAC
:100CD000C8B2A9F101018142F5DC04EB090010F86A
:100CE000010C504501D0BDE8F0872078AA2802D138
:100CF0006078AA2800D0F6E7A07801284CD12179A5
:100D0000090209B2627941EA020007F024FE0746AF
:100D1000354A364B07F039FD054607F041FE3449A8
:100D20000861A179090209B2E27941EA020007F0FB
:100D300012FE07462C4A2D4B07F027FD054607F00B
:100D40002FFE2B494861217A090209B2627A41EAF1
:100D5000020007F000FE0546234A244B07F015FD6C
:100D6000074607F01DFE22498861A17A0906E27A4A
:100D700041EA0241227B41EA0221627B41EA020010
:100D800007F0E9FD05461B4A1B4B07F0FEFC074632
:100D900007F006FE1649C861A07805281ED1207903
:100DA000617941EA002012494881207A0870607A0E
:100DB0004871A07AE17A41EA00200D498881207BC0
:100DC000617B41EA00200A49C8810846C0890B4975
:100DD0000988884202D100200949087000BF82E7D3
:100DE000A0020020CA0100209A9999999999B93FC7
:100DF000E40600207B14AE47E17A843F30000020F7
:100E0000380000202DE9F84306460F460024A0468E
:100E1000AA222146641C1F484254AF222146641C6A
:100E20004254F1222146641C425400222146641C93
:100E3000425400969DF801202146641C42549DF8BE
:100E400000202146641C425400979DF80120214651
:100E5000641C42549DF800202046611CCCB20D4910
:100E60000A54201FC870002506E00A48405D40442F
:100E700000F0FF08681CC5B2A542F6DB2046611CE5
:100E8000CCB2044901F8008020210248FFF7A4FDFC
:100E9000BDE8F883A002002010B512210E4802F030
:100EA0008EFC10BD10B500200B49087048704880BA
:100EB00088800881C88044204881FFF7EDFF10BD7D
:100EC00010B51221044802F05BFC03484089442815
:100ED00001D0FFF7E7FF10BDD202002010B50A468F
:100EE00022B14FF48053FB4C236004E04FF4805355
:100EF000F84C241D2360002119E04FF40053F54CF9
:100F0000241D236000F0800323B14FF40043241F0D
:100F1000236004E04FF40043EE4C241D23604FF4A3
:100F20000053EC4C23604306180E4B1CD9B2082921
:100F3000E3DB4FF48053E74C236010BD30B5002451
:100F40001CE004F1B001C8B20021FFF7C7FF002187
:100F50000846FFF7C3FF00211020FFF7BFFF002561
:100F600008E0DD4901EBC501085D0121FFF7B6FF8F
:100F7000681CC5B2802DF4DB601CC4B2082CE0DB19
:100F800030BD00B500218D20FFF7A8FF00211420FF
:100F9000FFF7A4FF0021AF20FFF7A0FF00BD00B5C1
:100FA00000218D20FFF79AFF00211020FFF796FF08
:100FB0000021AE20FFF792FF00BD30B500240CE009
:100FC000002506E00020C44901EBC5010855681C56
:100FD000C5B2802DF6DB601CC4B2082CF0DBFFF735
:100FE000ADFF30BDF0B5144600267F2801DC3F2957
:100FF00000DDF0BD0B46CF1701EB5777FF10C7F1AF
:101000000707FAB2CF1701EB5777FF10A1EBC7071D
:10101000FDB2C5F107070123BB40DEB24CB1AE4BB8
:1010200003EBC0039B5C3343AB4F07EBC007BB54E0
:1010300008E0A94B03EBC0039B5CB343A64F07EB4F
:10104000C007BB5400BFD4E72DE9F04F80460C46E3
:1010500015461E46A346A5F12000C5B200273EE076
:101060000C2E07D105EB45009C4901EB800010F8E0
:10107000079004E09A4800EB051010F807904FF035
:10108000000A26E009F0800028B121464046099A6E
:10109000FFF7A8FF09E0099808B9012000E0002047
:1010A000024621464046FFF79DFF4FEA49604FEA5E
:1010B0001069601CC4B2A4EB0B00B04205D15C46C1
:1010C00008F1010000F0FF0806E00AF1010000F05D
:1010D000FF0ABAF1080FD5DB00BF781CC7B2B742D0
:1010E000BEDBBDE8F08F2DE9F04F07460C46904679
:1010F0001D46A346002634E008EB4800794901EB81
:10110000800010F806904FF0000A24E009F08000FB
:1011100028B121463846099AFFF764FF09E009988B
:1011200008B9012000E00020024621463846FFF7BA
:1011300059FF4FEA49604FEA1069601CC4B2A4EB42
:101140000B00A84203D15C46781CC7B206E00AF146
:10115000010000F0FF0ABAF1080FD7DB00BF701CD6
:10116000C6B2AE42C8DBBDE8F08F2DE9F8430646B3
:101170000F4614461D46DDF82090012000906006C1
:10118000020E2B4639463046FFF7ADFF0120A84638
:1011900005EBD87106EB61010090C8B2012101EBAB
:1011A0004401CAB22B463946FFF79DFFBDE8F883DC
:1011B0002DE9F04F07460C4690461D46A3460026F3
:1011C0002FE018F806904FF0000A24E009F08000A4
:1011D00028B121463846099AFFF704FF09E009982B
:1011E00008B9012000E00020024621463846FFF7FA
:1011F000F9FE4FEA49604FEA1069601CC4B2A4EBE3
:101200000B00A84203D15C46781CC7B206E00AF185
:10121000010000F0FF0ABAF1080FD7DB00BF701C15
:10122000C6B2AE42CDDBBDE8F08F10B5024601205C
:1012300000E050430B1EA1F10104E1B2F9D110BD51
:101240002DE9FF4F81B0074691461E460E9D4FF097
:10125000000A002439E0301B401EC1B20A20FFF70B
:10126000E4FFB9FBF0F00A21B0FBF1F201FB120838
:10127000BAF1000F16D1701EA04213DDB8F1000FB5
:101280000ED10120AB4605EBDB71491001FB047167
:101290000090C8B22B4620220299FFF7D5FE12E03B
:1012A0004FF0010A0120AB4605EBDB71491001FB51
:1012B00004710090C8B208F13001CAB22B460299FD
:1012C000FFF7C2FE00BF601CC4B2B442C3DB05B06E
:1012D000BDE8F08F100C0140E4020020D09300081C
:1012E00044980008349E00082DE9F84105460E4652
:1012F00014461F46DDF81C8018E07A2D03DD00251A
:1013000006F11000C6B23A2E04DD0020054606465E
:10131000FFF753FECDF8008022783B463146284641
:10132000FFF792FE05F10800C5B2641C2078002882
:10133000E3D1BDE8F88178B505460E46144618E0BD
:101340007A2D03DD002506F11000C6B23A2E04DD29
:10135000002005460646FFF730FE01200090227867
:10136000102331462846FFF76FFE05F10800C5B28D
:10137000641C20780028E3D178BD38B5012108200D
:1013800002F0BAFE0121084602F0B6FE01216648CD
:1013900003F093FB4FF42040ADF8000010208DF8CF
:1013A000030003208DF802006946604803F0B4FA98
:1013B0004FF420415D4803F05CFB4FF4A040ADF8D2
:1013C000000010208DF8030003208DF8020069460C
:1013D000564803F0A1FA4FF48041544803F049FB0A
:1013E0004FF48040514910310860C82001F073FB70
:1013F0004FF480404D4914310860C82001F06BFB68
:101400004FF48040494910310860C82001F063FB67
:101410000021AE20FFF762FD00210846FFF75EFDC8
:1014200000211020FFF75AFD00214020FFF756FD54
:1014300000218120FFF752FD0021FF20FFF74EFD24
:101440000021A120FFF74AFD0021C820FFF746FD3B
:101450000021A620FFF742FD0021A820FFF73EFD56
:1014600000213F20FFF73AFD0021D320FFF736FD92
:1014700000210846FFF732FD0021D520FFF72EFDA1
:1014800000218020FFF72AFD0021D920FFF726FD4B
:101490000021F120FFF722FD0021DA20FFF71EFDD9
:1014A00000211220FFF71AFD0021DB20FFF716FDB7
:1014B00000214020FFF712FD00212020FFF70EFD44
:1014C00000210220FFF70AFD00218D20FFF706FD15
:1014D00000211420FFF702FDFFF76FFD0021AF2070
:1014E000FFF7FCFC002419E004F1B001C8B20021B0
:1014F000FFF7F4FC00210846FFF7F0FC0021102064
:10150000FFF7ECFC002505E00121FF20FFF7E6FCDA
:10151000681CC5B2802DF7DB601CC4B2082CE3DB6D
:1015200000200349887038BD00023000000C0140E3
:10153000E40600202DE9F84F04460E4690461F466B
:10154000DDE90B5ADDF828900D2C7ED2DFE804F09F
:10155000071019222B343D464F58616A7400301928
:10156000C2B22B46494638460095FFF7FEFD74E0AF
:101570003019C2B22B46494638460095FFF7F5FDB3
:101580006BE03019C2B22B46494638460095FFF74A
:10159000ECFD62E03019C2B22B4649463846009550
:1015A000FFF7E3FD59E03019C2B22B4649463846F1
:1015B0000095FFF7DAFD50E03019C2B22B464946DC
:1015C00038460095FFF7D1FD47E03019C2B22B46EF
:1015D000494638460095FFF7C8FD3EE03019C2B2D3
:1015E0002B46494638460095FFF7BFFD35E03019D8
:1015F000C2B22B46494638460095FFF7B6FD2CE0AF
:101600003019C2B22B46494638460095FFF7ADFD6A
:1016100023E03019C2B22B46494638460095FFF701
:10162000A4FD1AE03019C2B22B464946384600954F
:10163000FFF79BFD11E008E03019C2B22B46494686
:1016400038460095FFF791FD07E02B464246494694
:1016500038460095FFF789FD00BF00BFBDE8F88F51
:1016600000B587B0FE480078FE490978884205D069
:10167000FB480078FB490870FFF79FFCFA48C078E8
:10168000B0B3FA480078401CF84908700846007862
:1016900003280BDD00200870F548007818B90120F8
:1016A000F349087002E00020F1490870002004901E
:1016B0001AE0EF4800780090049800EB4000ED49F4
:1016C00001EB80000390049800EB40001D2101EB2A
:1016D0004000C0B20C2302900021039AFFF768FD7E
:1016E0000498401CC0B2049004980C28E1DB6DE023
:1016F000FFE7DD48007B00F02000B0B3DB48007856
:10170000401CDA4908700846007803280BDD0020E9
:101710000870D748007818B90120D549087002E050
:101720000020D3490870002004901AE0D0480078C7
:101730000090049800EB4000CF4901EB800003903B
:10174000049800EB40001D2101EB4000C0B20C23C7
:1017500002900021039AFFF72BFD0498401CC0B2B1
:10176000049004980C28E1DB30E0FFE701200C2313
:101770000022114600901D20FFF7F7FC01200C23EA
:101780000246002100902920FFF7EFFC01200C23E6
:101790000222002100903520FFF7E7FC01200C23F6
:1017A0000322002100904120FFF7DFFC01200C23E1
:1017B0000422002100904D20FFF7D7FC01200C23CC
:1017C0000522002100905920FFF7CFFCA6480079A0
:1017D00040B101200C230622002100900220FFF7D7
:1017E000C4FC0AE00C200090A448007803230246C1
:1017F000002104900220FFF723FD9B48407914212B
:1018000090FBF1F0C0B206900698052831D2DFE8CF
:1018100000F0030C151E270001200C2306220021D6
:1018200000907220FFF7A1FC2CE001200C2307227E
:10183000002100907220FFF798FC23E001200C2388
:101840000822002100907220FFF78FFC1AE001208F
:101850000C230922002100907220FFF786FC11E082
:1018600001200C230A22002100907220FFF77DFC4A
:1018700008E001200C230B22002100907220FFF7CA
:1018800074FC00BF00BF01200C237DA20E2100903C
:101890000520FFF729FD01200C237BA20E210090DB
:1018A0002920FFF721FD70480089642190FBF1F0A9
:1018B00004900C20012300900E212320049AFFF7AE
:1018C000BFFC69480089642190FBF1F201FB120022
:1018D00004900C20022300900E212F20049AFFF781
:1018E000AFFC61480089642190FBF1F201FB12001A
:1018F0000A2807DA0C20012300220E2100902F2055
:10190000FFF79EFC01200C2360A20E2100904520D1
:10191000FFF7EAFC01200C235BA20E210090692056
:10192000FFF7E2FC50484089642190FBF1F00490FD
:101930000C20012300900E216320049AFFF780FC05
:1019400049484089642190FBF1F201FB12000490A8
:101950000C20022300900E216F20049AFFF770FCE8
:1019600041484089642190FBF1F201FB12000A28F2
:1019700007DA0C20012300220E2100906F20FFF7D0
:101980005FFC01200C2343A21A2100900520FFF7E1
:10199000ABFC4248B0F90000A0F57A70292190FB19
:1019A000F1F0C0B2069001200C211A222423CDE9C7
:1019B0000021029018220698FFF7BCFD3748B0F9C5
:1019C0000000A0F2DC50292190FBF1F0C0B206909B
:1019D00001200C211A223023CDE9002102900A4671
:1019E0000698FFF7A7FD01200C232DA21A210090D5
:1019F0004520FFF779FC2948B0F90600A0F57A7078
:101A0000292190FBF1F0C0B2069001200C211A228E
:101A10006423CDE90021029018220698FFF78AFD81
:101A20001E48B0F90600A0F2DC50292190FBF1F02D
:101A3000C0B2069001200C211A227023CDE90021AA
:101A400002900A460698FFF775FD01200C2316A2A6
:101A5000262100900520FFF747FC104828E00000F1
:101A6000390000203A000020E40600203B0000205E
:101A70003C00002058A70008E8A70008D202002078
:101A8000522D563A000000002E000000462D563A16
:101A9000000000005448523A00000000CA01002033
:101AA000524F4C3A000000005941573A00000000E4
:101AB000B0F90200A0F57A70292190FBF1F0C0B2D4
:101AC000069001200C2126222423CDE9002102903A
:101AD00018220698FFF72EFDFC48B0F90200A0F28C
:101AE000DC50292190FBF1F0C0B2069001200C21BE
:101AF00026223023CDE9002102900A460698FFF7FE
:101B000019FD01200C23F2A2262100904520FFF7A9
:101B1000EBFBEE48B0F90400A0F57A70292190FBA8
:101B2000F1F0C0B2069001200C2126226423CDE9F9
:101B30000021029018220698FFF7FCFCE348B0F958
:101B40000400A0F2DC50292190FBF1F0C0B2069015
:101B500001200C2126227023CDE9002102900A46A3
:101B60000698FFF7E7FCDC48407900287DD0DA488A
:101B70000078012879D1D9490870D7480069002830
:101B80000CDAD54800694042059001200C23D4A20C
:101B9000322100900020FFF7A7FB0AE0CE48006941
:101BA000059001200C23CFA2322100900020FFF7E6
:101BB0009BFB0A21059890FBF1F004900C20032375
:101BC000009032210820049AFFF73AFB01200C23F1
:101BD000AFF24C12322100901C20FFF785FB0A2146
:101BE000059890FBF1F201FB120004900C200123F8
:101BF000009032212020049AFFF722FBB64840696A
:101C000000280CDAB44840694042059001200C23BA
:101C1000B3A2322100903320FFF766FB0AE0AE4802
:101C20004069059001200C23AEA2322100903320A0
:101C3000FFF75AFB0A21059890FBF1F004900C2065
:101C40000323009032213B20049AFFF7F9FA012088
:101C50000C23AFF2CC12322100904F20FFF744FB4F
:101C60000A21059890FBF1F200E03EE001FB120032
:101C700004900C200123009032215320049AFFF796
:101C8000DFFA9548C06900280CDA9348C0694042E1
:101C9000059001200C2392A2322100906720FFF7CB
:101CA00023FB0AE08C48C069059001200C238DA21B
:101CB000322100906720FFF717FB0598B0F57A7F77
:101CC0000ADB40F2E730059001200C2386A2322186
:101CD00000906720FFF708FB0C20032300903221BF
:101CE0006F20059AFFF7ACFA92E002207B4908705A
:101CF00001200C237DA2322100900220FFF7F4FA8C
:101D00007B484088A0F57A70292190FBF1F0C0B2A1
:101D1000069001200C2132221123CDE900210290EE
:101D200018220698FFF706FC71484088A0F2DC50A4
:101D3000292190FBF1F0C0B2069001200C21322243
:101D40001D23CDE9002102900A460698FFF7F2FB19
:101D500001200C2367A2322100902E20FFF7C4FA45
:101D600063480089A0F57A70292190FBF1F0C0B298
:101D7000069001200C2132223D23CDE90021029062
:101D800018220698FFF7D6FB59480089A0F2DC50CC
:101D9000292190FBF1F0C0B2069001200C213222E3
:101DA0004923CDE9002102900A460698FFF7C2FBBD
:101DB00001200C2350A2322100905A20FFF794FA00
:101DC0004B488088A0F57A70292190FBF1F0C0B2D1
:101DD000069001200C2132226923CDE900210290D6
:101DE00018220698FFF7A6FB41488088A0F2DC5035
:101DF000292190FBF1F0C0B2069001200C21322283
:101E00007523CDE9002102900A460698FFF792FB60
:101E1000FFF794F807B000BD2DE9F8430026002530
:101E2000A84614E0012008EB4801344B03EB810283
:101E300008EB4801282303EB41010090C8B20C23B2
:101E40003146FFF7B5F908F1010000F0FF08B8F1DD
:101E5000080FE7DB2A49B1F90000C11700EB9171C7
:101E6000C1F38707B806050E26480078B84203D0AC
:101E700024480770FFF7A1F817B1012F7DD1ABE11E
:101E800006F10D00C6B24FF0000814E0012008EB87
:101E900048011D4B03EB810208EB4801002303EBD3
:101EA00041010090C8B20C233146FFF781F908F1D7
:101EB000010000F0FF08B8F10A0FE7DB1048B0F9A5
:101EC0000000A84222D1002421E00000CA01002025
:101ED0005049543A00000000E40600203900002078
:101EE0002D0000002B0000003E000000523A0000D0
:101EF000D2020020593A0000503A0000BCA000086D
:101F00002C0000203D0000201CA100080124FA48FC
:101F1000007800F00100D0B14FF0000813E008EBAA
:101F20004801F64B03EB810208EB48015E2303EB0B
:101F30004101C8B20C2331460094FFF739F908F18A
:101F4000010000F0FF08B8F1060FE8DB1BE04FF0DE
:101F5000000815E008EB4801E94B03EB810208EBB0
:101F600048015E2303EB4101C8B20C2331460094C3
:101F7000FFF71EF908F1010000E004E200F0FF089D
:101F8000B8F1060FE6DB681CC5B206F10D00C6B25B
:101F90004FF0000814E0012008EB4801D94B03EB97
:101FA000810208EB4801002303EB41010090C8B215
:101FB0000C233146FFF7FCF808F1010000F0FF08A0
:101FC000B8F10A0FE7DBD048B0F90000A84201D110
:101FD000002400E00124C848007800F00200D0B1DD
:101FE0004FF0000813E008EB4801C44B03EB8102FB
:101FF00008EB48015E2303EB4101C8B20C233146D4
:102000000094FFF7D5F808F1010000F0FF08B8F1DF
:10201000060FE8DB19E04FF0000813E008EB480179
:10202000B74B03EB810208EB48015E2303EB410150
:10203000C8B20C2331460094FFF7BAF808F101004A
:1020400000F0FF08B8F1060FE8DB681CC5B206F126
:102050000D00C6B24FF0000814E0012008EB480163
:10206000AA4B03EB810208EB4801002303EB41017B
:102070000090C8B20C233146FFF79AF808F101002E
:1020800000F0FF08B8F10A0FE7DB9F48B0F9000045
:10209000A84201D1002400E001249748007800F014
:1020A0000400D0B14FF0000813E008EB4801934B57
:1020B00003EB810208EB48015E2303EB4101C8B248
:1020C0000C2331460094FFF773F808F1010000F08B
:1020D000FF08B8F1060FE8DB19E04FF0000813E045
:1020E00008EB4801864B03EB810208EB48015E23B5
:1020F00003EB4101C8B20C2331460094FFF758F8B6
:1021000008F1010000F0FF08B8F1060FE8DB681CD9
:10211000C5B206F10D00C6B24FF0000814E0012070
:1021200008EB48017A4B03EB810208EB48010023DE
:1021300003EB41010090C8B20C233146FFF738F899
:1021400008F1010000F0FF08B8F10A0FE7DB6E4864
:10215000B0F90000A84201D1002400E00124664843
:10216000007800F00800D0B14FF0000813E008EB51
:102170004801624B03EB810208EB48015E2303EB4D
:102180004101C8B20C2331460094FFF711F808F161
:10219000010000F0FF08B8F1060FE8DB19E04FF08E
:1021A000000813E008EB4801554B03EB810208EBF4
:1021B00048015E2303EB4101C8B20C233146009471
:1021C000FEF7F6FF08F1010000F0FF08B8F1060F76
:1021D000E8DB681CC5B2D7E006F10D00C6B24FF0CF
:1021E000000814E0012008EB48014A4B03EB810290
:1021F00008EB4801002303EB41010090C8B20C2317
:102200003146FEF7D5FF08F1010000F0FF08B8F1F4
:102210000A0FE7DB3C48B0F90000A84201D10024D6
:1022200000E001243448007800F01000D0B14FF0F5
:10223000000813E008EB4801304B03EB810208EB88
:1022400048015E2303EB4101C8B20C2331460094E0
:10225000FEF7AEFF08F1010000F0FF08B8F1060F2D
:10226000E8DB19E04FF0000813E008EB4801244BCD
:1022700003EB810208EB48015E2303EB4101C8B286
:102280000C2331460094FEF793FF08F1010000F0A3
:10229000FF08B8F1060FE8DB681CC5B206F10D00B7
:1022A000C6B24FF0000814E0012008EB48011A4BB9
:1022B00003EB810208EB4801002303EB410100908E
:1022C000C8B20C233146FEF773FF08F1010000F09D
:1022D000FF08B8F10A0FE7DB0B48B0F90000A8428D
:1022E00001D1002400E001240348007800F0200020
:1022F00060B34FF0000825E030000020A8A50008DA
:10230000F0A5000894A100082C0000200CA20008F1
:1023100084A2000838A6000878A8000808EB480145
:10232000FE4B03EB810208EB48015E2303EB410106
:10233000C8B20C2331460094FEF73AFF08F10100C1
:1023400000F0FF08B8F1060FE8DB19E04FF00008D5
:1023500013E008EB4801F24B03EB810208EB480164
:102360005E2303EB4101C8B20C2331460094FEF713
:102370001FFF08F1010000F0FF08B8F1060FE8DBCD
:10238000681CC5B200E000BF00BFFEF7D7FDBDE886
:10239000F8832DE9F84300250026E2488089E249C8
:1023A0000880A84614E0012008EB4801DF4B03EB4E
:1023B000810208EB4801222303EB41010090C8B2DF
:1023C0000C232946FEF7F4FE08F1010000F0FF0897
:1023D000B8F10A0FE7DBD649B1F90000C11700EBED
:1023E0009171C1F38707B806060ED2480078B8424B
:1023F00003D0D0480770FEF7E0FD17B1012F7DD163
:10240000AAE105F10D00C5B24FF0000814E001206B
:1024100008EB4801C84B03EB810208EB480100239D
:1024200003EB41010090C8B20C232946FEF7C0FE21
:1024300008F1010000F0FF08B8F1080FE7DB3046B3
:10244000711CCEB2BA49B1F90010884201D1002402
:1024500000E00124B448007800F00100D0B14FF052
:10246000000813E008EB4801B44B03EB810208EBD2
:102470004801682303EB4101C8B20C2329460094AC
:10248000FEF796FE08F1010000F0FF08B8F1040F16
:10249000E8DB19E04FF0000813E008EB4801A84B17
:1024A00003EB810208EB4801682303EB4101C8B24A
:1024B0000C2329460094FEF77BFE08F1010000F092
:1024C000FF08B8F1040FE8DB05F10D00C5B24FF0CD
:1024D000000816E0012008EB48019A4B03EB81024B
:1024E00008EB4801002303EB41010090C8B20C2324
:1024F0002946FEF75DFE08F1010000E0F3E100F07F
:10250000FF08B8F1080FE5DB3046711CCEB28849F0
:10251000B1F90010884201D1002400E00124824872
:10252000007800F00200D0B14FF0000813E008EB93
:102530004801824B03EB810208EB4801682303EB5F
:102540004101C8B20C2329460094FEF731FE08F180
:10255000010000F0FF08B8F1040FE8DB19E04FF0CC
:10256000000813E008EB4801754B03EB810208EB10
:102570004801682303EB4101C8B20C2329460094AB
:10258000FEF716FE08F1010000F0FF08B8F1040F95
:10259000E8DB05F10D00C5B24FF0000814E00120A2
:1025A00008EB4801684B03EB810208EB480100236C
:1025B00003EB41010090C8B20C232946FEF7F8FD59
:1025C00008F1010000F0FF08B8F10A0FE7DB304620
:1025D000711CCEB25649B1F90010884201D10024D5
:1025E00000E001245048007800F00400D0B14FF022
:1025F000000813E008EB4801504B03EB810208EBA5
:102600004801682303EB4101C8B20C23294600941A
:10261000FEF7CEFD08F1010000F0FF08B8F1040F4D
:10262000E8DB19E04FF0000813E008EB4801444BE9
:1026300003EB810208EB4801682303EB4101C8B2B8
:102640000C2329460094FEF7B3FD08F1010000F0C9
:10265000FF08B8F1040FE8DB05F10D00C5B24FF03B
:10266000000814E0012008EB4801384B03EB81021D
:1026700008EB4801002303EB41010090C8B20C2392
:102680002946FEF795FD08F1010000F0FF08B8F1BA
:102690000C0FE7DB3046711CCEB22549B1F90010B2
:1026A000884201D1002400E001241F48007800F096
:1026B0000800D0B14FF0000813E008EB48011F4BB1
:1026C00003EB810208EB4801682303EB4101C8B228
:1026D0000C2329460094FEF76BFD08F1010000F081
:1026E000FF08B8F1040FE8DB35E04FF0000813E015
:1026F00008EB4801124B03EB810208EB4801682309
:1027000003EB4101C8B20C2329460094FEF750FDAB
:1027100008F1010000F0FF081AE00000A8A5000879
:10272000F0A50008E406002036000020FCA2000806
:10273000320000203E00002074A3000848A50008D5
:1027400078A50008E0A3000840A40008B8A4000889
:10275000B8F1040FCCDBC7E005F10D00C5B24FF0B6
:10276000000814E0012008EB4801C24B03EB810292
:1027700008EB4801002303EB41010090C8B20C2391
:102780002946FEF715FD08F1010000F0FF08B8F139
:102790000E0FE7DB3046711CCEB2B749B1F900101D
:1027A000884201D1002400E00124B448007800F000
:1027B0001000D0B14FF0000813E008EB4801B04B17
:1027C00003EB810208EB4801682303EB4101C8B227
:1027D0000C2329460094FEF7EBFC08F1010000F001
:1027E000FF08B8F1040FE8DB19E04FF0000813E030
:1027F00008EB4801A34B03EB810208EB4801682377
:1028000003EB4101C8B20C2329460094FEF7D0FC2B
:1028100008F1010000F0FF08B8F1040FE8DB05F152
:102820000D00C5B24FF0000814E0012008EB48018C
:10283000954B03EB810208EB4801002303EB4101B8
:102840000090C8B20C232946FEF7B2FC08F1010043
:1028500000F0FF08B8F10A0FE7DB3046711CCEB27A
:102860008549B1F90010884201D1002400E001241B
:102870008248007800F04000D0B14FF0000813E02B
:1028800008EB48017E4B03EB810208EB480168230B
:1028900003EB4101C8B20C2329460094FEF788FCE3
:1028A00008F1010000F0FF08B8F1040FE8DB19E0BF
:1028B0004FF0000813E008EB4801724B03EB810274
:1028C00008EB4801682303EB4101C8B20C232946F9
:1028D0000094FEF76DFC08F1010000F0FF08B8F16C
:1028E000040FE8DB00E000BF00BFFEF727FBBDE8F8
:1028F000F88307B5B0F5E16F05DD644A1278521C24
:10290000624B1A700AE0614A1278022A03DD0A88D3
:10291000521E12B20A8000225C4B1A70B0F5966FFC
:1029200005DA5B4A1278521C594B1A700AE0584A71
:102930001278022A03DD0A88521C12B20A80002291
:10294000534B1A70B1F90020002A03DABDF90820B0
:102950000A8007E0B1F90020BDF908309A4201DD94
:1029600000220A800EBD17B5B0F5E16F02DCB0F5AC
:10297000966F05DA474A1278521C464B1A700DE0E2
:10298000444A1278022A06DD0A88BDF8084001236D
:10299000A3405A400A8000223E4B1A701EBD00B56B
:1029A0003D4880783D490978884218D03A48807877
:1029B000012803D13848C089394908803748007850
:1029C000012808D13448C08935490988884202D095
:1029D00001203449087030488078304908702E480A
:1029E0008078012802D0022820D115E02E4989885C
:1029F00088B22E49B1F900202D49FFF77AFF264809
:102A0000807940B12849C98888B22949B1F90020A4
:102A10002349FFF7A8FF0AE02349898888B225499E
:102A2000B1F900201449FFF764FF00E000BF00BFC8
:102A300000BD10B5184880781F490978884205D034
:102A4000154880781C490870FEF7B7FA124880785C
:102A500020B1012805D0022809D105E0FEF700FECB
:102A600006E0FFF7D9F903E0FFF793FC00E000BFB1
:102A700000BF10BDB0A600083200002036000020C4
:102A800048A5000878A50008F0A800083F0000202D
:102A90004000002041000020E40600204200002009
:102AA0003000002038000020CA0100202E00002045
:102AB0002C000020340000204300002000B585B029
:102AC000684601F0ACFA0A490098B0FBF1F00949F8
:102AD000086005B000BD01B502E00098401E0090FE
:102AE00000980028F9D108BD10B5FDF739FC10BDDC
:102AF00040420F004400002010B500F073FB10BDF1
:102B000010B5FFF7F1FF10BD704710B505F086FA5C
:102B100010BD000000B587B00121084601F0F9FAA8
:102B20000121084601F0E8FA0121654801F0C5FFDE
:102B300040F2CF70ADF814004720ADF8100000202F
:102B4000ADF81600ADF8120004A94FF0804002F075
:102B50008BFA6020ADF800000120ADF802000020E3
:102B6000ADF80600ADF8080069464FF0804002F06D
:102B700092FB0821C80602F022FF0121880702F01B
:102B8000CFFE0121880702F0CBFD00204FF08041ED
:102B9000888707B000BD08B50121084601F0ACFAEE
:102BA0000121182001F0A8FA10208DF8030003205D
:102BB0008DF802004FF40070ADF8000069464148FE
:102BC00001F0AAFE0220ADF8000003208DF80200FB
:102BD00010208DF8030069463A4801F09DFE102050
:102BE0008DF8030002208DF802004002ADF80000CD
:102BF0006946344801F090FE4FF48061314801F09D
:102C000038FF08BD10B5002423E002212D4801F053
:102C100032FF4FF480612B4801F02DFF4FF400711B
:102C2000284801F028FF2848FFF755FF02212548D2
:102C300001F01FFF4FF40071224801F01AFF4FF41A
:102C40008061204801F015FF1F48FFF744FF601C1A
:102C5000C4B2032CD9DB10BD2DE9F14F82B01B4863
:102C60000168029805F022FC1849086018491748C5
:102C7000006805F0E1FE02D80020144908601348FE
:102C8000006805F0C5FECDE9000106F051FB804665
:102C90000022104B05F0D2FC064600224FF0804384
:102CA00005F0E5FD044600220B4B05F06EFD824663
:102CB00005F095FE4FF080418887BDE8FE8F00004B
:102CC00000021800000C0140C02709004C00002041
:102CD000DB0FC9400000F03F003C9F4070B5054647
:102CE0000C4600F0F2F9284600F0D0F906462046DE
:102CF00000F0CCF900F0E3F9304670BD70B5044641
:102D000000F0E3F9204600F0C1F9002000F0BEF920
:102D1000054600F0D4F9284670BD2DE9F04107467C
:102D20000D46164600F0D1F9384600F0AFF980465E
:102D3000002404E0285D00F0A9F9601CC4B2B4428C
:102D4000F8DB00F0BCF94046BDE8F0812DE9F04128
:102D500007460D46164600F0B8F9384600F096F9D9
:102D60008046002405E0002000F090F92855601C02
:102D7000C4B2B442F7DB00F0A2F94046BDE8F081EE
:102D800070B504460D4605227E492A20FFF7C5FF8F
:102D90002A462146A020FFF7C0FF70BD70B504464B
:102DA0000D462A462146A820FFF7B7FF70BD10B593
:102DB00075480078F0B17548008800280ADD0020C9
:102DC0007149087072480078401E71490870FEF71A
:102DD00063F80FE06E4801780078401C6C4B187067
:102DE0002520FFF77BFF6A4800787D2802DD002060
:102DF0006749087010BD70B504460D460522654947
:102E00002A20FFF78AFF05225E493020FFF785FF61
:102E100001212120FFF762FF01212220FFF75EFF41
:102E20001A212420FFF75AFF29462520FFF756FFD5
:102E30000F212620FFF752FF012C08D1202131203D
:102E4000FFF74CFF0F212020FFF748FF41E0022C45
:102E500008D120213120FFF741FF0E212020FFF76C
:102E60003DFF36E0032C1AD1FF21E120FFF736FFAA
:102E7000FF21E220FFF732FF0F212020FFF72EFF76
:102E8000502000F003F9732000F000F901213C20EC
:102E9000FFF724FF06213D20FFF720FF19E00E2158
:102EA0002020FFF71BFFFF21E120FFF717FFFF2185
:102EB000E220FFF713FF502000F0E8F8732000F045
:102EC000E5F801213C20FFF709FF06213D20FFF72F
:102ED00005FF70BD1CB505222A493020FFF71DFFF4
:102EE000052269461020FFF731FF002408E01DF895
:102EF00004002449095D884200D003E0601CC4B28C
:102F0000052CF4DB00BF052C01D101201CBD0020E5
:102F1000FCE710B50720FFF7F1FE044604F040007F
:102F200000B36020FFF7EAFE1B49087008460078EE
:102F3000212813DA0846027818496120FFF706FFB6
:102F4000154801781548FDF7B6FE10480088401C6A
:102F50000E49088001201249087003E0FF21E22099
:102F6000FFF7BCFE04F0100030B104F0010018B10E
:102F7000FF21E120FFF7B2FE21462720FFF7AEFE3A
:102F800010BD0000500000205B0000205E0000200B
:102F9000D2020020550000205A0000200407002023
:102FA0006000002000B587B00121080301F0B1F8EE
:102FB0000121052001F0A0F80121474801F07DFD25
:102FC0004FF00070454948600121042001F094F859
:102FD0004FF40040ADF8040003208DF806001020E7
:102FE0008DF8070001A93E4801F096FC012104205C
:102FF00001F082F81020ADF8040003208DF80600DF
:1030000010208DF8070001A9354801F085FC10213A
:10301000334801F02EFD4FF40041314801F029FD05
:10302000E020ADF8040003208DF8060018208DF88C
:10303000070001A92A4801F06FFC0021294801F08E
:1030400084FE0020ADF808004FF48270ADF80A004D
:103050000020ADF80C00ADF80E00ADF810004FF4F4
:103060000070ADF812001020ADF814000020ADF88B
:1030700016000720ADF8180002A91A4801F0C0FD9B
:103080000121184801F061FE07B000BD10B50446EB
:1030900000BF0221134801F0DCFE0028F9D02146D0
:1030A000104801F083FE00BF01210E4801F0D1FE5F
:1030B0000028F9D00B4801F07BFEC0B210BD10B55E
:1030C0001021074801F0D5FC10BD10B510210448AF
:1030D00001F0D1FC10BD00000002300000000140F2
:1030E000000801400030014010B588B004460121BD
:1030F000880301F001F80121084600F0FDFF0121DD
:10310000042000F0F9FF4FF40070ADF80400032034
:103110008DF8060018208DF8070001A9A64801F0D7
:10312000FBFB4FF48060ADF8040003208DF806002F
:1031300004208DF8070001A99F4801F0EDFB012153
:10314000042001F0BAFC04940020ADF81400ADF89E
:103150001600ADF81800ADF81C000C20ADF81A00F0
:103160000020ADF80800ADF80A004FF40070ADF88B
:103170000C000020ADF80E0004A9904802F0F1FD0B
:1031800002A98E4802F062FE012240F225518B48CE
:1031900002F07FFE0121894802F06FFE25208DF8A4
:1031A000000005208DF8010001208DF802008DF847
:1031B0000300684601F009F808B010BD08B57F4863
:1031C00002F08CFD002240F225517C4802F061FEA5
:1031D00025208DF8000000208DF80300684600F0DF
:1031E000F4FF08BD10B50821744802F021FF10B1AA
:1031F000724802F0B3FE7148008800F08000F0B120
:103200006E480C30008800F08000C0B16C48017836
:103210000078401C6A4A10706A48405C6749091D82
:1032200008801046007868490978884207D16348C9
:103230000C30008820F0800060490C3108805F4825
:10324000008800F0200000286DD05C48001D008838
:10325000C4B25E48007838B9AA2C05D101205B4978
:1032600008705B4804705DE058480078012807D179
:10327000AA2C05D10220554908705548447051E0E8
:1032800052480078022807D1F12C05DC03204F4971
:1032900008704F48847045E04C48007803280CD1F2
:1032A000FF2C0ADA0420494908704948C47049488B
:1032B000047000204849087034E04448007804282D
:1032C00019D144480078002815DD42480078401E96
:1032D00040490870404800783F490978491C3E4AF7
:1032E0001170001D3A490C543A480078D0B90520B5
:1032F0003649087016E03548007805280FD10020BF
:103300003249087034480078001D31490C54324865
:103310000078401DC1B22E48FFF732FD02E00020C8
:103320002A49087000BF10BD10B504462648017830
:103330000078401C244A107022484454012240F274
:1033400027711E4802F0A5FD10BD10B504460FE020
:1033500020780D2802D1FFF7E7FF08E020780A283F
:1033600002D1FFF7E1FF02E02078FFF7DDFF641CE8
:1033700020780028ECD110BD70B504460D46002021
:103380000AE0225C10490B780978491C0E4E317016
:103390000C49CA54411CC8B2A842F2DB07480C30A1
:1033A000008800F0800028B9012240F2277103480C
:1033B00002F06FFD70BD00000008014000380140C0
:1033C000610000204407002062000020630000200C
:1033D00044080020640000206500002008B5012199
:1033E000084600F07CFE01214FF4037000F084FEDB
:1033F0000F20ADF8000000208DF803006946534807
:1034000001F08AFA0120ADF8000000208DF80300D9
:1034100069464F4801F080FA08BD00B591B04D48AB
:1034200003F088F84C4806904C480790002008901C
:103430000920099000200A9080200B9040000C90F9
:1034400080000D9020200E9000020F900020109020
:1034500006A9404803F010F901213E4803F037F96E
:103460003D484C3802F03EFE012003F01FF80020DA
:10347000019001208DF808008DF809004FF46020BC
:1034800003900020049009208DF8140001A932480F
:103490004C3802F04EFE4FF4004000F091FD062340
:1034A000012200212C484C3802F0DBFE06230222C8
:1034B000012129484C3802F0D4FE062303220221C0
:1034C00025484C3802F0CDFE072304220321224870
:1034D0004C3802F0C6FE0623082211461E484C381E
:1034E00002F0BFFE0723092211211B484C3802F0CD
:1034F000B8FE012118484C3802F052FE012116484E
:103500004C3802F042FE14484C3802F060FE00BF16
:1035100011484C3802F060FE0028F9D10E484C38B2
:1035200002F064FE00BF0C484C3802F064FE002834
:10353000F9D1012108484C3802F067FE11B000BDF6
:1035400010B5FFF74BFFFFF768FF10BD0008014003
:10355000000C0140080002404C24014044090020B6
:1035600010B504F0DDFC04F0C9FC04F0AFFC03F07E
:103570009BFE00207B49087004F0FDFC6420FFF7EF
:10358000AAFA012004F0F7FC10BD70B50246002035
:103590000AE0145C744B1D781B785B1C724E337010
:1035A000724B5C55431CD8B28842F2DB70BD10B53B
:1035B0006D4800786E490978884263DD6A48007872
:1035C0006B490978401A3F281FDB002069490870C1
:1035D0003F206949087000200BE065490A780978A6
:1035E000491C634B197061498A5C634B411C5A54F6
:1035F000C8B23F28F1DB40224FF48C715E4804F0E2
:103600005BF8022004F038F9ABE05A480078401C1F
:103610005849087008460078584909788842F3D11B
:103620000020544908705048007851490978401AE0
:1036300051490870002015E04B4909784C4A12782E
:10364000891A814208DD4A4909780144474A525C97
:10365000494B411C5A5403E00022474B411C5A5429
:10366000411CC8B23F28E7DB3F480078404908705A
:1036700040224FF48C71404804F01EF8022004F000
:10368000FBF86EE03848007839490978884268DAF2
:1036900037480078C0F580703349097808443F28DE
:1036A0001FDB0020334908703F2033490870002099
:1036B0000BE02F490A780978491C2D4B19702B49CA
:1036C0008A5C2D4B411C5A54C8B23F28F1DB402282
:1036D0004FF48C71284803F0EFFF022004F0CCF87F
:1036E0003FE024480078401C2249087008460078D2
:1036F00022490978884234D100201E4908701C48AC
:10370000007840421849097808441B490870002095
:1037100018E017490978C1F58071134A12781144ED
:10372000814209DD124909780144C9B20F4A525C4D
:10373000114B411C5A5403E000220F4B411C5A54B8
:10374000411CC8B23F28E4DB0748007808490870EC
:1037500040224FF48C71084803F0AEFF022004F0C1
:103760008BF810BDDA0000206800002096090020C8
:103770006700002069000020B40A002066000020D5
:1037800018B50246002016E04B1E441CA3420ADB7B
:10379000244BC35A00939DF8003013549DF8014008
:1037A000431CD45405E01F4BC35A00939DF80030CE
:1037B0001354831C98B28842E6DB012018BD2DE922
:1037C000F04105460E4600F088FD164800F0CAFD9F
:1037D0008046B8F1040F02D00020BDE8F08100243B
:1037E0001BE0701E611C884206DB295D601C285CA2
:1037F00001EB002087B203E0285D00F57F4087B22F
:1038000008496018394600F0B0FE8046B8F1040F50
:1038100001D00020E1E7A01C84B2B442E1DB01202A
:10382000DBE700000000010808B50121092000F0D5
:1038300063FC0121E74801F040F90121E64801F06D
:103840003CF940F6FC10ADF8000048208DF803006C
:1038500003208DF802006946E04801F05DF84FF45E
:103860000060DF4948808880C88008BD10B500200E
:10387000DC49C881D9480830006800F0800028B9C8
:103880000846B0F90E0040F00100C881D348083066
:10389000006800F4807030B9D248B0F90E0040F0F2
:1038A0000200D049C881CF48807B00F00100A8B158
:1038B000CD480078401CCC49087008460078C828DC
:1038C00004D10120C9490870FFF79CF9C648007867
:1038D000FA2825DBFA20C449087021E0C2480078A4
:1038E00002281ADBC0480078642816DCC04800783B
:1038F000012812D1BF490870BD488078401CBC49DE
:10390000887008468078022804DC0846807B00F036
:10391000400010B10020B64988700020B2490870FC
:10392000B048807B00F00200A8B1B3480078401C8A
:10393000B149087008460078C82804D10120AF4971
:103940004870FFF75FF9AC480078FA2818DBFA20D6
:10395000A949087014E0A848007802280DDBA648A1
:103960000078642809DC9F48B0F90A0080F4876079
:103970009C49488101209F49087000209E49087099
:103980009C480078012815D18102944801F073F811
:103990009B480078401C9A49087008460078052822
:1039A00008DD00200870934908704FF480618B484F
:1039B00001F05FF810BD10B54FF40071874801F0B9
:1039C00058F89048007820B101281FD002281CD157
:1039D00028E08D4800688D490968401A0A2814D9E2
:1039E0007E480830006840F67C010840884202D1D9
:1039F0000120844908704FF48061784801F039F85B
:103A00004FF40071754801F036F894E073480830BF
:103A1000006840F67C010840884202D002207949C3
:103A2000087088E06D480830006800F0400068B910
:103A3000724840880A387149488008464088898918
:103A4000884266D101207249087062E063480830FC
:103A5000006800F0100068B9684840880A3067497B
:103A60004880084640888989884252D101206849A7
:103A700008704EE059480830006800F0200068B92E
:103A80005E4880880A305D49888008468088C989F8
:103A900088423ED101205E4908703AE04F48083024
:103AA000006800F0080068B9544880880A38534913
:103AB000888008468088C98988422AD101205449D3
:103AC000087026E045480830006800F0040068B936
:103AD0004A4800890A304949088108460089098A0C
:103AE000884216D101204A49087012E03B4808304C
:103AF000006800F4006060B9404800890A383F4916
:103B0000088108460089098A884202D1012040497B
:103B1000087000203B4908704FF480612F4800F086
:103B2000AAFF4FF400712D4800F0A3FF364800684B
:103B30003649086000BF00BF35480078F0B335480B
:103B40000068401C3349086008460068012807D017
:103B500008460068142803D00846006828280AD1BF
:103B60004FF480611D4800F086FF4FF400711B4840
:103B700000F07FFF2CE0274800680A2803D9254879
:103B8000006814280FD3234800681E2803D9214851
:103B90000068282807D31F480068322818D91D4814
:103BA00000683D2814D24FF480610C4800F061FF9A
:103BB0004FF40071094800F05EFF00E008E015488E
:103BC00000683C2804D100201149087011490860A0
:103BD00010BD00000004300000023000000C014065
:103BE000C0010020CA0100206E0000205B00002000
:103BF000E4060020700000206F000020D2020020A8
:103C00007100002072000020480000207400002095
:103C100073000020780000200648804706480047CF
:103C2000FEE7FEE7FEE7FEE7FEE7FEE7FEE7FEE76C
:103C3000FEE7FEE71B3D0008ED0000080CB5002084
:103C4000019000906C48006840F480306A49086038
:103C500000BF6948006800F4003000900198401CE3
:103C60000190009818B90198B0F5A06FF1D16248A1
:103C7000006800F4003010B10120009001E0002045
:103C800000900098012843D15C48006840F0100083
:103C90005A4908600846006820F00300086008469A
:103CA000006840F00200086053484068524948608C
:103CB0000846406848600846406840F480604860B4
:103CC0000846406820F47C1048600846406840F48C
:103CD000E81048600846006840F08070086000BF47
:103CE0004548006800F000700028F9D0424840685C
:103CF00020F00300404948600846406840F0020058
:103D0000486000BF3C48406800F00C000828F9D12A
:103D10000CBD10B5FFF792FF10BD10B53648006816
:103D200040F00100344908600846406834490840C2
:103D30003149486008460068324908402E49086009
:103D40000846006820F4802008600846406820F497
:103D5000FE0048604FF41F008860FFF7DAFF4FF065
:103D600000602949086010BD10B500210020002224
:103D7000214B5B6803F00C0121B1042906D008290E
:103D800028D107E0214B224C236027E01F4B204C19
:103D9000236023E0184B5B6803F47010164B5B68DC
:103DA00003F48032022303EB904022B9194B4343C2
:103DB000174C23600DE0104B5B6803F4003323B114
:103DC000144B4343124C236003E0104B4343104C0D
:103DD000236003E00D4B0E4C236000BF00BF064B79
:103DE0005B68C3F303130C4CE15C094B1B68CB40CD
:103DF000074C236010BD000000100240002002406C
:103E00000000FFF8FFFFF6FE08ED00E000127A0068
:103E10007C00002000093D0080000020DF48006891
:103E200040F00100DD49086008464068DC49084070
:103E3000DA49486008460068DA490840D74908600E
:103E40000846006820F4802008600846406820F496
:103E5000FE0048604FF41F0088607047CF49096832
:103E600021F48031CD4A11601146096821F4802186
:103E70001160B0F5803F03D0B0F5802F0ED106E081
:103E8000C649096841F48031C44A116007E0C3495A
:103E9000096841F4A021C14A116000E000BF00BFE1
:103EA000704710B501460022002300204A11012A64
:103EB00002D1BA4C236806E0022A02D1B74C236A29
:103EC00001E0B64C636A01F01F02012494401C40DB
:103ED0000CB1012000E0002010BD38B5002000909A
:103EE0000024002500BF3120FFF7DBFF05460098C6
:103EF000401C00900098B0F5A06F01D0002DF2D0CA
:103F00003120FFF7CEFF08B1012400E00024204655
:103F100038BD01460020A14A106820F0F80040EAB0
:103F2000C10010607047A049086070470246002039
:103F30009A4B586820F47C1042EA01031843974BCF
:103F40005860704798490866704701460020934AB8
:103F5000506820F003000843506070478F48406865
:103F600000F00C007047014600208C4A506820F099
:103F7000F00008435060704701460020874A5068AF
:103F800020F4E06008435060704701460020834AF7
:103F9000506820F4605040EAC1005060704729B179
:103FA0007E4A527A02437D4B5A7204E07B4A527A2F
:103FB00082437A4B5A7270477B49D8310860704708
:103FC00001460020754A506820F440400843506084
:103FD00070470021714A20321170704A82F8201017
:103FE000012802D004280AD104E001216B4A2032C2
:103FF000117005E00521694A2032117000E000BF10
:1040000000BF70476949086070476449096A014305
:10401000624A11627047654944390860704730B59B
:1040200000210022002400235C4D6D6805F00C0186
:1040300021B1042905D0082923D105E05C4D056094
:1040400022E05B4D05601FE0544D6D6805F4701271
:10405000524D6D6805F48034022505EB92421CB97F
:10406000544D554305600BE04C4D6D6805F400352B
:104070001DB1504D5543056002E04D4D554305605F
:1040800002E04B4D056000BF00BF444D6D6805F078
:10409000F0010909484D6B5C0568DD4045603F4D06
:1040A0006D6805F4E061090A434D6B5C4568DD40CD
:1040B00085603A4D6D6805F46051C90A3E4D6B5CF0
:1040C0004568DD40C560354D6D6805F44041890B9C
:1040D0003A4D6B5CC568B5FBF3F5056130BD29B1A0
:1040E0002E4A526902432D4B5A6104E02B4A526911
:1040F00082432A4B5A61704729B1284A9269024388
:10410000264B9A6104E0254A92698243234B9A61C7
:10411000704729B1214AD2690243204BDA6104E099
:104120001E4AD26982431D4BDA61704729B11B4A8E
:10413000D2680243194BDA6004E0184AD26882431D
:10414000164BDA60704729B1144A12690243134BC7
:104150001A6104E0114A12698243104B1A617047D8
:1041600012494039086070470F49C86470470B49CD
:10417000C87170470948406A40F08070074948623A
:10418000704701460020054A92680A400AB10120A2
:1041900000E000207047014988727047001002401B
:1041A0000000FFF8FFFFF6FE00004242800442429A
:1041B00000127A0000093D0090000020A0000020BD
:1041C00031490143314A1160704770B50021002325
:1041D0000F22C47804B32D4C246804F4E064C4F5C1
:1041E000E064210AC1F10403CA40447804FA03F1EF
:1041F0008478144021430901254C0678A1550478A0
:1042000004F01F050124AC4005786D11AD0005F1E7
:10421000E025C5F8004109E0047804F01F050124F9
:10422000AC401C4D0678761145F8264070BD1A4A00
:104230000A400243154B1B1F1A60704739B1134ADD
:10424000121D12680243114B1B1D1A6006E00F4A33
:10425000121D126882430D4B1B1D1A607047042803
:1042600008D14FF0E021096941F004014FF0E0224C
:10427000116107E04FF0E021096921F004014FF0DE
:10428000E0221161704700000000FA050CED00E02B
:1042900000E400E080E100E080FFFF1F0146002015
:1042A000FE4A106800F03800084310607047FB4970
:1042B000096821F00801F94A1160114609680143B3
:1042C00011607047F549096821F01001F34A116047
:1042D00011460968014311607047F148EF49486091
:1042E000F04848607047EE48EC494860ED48486047
:1042F0007047EA48006940F08000E849086170476B
:10430000E648006940F08000E449086170470420F5
:10431000E249C96801F0010109B101200EE0DF495D
:10432000C96801F0040109B1022007E0DB49C9684E
:1043300001F0100109B1032000E00420704700B52E
:1043400002460423FFF7E3FF034603E0FFF7DFFF26
:104350000346521E012B01D1002AF7D102B90523D1
:10436000184600BD30B5044604254FF43020FFF751
:10437000E6FF0546042D17D1C848006940F0020049
:10438000C649086108464461006940F04000086180
:104390004FF43020FFF7D3FF0546C048006941F6CF
:1043A000FD710840BD490861284630BD10B50424A0
:1043B0004FF43020FFF7C3FF0446042C16D1B74852
:1043C000006940F00400B54908610846006940F002
:1043D000400008614FF43020FFF7B1FF0446AF48BA
:1043E000006941F6FB710840AC490861204610BDE8
:1043F00000B502460423FFF78AFF034603E0FFF7F8
:1044000086FF0346521E012B01D1002AF7D102B9C3
:104410000523184600BD10B504244FF43020FFF7E3
:10442000E7FF0446042C16D19C48006940F00400C4
:104430009A4908610846006940F0400008614FF45D
:104440003020FFF7D5FF04469448006941F6FB7120
:10445000084092490861204610BD00208F49C96973
:1044600001F0020109B1012000E00020704730B5E1
:10447000A5250424FFF7F1FF00B100254FF43020FB
:10448000FFF75DFF0446042C3AD1854883498860D4
:10449000844888600846006940F0200008610846AA
:1044A000006940F0400008614FF43020FFF747FFFB
:1044B0000446042C1BD17948006941F6DF7108409D
:1044C000764908610846006940F0100008617648A6
:1044D0000580E002FFF733FF0446052C10D06F483B
:1044E000006941F6EF7108406C49086108E0052C4D
:1044F00006D06A48006941F6EF71084067490861D3
:10450000204630BD78B506460C46042500200090B4
:10451000E802FFF714FF0546042D24D15F48006927
:1045200040F001005D4908613480E802FFF707FFB1
:104530000546042D10D1B01C0090200C0099088075
:10454000E802FFF7FCFE05465448006941F6FE719B
:1045500008405249086106E05048006941F6FE7182
:1045600008404E490861284678BD70B504460D469E
:104570000426F002FFF7E3FE0646042E11D1474859
:10458000006940F00100454908612580F002FFF70D
:10459000D6FE06464148006941F6FE7108403F4993
:1045A0000861304670BD70B505460E460424E00231
:1045B000FFF7C5FE0446042C17D1394837498860F7
:1045C000384888600846006940F0100008612E8075
:1045D000E002FFF7B4FE0446052C06D02F48006920
:1045E00041F6EF7108402D490861204670BD2DE964
:1045F000F04304464FF6FF763746B046B1460425F1
:10460000E443E6B2C4F30727C4F307484FEA14694A
:10461000E802FFF794FE0546042D49D120481F49C2
:104620008860204888600846006940F010000861F2
:10463000FF2E06D01C4808300680E802FFF77FFEF8
:104640000546042D08D1FF2F06D017480A300780F1
:10465000E802FFF774FE0546042D0AD1B8F1FF0FFA
:1046600007D011480C30A0F80080E802FFF767FE81
:104670000546042D0AD1B9F1FF0F07D00A480E30C4
:10468000A0F80090E802FFF75AFE0546052D0FD06E
:104690000248006941F6EF71084007E0002002403F
:1046A00023016745AB89EFCD00F8FF1F664908611C
:1046B0002846BDE8F08330B5054604244FF4302089
:1046C000FFF73DFE0446042C41D160485E498860F6
:1046D0005F4888600846006940F02000086108468D
:1046E000006940F0400008614FF43020FFF727FEDA
:1046F0000446042C22D15448006941F6DF71084079
:10470000514908610846006940F0100008611DB178
:1047100000205049088002E0A5204E4908804FF44F
:104720003020FFF70CFE0446052C10D046480069E7
:1047300041F6EF7108404449086108E0052C06D0B5
:104740004148006941F6DF7108403F490861204651
:1047500030BDF0B505460E46174604243B483A499D
:1047600088603B488860E002FFF7E9FD0446042CBE
:1047700019D13548006940F010003349086147F00D
:10478000F800304328433349891C0880E002FFF7D2
:10479000D6FD0446052C06D02B48006941F6EF7182
:1047A0000840294908612046F0BD2748C0698008B3
:1047B00070472548006A704700202349096801F0C6
:1047C000200109B1012000E00020704729B11E4AF4
:1047D000126902431C4B1A6104E01B4A12698243AE
:1047E000194B1A61704701460020012908D1164A69
:1047F000D26902F001020AB1012008E0002006E0BF
:10480000114AD2680A400AB1012000E00020704736
:104810000D49C860704704200B49C96801F00101C7
:1048200009B101200EE00849C96801F0040109B18D
:10483000022007E00449C96801F0100109B1032012
:1048400000E004207047000000200240230167457B
:10485000AB89EFCD00F8FF1F10B50446CC48844269
:1048600008D101210420FFF761FC00210420FFF79B
:104870005DFC46E0C748844208D101210820FFF7CB
:1048800055FC00210820FFF751FC3AE0C248844261
:1048900008D101211020FFF749FC00211020FFF76B
:1048A00045FC2EE0BD48844208D101212020FFF7BD
:1048B0003DFC00212020FFF739FC22E0B84884426B
:1048C00008D101214020FFF731FC00214020FFF7F3
:1048D0002DFC16E0B348844208D101218020FFF767
:1048E00025FC00218020FFF721FC0AE0AE4884422D
:1048F00007D101218015FFF719FC0021A015FFF752
:1049000015FC10BD10B501210846FFF70FFC002172
:104910000120FFF70BFC10BD2DE9F04102460025F8
:104920000026002000230024002791F803C00CF08B
:104930000F0591F803C00CF0100CBCF1000F03D070
:1049400091F802C04CEA050591F800C0BCF1000FD7
:1049500031D0146800202BE04FF0010C0CFA00F36A
:10496000B1F800C00CEA03069E4220D183004FF04C
:104970000F0C0CFA03F7BC4305FA03FC4CEA0404E1
:1049800091F803C0BCF1280F06D14FF0010C0CFACE
:1049900000FCC2F814C00AE091F803C0BCF1480F53
:1049A00005D14FF0010C0CFA00FCC2F810C0401CFD
:1049B0000828D1D31460B1F800C0BCF1FF0F34DD7A
:1049C000546800202EE000F1080C4FF0010808FAAE
:1049D0000CF3B1F800C00CEA03069E4221D183001B
:1049E0004FF00F0C0CFA03F7BC4305FA03FC4CEA3A
:1049F000040491F803C0BCF1280F05D100F1080CA4
:104A000008FA0CF8C2F8148091F803C0BCF1480F02
:104A100007D100F1080C4FF0010808FA0CF8C2F8B1
:104A20001080401C0828CED35460BDE8F0814FF6BA
:104A3000FF710180022181700421C170704702461C
:104A4000002093680B400BB1012000E0002070476C
:104A50000146886880B2704702460020D3680B4048
:104A60000BB1012000E0002070470146C86880B209
:104A7000704701617047416170470AB1016100E010
:104A800041617047C16070474FF480320A438261D0
:104A90008161826182698269704702460020434BCE
:104AA00018684FF68073184040EA021008433F4BE5
:104AB000186070473E49C8617047F0B50A46002348
:104AC00000240021002500F00046B6F1004F02D17D
:104AD000364EF16901E0354E7168C0F3034583B28B
:104AE00000F44016B6F5401F08D121F070612F4E3A
:104AF000766826F070662D4F7E6012E000F4801616
:104B0000B6F5801F06D1032606FA05F4A14341F04D
:104B1000706106E0460D360103FA06F6B14341F036
:104B2000706122B1460D360103FA06F6314300F0FA
:104B30000046B6F1004F02D11C4EF16101E01B4E60
:104B40007160F0BD30B500228B071C0F0F2303FAF4
:104B500004F2164B08338C1053F824309343134C53
:104B600008348D1044F8253023468C1053F8243037
:104B70008C07240F00FA04F423430C4C08348D10E6
:104B800044F8253030BD0A49DC3108607047000028
:104B900000080140000C01400010014000140140D9
:104BA00000180140001C01400020014000000140AD
:104BB0000000204210B50446BE48844208D10121BD
:104BC0008014FFF7B3FA0021A014FFF7AFFA16E044
:104BD000B948844208D101210014FFF7B4FA00213A
:104BE0002014FFF7B0FA0AE0B448844207D101214B
:104BF000C013FFF7A8FA0021E013FFF7A4FA10BDD5
:104C000010B50022028802F441520B884C882343DD
:104C10008C882343CC8823430C8923434C8923432A
:104C20008C892343CC8923431A430280838B4FF220
:104C3000FF74234083830B8A038210BD2DE9F04F5C
:104C400085B005460C464FF0000902274FF00008DA
:104C50004FF0010B0026B246A88B4FF240010840EE
:104C6000A88302202884B5F81C90A068022801D1EE
:104C700000BF38E0A08810B94FF0010B01E04FF001
:104C8000020B8D48854200D100E000BF6846FFF767
:104C9000C6F9DDF800A0E088B0F5007F0AD14FEA40
:104CA0001A2000EB80004000A168B0FBF1F0401D2D
:104CB00086B20BE04FEA4B10BAFBF0F000EB80003D
:104CC0004000A168B0FBF1F0401D86B20A20B6FB9F
:104CD000F0F606F00108A6EB0800C0F34F074FF608
:104CE000FF7000EA0828022F01DBFF2F02DD0227F8
:104CF0004FF00008E08840EA080038432884A08884
:104D0000A1890843618808432188084340F4006072
:104D100040EA0909A5F81C9005B0BDE8F08F002114
:104D2000018041808180C180018141818181C18177
:104D30000721018270470021018041808180C1806C
:104D40000221816000218181704721B1028842F0F7
:104D50004002028004E002884FF6BF731A400280CE
:104D6000704721B1828B42F48062828304E0828B9F
:104D70004FF6FF331A408283704730B5002400237A
:104D80000C110125A540ABB21AB185881D43858061
:104D900002E085889D43858030BD1AB183880B432E
:104DA000838002E083888B438380704781817047D2
:104DB0000146888970474FF6FF62914204D002880D
:104DC00042F48072028004E002884FF6FF631A40CA
:104DD0000280704721B1828842F00402828004E0A0
:104DE00082884FF6FB731A408280704702884FF228
:104DF000FF731A40028002880A43028070470188CC
:104E000041F480510180704721B1028842F4005280
:104E1000028004E002884DF6FF731A40028070475A
:104E200002460020012901D0108B00E0908A7047D3
:104E30000146088A7047B1F5804F04D1028842F4D8
:104E40008042028004E002884BF6FF731A40028021
:104E500070470246002013890B400BB1012000E08F
:104E600000207047CA4302817047F0B50246002017
:104E700000240023002501F00F070126BE40B4B234
:104E80000B1101269E40B3B2968806EA03051689E7
:104E9000264016B10DB1012000E00020F0BD10B594
:104EA000002201F00F040123A3409AB2D3430381EF
:104EB00010BD00000030014000380040003C0040C0
:104EC00010B50446FE48844208D10121C014FFF702
:104ED0002DF90021E014FFF729F9C4E0B4F1804F67
:104EE00008D101210846FFF72EF900210120FFF724
:104EF0002AF9B8E0F348844208D101210220FFF7E3
:104F000022F900210220FFF71EF9ACE0EE488442AE
:104F100008D101210420FFF716F900210420FFF732
:104F200012F9A0E0E948844208D101210820FFF7E6
:104F30000AF900210820FFF706F994E0E4488442CA
:104F400008D101211020FFF7FEF800211020FFF703
:104F5000FAF888E0DF48844208D101212020FFF7D9
:104F6000F2F800212020FFF7EEF87CE0DA488442D6
:104F700008D101214014FFF7D9F800216014FFF790
:104F8000D5F870E0D548844209D10121C804FFF763
:104F9000CDF800214FF40020FFF7C8F863E0D048B7
:104FA000844209D101210805FFF7C0F800214FF420
:104FB0008010FFF7BBF856E0CA48844209D10121AE
:104FC0004805FFF7B3F800214FF40010FFF7AEF8E3
:104FD00049E0C548844208D101214020FFF7B3F8D9
:104FE00000214020FFF7AFF83DE0C048844208D1DF
:104FF00001218020FFF7A7F800218020FFF7A3F808
:1050000031E0BB48844208D101218015FFF79BF8AD
:105010000021A015FFF797F825E0B648844209D192
:1050200001210804FFF782F800214FF48030FFF7D8
:105030007DF818E0B048844209D101214804FFF707
:1050400075F800214FF40030FFF770F80BE0AB4823
:10505000844208D101218804FFF768F800214FF449
:105060008020FFF763F810BD00220288944B98421D
:105070000ED0994B98420BD0B0F1804F08D0914B95
:10508000984205D0904B984202D0904B984204D160
:105090004FF68F731A404B881A438D4B984207D0B6
:1050A0008C4B984204D04FF6FF431A40CB881A43EA
:1050B00002808B8883850B880385814B98420BD0B7
:1050C000854B984208D08B4B984205D08A4B98422A
:1050D00002D08A4B984201D10B7A03860123838246
:1050E000704770B5002400220023058C4FF6FE7631
:1050F00035400584028C8388048B4FF68F752C40D5
:10510000B51E2C400D882C43751E2A400D892A435C
:105110004D882A436A4DA8420BD06F4DA84208D053
:10512000744DA84205D0744DA84202D0734DA842D8
:1051300013D14FF6F7752A404D892A434FF6FB7578
:105140002A408D882A434FF6FF652B404FF6FF55C6
:105150002B408D892B43CD892B4383800483CD88BD
:105160008586028470BD70B5002400220023058C62
:105170004FF6EF7635400584028C8388048B48F621
:10518000FF752C404FF6FF452C400D884FF6FF76FB
:1051900006EA05252C434FF6DF752A400D8906EAFD
:1051A00005152A434D8806EA05152A43444DA842B1
:1051B00002D0494DA8421DD14FF67F752A404D8936
:1051C0004FF6FF7606EA05152A434FF6BF752A40CB
:1051D0008D8806EA05152A434FF6FF352B404FF21E
:1051E000FF752B408D8906EA85052B43CD8906EA9C
:1051F00085052B4383800483CD880587028470BD99
:1052000070B5002400220023058C4FF6FF66354060
:105210000584028C8388848B4FF68F752C404FF663
:10522000FC752C400D882C434FF6FF552A400D8904
:105230004FF6FF7606EA05252A434D8806EA05253E
:105240002A431F4DA84202D0234DA8421DD14FF240
:10525000FF752A404D894FF6FF7606EA05252A4359
:105260004FF6FF352A408D8806EA05252A434EF67B
:10527000FF752B404DF6FF752B408D8906EA05150D
:105280002B43CD8906EA05152B4383808483CD8883
:105290008587028470BD70B5002200230024058C30
:1052A0004EF6FF7635400584038C8488828B48F661
:1052B000FF752A404FF6FF452A400D8820E0000088
:1052C000002C01400004004000080040000C004099
:1052D000001000400014004000340140004C014028
:1052E000005001400054014000180040001C0040E4
:1052F00000200040004001400044014000480140BF
:105300004FF6FF7606EA05252A434DF6FF752B403A
:105310000D8906EA05352B434D8806EA05352B43F2
:10532000FA4DA84202D0FA4DA84208D14BF6FF75BB
:105330002C408D894FF6FF7606EA85152C43848034
:105340008283CD88A0F84050038470BD828B4FF2D9
:10535000FF331A408283828B4FF6FF7303EA0123E7
:105360001A4382837047F0B50C461546002200218F
:105370000026078C4EF6FF7C07EA0C070784828B19
:10538000018C4FF6FF7707EA043640F6FF473A40B4
:105390004FF6FF7707EA05273A434FF6FF7707EA0C
:1053A00003373A43D94FB8420ED0D94FB8420BD049
:1053B000B0F1804F08D0D74FB84205D0D64FB84291
:1053C00002D0D64FB84206D14DF6FF77394046F4A9
:1053D0008057394305E047F6FF57394044F480577A
:1053E000394382830184F0BD828B4FF6F3731A40F8
:1053F0008283828B0A4382837047F0B50C46154640
:10540000002200210026078C4FF6FF6C07EA0C07EC
:105410000784828B018C4FF6FF7707EA04264FF64C
:105420000C773A404FF6FF7707EA03172F433A43CA
:10543000B64FB8420ED0B64FB8420BD0B0F1804F45
:1054400008D0B44FB84205D0B34FB84202D0B34FE2
:10545000B84206D14FF6FF57394046F480773943BA
:1054600005E04FF2FF57394044F480773943828397
:105470000184F0BD028B4FF2FF331A400283028B8E
:105480004FF6FF7303EA01231A4302837047F0B516
:105490000C461546002200210026078C4FF6EF7CB3
:1054A00007EA0C070784028B018C4FF6FF7707EAA7
:1054B000041640F6FF473A404FF6FF7707EA0337F6
:1054C0003A434FF6FF7707EA05273A438F4FB84232
:1054D0000ED08F4FB8420BD0B0F1804F08D08D4F17
:1054E000B84205D08C4FB84202D08C4FB84206D19A
:1054F0004FF6DF77394046F01007394305E04FF6A5
:105500005F77394044F01007394302830184F0BDCE
:10551000028B4FF6F3731A400283028B0A43028315
:105520007047F0B50C46154600220021068C4FF658
:10553000FE773E400684028B018C4FF60C7632409B
:105540007E1C06EA03162E433243704EB0420ED044
:105550006F4EB0420BD0B0F1804F08D06D4EB042CC
:1055600005D06D4EB04202D06C4EB04206D14FF61F
:10557000FD76314044F00106314305E04FF6F57603
:10558000314044F00106314302830184F0BD70B51F
:1055900005460C465D4885420ED05D4885420BD0DD
:1055A000B5F1804F08D05B48854205D05A48854206
:1055B00002D05A48854200D100E000BF208850B98F
:1055C0002389A28861882846FFF7ABFFE188284637
:1055D000FFF79EFF25E0208804280AD12389A288AE
:1055E00061882846FFF753FFE1882846FFF742FF0E
:1055F00017E0208808280AD12389A28861882846D4
:10560000FFF7FBFEE1882846FFF7EEFE09E023895D
:10561000A28861882846FFF7A6FEE1882846FFF7A2
:1056200095FE70BD2DE9F04105460C460026012788
:10563000608808B9022600E00026A088012801D170
:10564000022700E001272088A0B92389A288618869
:105650002846FFF766FFE1882846FFF759FF2389B0
:105660003A4631462846FFF712FFE1882846FFF701
:1056700001FF13E02389A28861882846FFF707FF0E
:10568000E1882846FFF7F6FE23893A463146284648
:10569000FFF747FFE1882846FFF73AFFBDE8F081B2
:1056A0000A884B881A438B881A43CB881A430B8984
:1056B0001A434B891A438B891A43A0F84420704738
:1056C0004FF6FF71818000210180C180418001720D
:1056D00070470021018041808180C180018141812A
:1056E0008181C18170470021018041800121818039
:1056F0000021C180018170470021018041808180AB
:10570000C18001814181818170470000002C0140EE
:10571000003401400004004000080040000C00403C
:1057200021B1028842F00102028004E002884FF6B3
:10573000FE731A400280704731B1B0F8442042F441
:105740000042A0F8442005E0B0F84420C2F30E0265
:10575000A0F8442070471AB183890B43838102E08B
:1057600083898B43838170478182704741EA0203BA
:10577000A0F8483070471AB183890B43838102E057
:1057800083898B438381704701894FF6F8721140FA
:10579000018170470A46002101894FF68F73194035
:1057A00011430181704730B504460D462946204615
:1057B000FFF7F0FF208940F00700208130BD2DE980
:1057C000F04104460D4616461F46602D06D13B4665
:1057D000012231462046FFF75AFE05E03B460122F2
:1057E00031462046FFF79DFE29462046FFF7D2FFAF
:1057F000208940F007002081BDE8F08130B50C46DB
:1058000000210189C9B24FF6FF7505EA032515434A
:1058100025432943018130BD2DE9F04105460E465F
:1058200017469846002443463A4631462846FFF735
:10583000E5FF2C894FF6F870044044F007044FF65A
:105840008F70044044F070042C81BDE8F081F0B505
:1058500004460D4616461F463B463246294620461C
:10586000FFF7CCFF208940F480402081F0BD018506
:10587000828270470A46002101884FF68F731940D3
:10588000114301807047F0B50C4615461E460021B5
:10589000002200230189028B038C4FF6F8773940F0
:1058A00021434FF6FC473A4040F201173A434FF686
:1058B000DD773B404FF6FF7707EA06172F433B4360
:1058C000018102830384F0BD0A460021018B4FF65B
:1058D0008F7319401143018370470A460021018BE1
:1058E00048F6FF7319404FF6FF7303EA022319438A
:1058F000018370470A460021818B4FF68F73194050
:105900001143818370470A460021818B48F6FF735B
:1059100019404FF6FF7303EA02231943818370474E
:1059200021B1028842F08002028004E002884FF632
:105930007F731A400280704721B1828842F00402CE
:10594000828004E082884FF6FB731A4082807047A1
:1059500021B1828842F00802828004E082884FF6FA
:10596000F7731A408280704721B1828842F00102A9
:10597000828004E082884FF6FE731A40828070476E
:105980000A460021018B4FF6F7731940114301833A
:1059900070470A460021018B4FF2FF7319404FF602
:1059A000FF7303EA02231943018370470A4600216B
:1059B000818B4FF6F77319401143818370470A4674
:1059C0000021818B4FF2FF7319404FF6FF7303EAFA
:1059D00002231943818370470A460021018B4FF649
:1059E000FB7319401143018370470A460021018B64
:1059F0004FF6FF3319404FF6FF7303EA02231943B2
:105A0000018370470A460021818B4FF6FB731940D2
:105A10001143818370470A460021818B4FF6FF3383
:105A200019404FF6FF7303EA02231943818370473D
:105A30000A460021018B4FF67F7319401143018301
:105A400070470A460021018BC1F30E014FF6FF7328
:105A500003EA02231943018370470A460021818B20
:105A60004FF67F7319401143818370470A46002126
:105A7000818BC1F30E014FF6FF7303EA0223194332
:105A8000818370470A460021018C4FF6FD7319404F
:105A90001143018470470A460021018C4FF6F773C9
:105AA00019401143018470470A460021018C4FF6CA
:105AB000DF7319404FF6FF7303EA021319430184A1
:105AC00070470A460021018C4FF67F7319404FF64C
:105AD000FF7303EA02131943018470470A46002149
:105AE000018C4FF6FF5319404FF6FF7303EA022370
:105AF0001943018470470A460021018C4FF2FF735D
:105B000019404FF6FF7303EA0223194301847047DB
:105B10000A460021018C4DF6FF7319404FF6FF73C2
:105B200003EA023319430184704730B5002301248E
:105B30008C40A3B2048C9C430484048C02FA01F5CB
:105B4000ADB22C43048430BD30B5002304248C4016
:105B5000A3B2048C9C430484048C02FA01F5ADB218
:105B60002C43048430BD70B5034600200024184641
:105B7000183001258D40ACB21D8CA5431D8409B1A0
:105B8000082909D100EB6100056825F07005056062
:105B90000568154305600EE00D1FC5F34E0528444A
:105BA000056825F4E045056005684FF6FF7606EACE
:105BB00002263543056070BD21B1028842F0020221
:105BC000028004E002884FF6FD731A40028070479D
:105BD00021B1028842F00402028004E002884FF6FC
:105BE000FB731A400280704721B1828842F0800224
:105BF000828004E082884FF67F731A40828070476B
:105C000002884FF6F7731A40028002880A43028026
:105C1000704782884FF68F731A40828082880A43C9
:105C20008280704702894FF6F8731A400281028918
:105C30000A430281704702894FF67F731A4002813E
:105C400002890A43028170478184704781857047C9
:105C5000818670470187704781877047A0F84010A0
:105C6000704702884FF6FF431A40028002880A43B9
:105C7000028070470146888E70470146088F704742
:105C80000146888F70470146B1F8400070470146D1
:105C9000888C70470146088D704702460020138AA1
:105CA0000B400BB1012000E000207047CA43028284
:105CB000704730B50246002000230024158A05EA0B
:105CC0000103958905EA010413B10CB1012000E03C
:105CD000002030BDCA4302827047000010B5044660
:105CE000FB48844209D101218803FEF71FFA0021F5
:105CF0004FF48040FEF71AFA32E0F648844209D1A8
:105D000001214804FEF71FFA00214FF40030FEF78E
:105D10001AFA25E0F048844209D101218804FEF7EF
:105D200012FA00214FF48020FEF70DFA18E0EB483C
:105D3000844209D10121C804FEF705FA00214FF47D
:105D40000020FEF700FA0BE0E548844208D101216B
:105D50000805FEF7F8F900214FF48010FEF7F3F97B
:105D600010BD2DE9F04786B005460E460024A24638
:105D700000BFA1460027B08900B100BF2F462C8A82
:105D80004CF6FF700440F08804432C82AC894EF638
:105D9000F3100440B08831890843718908430443F3
:105DA000AC81AC8A4FF6FF400440B0890443AC821A
:105DB00001A8FEF734F9C648874202D1DDF810A0E9
:105DC00001E0DDF80CA0A88900F4004040B10AEB26
:105DD000CA0000EB0A1031684900B0FBF1F807E097
:105DE0000AEBCA0000EB0A1031688900B0FBF1F839
:105DF0006420B8FBF0F004012009642101FB108944
:105E0000A88900F4004040B1322000EBC900B0FB8B
:105E1000F1F000F00700044308E0322000EB091025
:105E20006421B0FBF1F000F00F0004432C8106B0B8
:105E3000BDE8F0874FF41651016000218180C180D8
:105E400001810C21418100218181704710B50246FA
:105E50000020108A4FF2FF0318400B884C88234320
:105E60008C882343CC8823431843108210BD002123
:105E7000018041808180C180704721B1828942F4D4
:105E80000052828104E082894DF6FF731A408281BC
:105E90007047F0B50346002400260025002040F698
:105EA0006A17B94200D100BF1846C1F3421401F08D
:105EB0001F06012707FA06F5012C01D10C3004E07A
:105EC000022C01D1103000E014301AB107682F43C2
:105ED000076002E00768AF430760F0BD1AB1838A2C
:105EE0000B43838202E0838A8B4383827047028A5A
:105EF0004FF6F0731A400282028A0A430282704708
:105F000082894FF2FF731A40828182890A4382811B
:105F1000704721B1828942F00202828104E08289C5
:105F20004FF6FD731A4082817047028A4FF6DF7385
:105F30001A400282028A0A430282704721B1028A11
:105F400042F48042028204E0028A4BF6FF731A4058
:105F500002827047C1F30802828070470146888838
:105F6000C0F308007047818941F0010181817047C9
:105F7000028BD2B20283028B42EA01220283704773
:105F8000028B02F47F420283028B0A430283704732
:105F900021B1828A42F02002828204E0828A4FF696
:105FA000DF731A408282704721B1828A42F0100268
:105FB000828204E0828A4FF6EF731A408282704731
:105FC00021B1828A42F00802828204E0828A4FF67E
:105FD000F7731A408282704721B1828942F40042ED
:105FE000828103E08289C2F30E028281704721B16F
:105FF000828A42F40062828204E0828A4FF2FF7356
:106000001A4082827047828A4FF6FB731A4082825E
:10601000828A0A438282704721B1828A42F0020258
:10602000828204E0828A4FF6FD731A4082827047B2
:1060300002460020B1F5007F00D100BF13880B405D
:106040000BB1012000E00020704701F40072B2F5AE
:10605000007F00D100BFCA430280704770B502467E
:10606000002400230025002040F66A16B14200D12A
:1060700000BFC1F3421501F01F03012606FA03F326
:10608000012D02D19689334006E0022D02D1168AF5
:10609000334001E0968A33400C12012606FA04F4DC
:1060A0001688344013B10CB1012000E0002070BD0F
:1060B00010B50022002340F66A14A14200D100BFAF
:1060C0000A1201249440A3B2DC43048010BD0000F6
:1060D000003801400044004000480040004C0040AF
:1060E0000050004010B50446FA48844208D101210E
:1060F0004015FEF71BF800216015FEF717F817E0B2
:10610000F548844208D101210015FEF70FF800215F
:106110002015FEF70BF80BE0F048844208D101216E
:10612000C803FEF703F800214FF40040FDF7FEFF1F
:1061300010BD30B50246002000235068E84C2040D6
:106140000D790C6844EA0524204350609068E54CC2
:106150002040D1E902542C434D7944EA45042043C0
:106160009060D06A20F470000C7C641EE4B223437B
:1061700040EA0350D06230BD0021016001714171DD
:106180008160C16001210174704721B1826842F0D1
:106190000102826003E0826822F00102826070479F
:1061A00021B1826842F48072826003E0826822F446
:1061B00080728260704710B50023CBB21AB1446878
:1061C0001C43446002E044689C43446010BD816805
:1061D00041F0080181607047014600208A6802F0A2
:1061E00008020AB1012000E000207047816841F0F8
:1061F000040181607047014600208A6802F00402B1
:106200000AB1012000E00020704721B1826842F409
:10621000A002826003E0826822F4A00282607047DC
:10622000014600208A6802F480020AB1012000E0E1
:106230000020704710B50A4600210023416821F470
:106240006041531E41EA4331416010BD21B14268B3
:1062500042F40062426003E0426822F4006242605D
:106260007047F0B504460D4600200021092D11DDD0
:10627000E068A5F10A0606EB4607072606FA07F1CD
:106280008843A5F10A0606EB460603FA06F1084321
:10629000E0600CE0206905EB4507072606FA07F1E8
:1062A000884305EB450603FA06F108432061072AF7
:1062B0000FDA606B561E06EB86071F2606FA07F1FB
:1062C0008843561E06EB860605FA06F1084360630E
:1062D00022E00D2A0FDA206BD61F06EB86071F2659
:1062E00006FA07F18843D61F06EB860605FA06F183
:1062F0000843206310E0E06AA2F10D0606EB860772
:106300001F2606FA07F18843A2F10D0606EB860662
:1063100005FA06F10843E062F0BD21B1826842F45B
:106320008012826003E0826822F4801282607047EB
:106330000146C86C80B2704766484C3000687047B0
:1063400021B1426842F48062426003E0426822F474
:1063500080624260704721B1426842F480524260DC
:1063600003E0426822F48052426070470A460021EE
:10637000816821F4E04111438160704721B1826856
:1063800042F40042826003E0826822F400428260AC
:10639000704721B1826842F40212826003E0826891
:1063A00022F4021282607047014600208A6802F4DB
:1063B00000120AB1012000E000207047F0B5044649
:1063C0001546002000220026092911DDE068A1F110
:1063D0000A0707EB470C072707FA0CF29043A1F1D5
:1063E0000A0707EB470703FA07F21043E0600CE0E7
:1063F000206901EB410C072707FA0CF2904301EBEF
:10640000410703FA07F210432061A06BC0F3015665
:10641000EF1C06F1010CA7EB0C0707EB870C1F27FD
:1064200007FA0CF29043EF1C06F1010CA7EB0C07E6
:1064300007EB870701FA07F21043A063F0BD10B520
:106440000A4600210023816B21F44011531E41EACA
:106450000351816310BD08B5002300930090009B99
:106460000B440093009B1A6008BD08B5024600204B
:106470000090009201F12800009B184400900098C1
:10648000006880B208BD0A4600214168164B1940D9
:106490001143416070474162826270470A460021A1
:1064A000416821F01F0111434160704740B1094923
:1064B0000831096841F40001064A0832116007E01A
:1064C00004490831096821F40001024A08321160C8
:1064D000704700000024014000280140003C0140BA
:1064E000FFFEF0FFFDF7F1FFFFFD3FFF024600203A
:1064F00013680B400BB1012000E000207047CA4335
:106500000260704770B502460020002300240B1281
:106510005568CEB205EA060415681D4015B10CB1E8
:10652000012000E0002070BD00220A12D343036066
:106530007047000001684FF6FE72114001600021B3
:10654000016041608160C1608D49884208D18C49F9
:106550000839496841F00F01894A083A51608AE0D8
:1065600087491431884208D185490839496841F082
:10657000F001834A083A51607DE081492831884220
:1065800008D17F490839496841F470617C4A083A6A
:10659000516070E07A493C31884208D17849083925
:1065A000496841F47041764A083A516063E07449A1
:1065B0005031884208D172490839496841F4702144
:1065C0006F4A083A516056E06D496431884208D1FB
:1065D0006B490839496841F47001694A083A5160C9
:1065E00049E067497831884208D1654908394968E6
:1065F00041F07061624A083A51603CE0614988426A
:1066000006D1011F096841F00F01021F116032E03D
:106610005C491431884208D15A49091F096841F080
:10662000F001584A121F116025E05649283188426E
:1066300008D15449091F096841F47061514A121F79
:10664000116018E04F493C31884208D14D49091F7B
:10665000096841F470414B4A121F11600BE049492F
:106660005031884207D14749091F096841F4702118
:10667000444A121F1160704710B50022026847F6A5
:10668000F0739A430C6A8B6823430C6923434C696B
:1066900023438C692343CC6923434C6A23438C6A8C
:1066A00023431A430260CB6843600B6883604B68E6
:1066B000C36010BD0021016041608160C160016163
:1066C00041618161C161016241628162704721B1B2
:1066D000026842F00102026004E002684FF6FE73B5
:1066E0001A40026070471AB103680B43036002E06E
:1066F00003688B43036070474160704701464868F8
:1067000080B2704701460020002201F080531BB187
:106710001C4B083B1A6802E0194B083B1A6802EA56
:1067200001030BB1012000E00020704700F0805110
:1067300019B11449091F086002E01149083948607D
:10674000704701460020002201F080531BB10D4B21
:10675000083B1A6802E00A4B083B1A6802EA010388
:106760000BB1012000E00020704700F0805119B10A
:106770000449091F086002E0014908394860704770
:10678000080002400804024010B504462CB901205C
:10679000F94909680882002010BDF84909680868AD
:1067A0008047F54800680A30F6E710B5F2480068FF
:1067B000C078F3494978884213DCEF480068807854
:1067C00078B9ED480068808858B9EB480068C0780F
:1067D000E94909688872E9490968486880470020E2
:1067E00010BD0220FCE710B504462CB90120E24997
:1067F00009680882002010BDE04909688868804760
:10680000DD4800680C30F6E710B5DB4B1B68D97823
:10681000D94B1B685879DB4B1B689A699047044633
:10682000D5480068807AE8B13CB9D348006800795F
:1068300018B9D1480068807808B1022010BD8CB921
:10684000CE490968C8688047CB4800684079CA4982
:106850000968C872C8480068C078C74909680873E1
:106860000020EBE70220E9E710B504462CB902202E
:10687000C14909680882002010BD0020C249088073
:10688000BD480068007800F07F00E0B9BA490968A7
:10689000487A00F0200129B1BB49097841F0020192
:1068A000B94A117000F0400131B1B749097801F0DF
:1068B000FE01B54A117005E0B349097841F00101C4
:1068C000B14A11703AE0AC480068007800F07F00EF
:1068D000012801D1AC48CFE7A7480068007800F054
:1068E0007F00022828D1A44A1268517901F00F00D4
:1068F00001F080027AB1A54B03EB8002D2F8002CA4
:1069000002F03002102A16D19F4A127842F001029A
:106910009D4B1A700FE09D4B03EB8002D2F8002CC8
:1069200002F44052B2F5805F05D1974A127842F0E6
:106930000102954B1A7001E000209DE78F4909681C
:1069400008698047904897E72DE9F0478A48006832
:10695000007800F07F08B8F1000F0AD1864800687F
:10696000407A00F0DF008449096848720020BDE8E1
:10697000F087B8F1020F7DD17F480068408818B9D0
:106980007D480068007908B10220F0E7DFF8F09157
:1069900079480068477927F080052C4676480068DA
:1069A000407900F0800038B1784901EB8400D0F8DC
:1069B000000C00F0300606E0744901EB8400D0F8CA
:1069C000000C00F4405699F80000A84204D91EB10A
:1069D00069480068807A08B90220C8E707F080009B
:1069E00080B16A4901EB8400D0F8000C00F030005F
:1069F000102843D1E0B201F031F8E0B2302100F0CC
:106A0000DAFE3BE0614901EB8400D0F8000C00F4B1
:106A10004050B0F5805F31D1C4B95D4A92F82C1076
:106A2000E0B201F0A6F8594A02EB8401D1F8001C4B
:106A30004BF68F7201EA020080F4805080F400501F
:106A4000524A02EB8401C1F8000C17E0E0B200F0FA
:106A5000EEFF4E4A02EB8401D1F8001C4BF68F7218
:106A600001EA020080F4805080F40050474A02EBB3
:106A7000840100E008E0C1F8000C00BF3F4909684C
:106A800048698047002072E700BF02206FE72DE9C8
:106A9000F04139480068467926F080073C46364880
:106AA0000068407900F0800038B1384901EB84007B
:106AB000D0F8000C00F0300506E0344901EB84000A
:106AC000D0F8000C00F440552D480078A04208D9B9
:106AD00029480068408820B91DB127480068807A9D
:106AE00010B90220BDE8F08106F0800080B1274A8D
:106AF00002EB8401D1F8001C48F6BF7201EA0200E3
:106B000080F01000214A02EB8401C1F8000C10E073
:106B10001E4A02EB8401D1F8001C4BF68F7201EA89
:106B2000020080F48050194A02EB8401C1F8000C85
:106B300000BF12490968886980470020D2E710B574
:106B40000D480068407A40F020000B4909684872FF
:106B50000A490968C8698047002010BD10B502467F
:106B600005480068438AAAB98888C01A024C24687C
:106B70002082002010BD0000AC000020B8000020E2
:106B80001C010020B0000020A400002000500040A4
:106B90002001002008681844ECE72DE9F041FE4888
:106BA000006800F110042688A068C0B1BEB1A588B5
:106BB000B54200D93546A8B2A16888470746208863
:106BC000401B2080608828446080002000F0A3FFE4
:106BD0008046AAB24146384600F088FD00BF2088B2
:106BE00050B14FF44050ED4908800021084600F0B4
:106BF0009EFF3020EA4908802088A188884204DB73
:106C00000320E5490968087218E02088002804DD9F
:106C10000520E1490968087210E0208870B9062053
:106C2000DD49096808720021DE48006880B2801CD6
:106C3000DD4A42F810103020D9490880BDE8F081C3
:106C40002DE9F047D448006800F110052E88D2489D
:106C50000068077AD6B9042F18D1D44800780128E3
:106C60000FD10021CF48006880B2801CCE4A42F884
:106C700010103020CA49088000BF0020CB4908709E
:106C800003E007271020C649088027E0AC88A64209
:106C900001D8042000E002200746B44200D934465F
:106CA000A0B2A96888478046002000F029FF8146ED
:106CB000A2B24946404600F0FFFCA1B2002000F01D
:106CC00036FF2888001B2880688820446880302090
:106CD000B34908800002B149088000BFAE49096885
:106CE0000F72BDE8F08770B50226AB4800684478A3
:106CF000A9480068007800F07F0000284AD1092CDC
:106D000003D1FFF752FD064665E0052C14D1A248D9
:106D10000068C0787F280BDC9F480068807838B90D
:106D20009D480068808818B99B480068807A08B13F
:106D300008256BE000264EE0032C14D1964800682D
:106D4000C07801280DD194480068808848B99248DD
:106D50000068407A00F0200018B1FFF7F0FE064608
:106D600039E0022637E0012C35D18B480068C07825
:106D700001280DD188480068808848B98648006895
:106D8000407A00F0200018B1FFF7DEFD064622E051
:106D9000022620E080480068007800F07F0001288B
:106DA00005D10B2C17D1FFF72FFD064613E07A48CB
:106DB0000068007800F07F0002280BD1012C03D17D
:106DC000FFF7C2FD064606E0032C04D1FFF75FFE85
:106DD000064600E002264EB1E0B2754A12685169DB
:106DE00088470646032E01D109250FE00EB108257C
:106DF0000CE0062500216B48006880B2801C6A4ABE
:106E000042F8101030206649088000BF62490968C6
:106E10000D7270BD2DE9F84F5F4800684578002776
:106E2000BA46062D1BD15C480068007800F07F0050
:106E3000002813D1584909688878012803D15C4992
:106E40000968CF690AE0022803D1594909680F6A25
:106E500004E0032802D1564909684F6A99E0002DE1
:106E600067D14D4800684088002862D14A480068D0
:106E7000C08802285DD1484800680079002858D1B0
:106E800045480068007800F07F0030B9424800684B
:106E9000808810B9AFF22F677BE03F480068007828
:106EA00000F07F00012811D13B4909684879404929
:106EB00009688A690021904700286AD1364800682D
:106EC000807A002865D0AFF25F6762E032480068E0
:106ED000007800F07F0002285BD12F4800684079DD
:106EE00000F00F062C480068407900F070092A482D
:106EF0000068407900F0800038B12E4901EB86002F
:106F0000D0F8000C00F0300806E02A4901EB8600BA
:106F1000D0F8000C00F4405827480078B04238D927
:106F2000B9F1000F35D1B8F1000F32D0AFF2C76719
:106F30002FE0082D08D118480068007800F07F0085
:106F400038BBAFF2BB7724E00A2D22D1124800688B
:106F5000007800F07F0001281BD10F480068807A7C
:106F6000B8B10D480068408898B90B4800680079AE
:106F700078B909480068C08801280AD1064909681B
:106F800048790B4909688A690021904708B9AFF22E
:106F9000A977EFB1004811E0AC000020BC00002050
:106FA000BE000020505C004000600040A6000020B1
:106FB000B0000020005000401C0100200068A0F834
:106FC00012A0AE48006887610020B84700240FE097
:106FD000AA4A12685078AA4A12681169884704467A
:106FE000032C05D10920A54909680872BDE8F88F6E
:106FF000A2480068008A4FF6FF71884204D1092038
:107000009E4909680872F1E7022C03D09B4800688A
:10701000008A20B90820994909680872E6E797486C
:107020000068007800F08000E0B394480068C088F1
:10703000009092480068008A0099884204D98F49DC
:1070400000980968088223E08C480068008A8B4910
:107050000968C98888421BDA88480068008A88491C
:10706000096891F82C10884203DA002085490870DD
:107070000EE082480068008A8149096891F82C1066
:1070800090FBF1F201FB120010B901207D4908705C
:107090007B48006890F82C10784800688182FFF7E0
:1070A000CFFD07E0FFE70320744909680872000379
:1070B0007549088000BF99E710B5744890F82C1006
:1070C000002000F056FD6D480068007A082805D1C0
:1070D00040026D49088010206D49088067480068AB
:1070E000007A092801D1012010BD0020FCE708B575
:1070F0006848006880B2001D674931F8100080B20E
:1071000001EB400000905D480068007A09282FD00C
:10711000009800785949096808700098401C009050
:10712000009800785549096848700098401C009004
:107130000098801C0090009931F8020B009100F03B
:10714000B9FE4E49096848800098801C009000995B
:1071500031F8020B009100F0ADFE484909688880C3
:107160000098801C00900098008844490968C880F5
:10717000012042490968087240480068C08810B977
:10718000FFF7B1FD01E0FFF745FEFFF795FF08BDF2
:1071900030B50146414B1A78002011E00306404CFF
:1071A00004EB9353D3F8003C48F68F742340C4B2E9
:1071B000234304063A4D05EB9454C4F8003C401CAC
:1071C0009042EBD341F08003324C241F236030BD4A
:1071D00010B52A480068047A022C01D0042C05D18D
:1071E000FFF72EFD25480068047A1CE0062C19D113
:1071F00022480068407805280ED1204800680078B1
:1072000000F07F0040B91D490968C878FFF7C0FF4A
:1072100024490968086A80471949096888688047CD
:10722000082400E00824154909680C72FFF744FFA0
:1072300010BD10B511480068047A032C01D0052C4C
:1072400005D1FFF7AAFC0D480068047A0EE0072C70
:1072500005D10B490968C8688047082406E0022C5C
:1072600001D0042C01D1082400E008240349096856
:107270000C72FFF721FF10BD70470000AC0000202A
:10728000B0000020A6000020BC000020200100204B
:10729000BE000020505C0040006000401C01002047
:1072A00000500040B800002010B5084808490860A8
:1072B000022009680872074807490860074808491A
:1072C0000860054909680868804710BD980A0020D1
:1072D000AC00002020010020B00000205001002060
:1072E000B800002010B5002473E147F6FF70EA49AA
:1072F0000860EA48008800F00F00E9490870084675
:10730000007800287ED1E4484438006800F44050FA
:10731000E4490880E0484438006800F03000E24961
:107320000880DD49443909684BF68F7201EA020092
:1073300080F40050D84944390860096848F6BF72A3
:1073400001EA020080F02000D34944390860D348A4
:10735000008800F01000002838D10846006848F680
:107360000F710840CC4944390860FFF731FFCA4922
:10737000443909684BF68F7201EA0200C94909884D
:1073800001F4805109B180F48050C649098801F4A4
:10739000005109B180F40050BF49443908600968C0
:1073A00048F6BF7201EA0200BF49097801F01001F6
:1073B00009B180F01000BC49097801F0200109B141
:1073C00080F02000B4494439086010BDB248443808
:1073D000006884B204F08000D8B3AF484438006835
:1073E00048F60F710840AC4944390860FFF7F0FED9
:1073F000A949443909684BF68F7201EA0200A9498C
:10740000098800E0A6E001F4805109B180F48050C1
:10741000A449098801F4005109B180F400509E4943
:1074200044390860096848F6BF7201EA02009E49C3
:10743000097801F0100109B180F010009A4909782B
:1074400001F0200109B180F020009349443908601F
:10745000BBE7FFE704F40060D8B38F484438006806
:10746000C0F30E0048F68F7108408B49443908601C
:10747000FFF73DFE8849443909684BF68F7201EAEF
:1074800002008849098801F4805109B180F48050D4
:107490008449098801F4005109B180F400507E4903
:1074A00044390860096848F6BF7201EA02007E4963
:1074B000097801F0100109B180F010007A490978CB
:1074C00001F0200109B180F02000734944390860BF
:1074D0007BE7FFE704F4004000287AD06E48443888
:1074E0000068C0F30E0048F68F7108406A494439BD
:1074F0000860FFF79EFE6849443909684BF68F72B1
:1075000001EA02006749098801F4805109B180F459
:1075100080506449098801F4005109B180F4005099
:107520005D4944390860096848F6BF7201EA020003
:107530005D49097801F0100109B180F010005A4945
:10754000097801F0200109B180F020005249443946
:1075500008603AE752480078544901EB8000D0F8BF
:10756000000C84B204F40040C0B14D48007801EB37
:107570008000D0F8000CC0F30E0048F68F71084070
:1075800047490978494A02EB8101C1F8000C444996
:107590000978491E464A52F82100804704F08000CD
:1075A000B8B13F480078414901EB8000D0F8000CA9
:1075B00048F60F7108403A4909783C4A02EB8101CC
:1075C000C1F8000C36490978491E3A4A52F82100A0
:1075D00080473148006880B23049088000F400409C
:1075E00000287FF482AE00BFEFE610B5002449E02A
:1075F00047F6FF70284908602848008800F00F000F
:107600002749087008460078284901EB8000D0F827
:10761000000C84B204F40040C8B12148007801EBAA
:107620008000D0F8000CC0F30E0048F68F710840BF
:107630001B4909781D4A02EB8101C1F8000C184969
:107640000978491E1A4A52F8210080471AE004F0CE
:107650008000B8B112480078144901EB8000D0F8DE
:10766000000C48F60F7108400D4909780F4A02EBEB
:107670008101C1F8000C0A490978491E0D4A52F8E7
:10768000210080470448006880B20449088000F463
:1076900000400028ACD110BD445C0040DC0000205C
:1076A000A8000020BC000020BE00002000500040C8
:1076B000FC000020E0000020F0B5144604F1010CAD
:1076C0004FEA6C07DFF848C00CEB41033D460AE087
:1076D0000678401C90F800C046EA0C2223F8022BE2
:1076E0009B1C401C6D1E002DF2D1F0BDF0B5561C48
:1076F0007510074E06EB41042B4605E034F8047B79
:1077000020F8017B401C5B1E002BF7D1F0BD000070
:1077100000600040F74908607047F648006880B292
:107720007047F449091D08607047F248001D006861
:1077300080B27047EF480830006880B27047ED496A
:107740000C3108607047EB480C30006880B270471D
:107750004FF6F8710140E74A103211607047E54872
:107760001030006880B27047E34B03EB8002C2F830
:10777000001C70470146E04A02EB8100D0F8000C83
:1077800080B2704710B5DC4B03EB8002D2F8002CBE
:1077900048F68F131A400A43D74C04EB8003C3F812
:1077A000002C10BD0146D44A02EB8100D0F8000C39
:1077B00000F4C060704710B5CF4C04EB8003D3F8E1
:1077C000003C48F6BF7403EA040201F010030BB159
:1077D00082F0100201F020030BB182F02002C64CAF
:1077E00004EB8003C3F8002C10BD10B5C24C04EBB1
:1077F0008003D3F8003C4BF68F7403EA040201F4D3
:1078000080530BB182F4805201F400530BB182F427
:107810000052B94C04EB8003C3F8002C10BD30B506
:1078200003460C461846FFF7A5FF0546012C07D175
:1078300025F48050B04A02EB8301C1F8000C08E047
:10784000022C06D125F01000AB4A02EB8301C1F8EF
:10785000000C30BD0146A84A02EB8100D0F8000CB4
:1078600000F0300070470146A34A02EB8100D0F8D7
:10787000000C00F4405070479F4B03EB8002D2F89D
:10788000002C48F6BF7302EA030181F0100181F079
:107890002001994B03EB8002C2F8001C7047964B05
:1078A00003EB8002D2F8002C4BF68F7302EA03013F
:1078B00081F4805181F400518F4B03EB8002C2F8B8
:1078C000001C70478C4A02EB8001D1F8001C41F487
:1078D000807148F68F721140874B03EB8002C2F82B
:1078E000001C7047844A02EB8001D1F8001C48F666
:1078F0008F621140804B03EB8002C2F8001C70477E
:107900007D4A02EB8001D1F8001C48F68F621140DD
:10791000794B03EB8002C2F8001C7047764A02EBF9
:107920008001D1F8001C41F4807148F68F7211403B
:10793000714B03EB8002C2F8001C70476E4A02EBE9
:107940008001D1F8001C41F4807148F68F7211401B
:10795000694B03EB8002C2F8001C7047664A02EBD9
:107960008001D1F8001C48F68F621140624B03EB96
:107970008002C2F8001C704701465F4A02EB81009A
:10798000D0F8000C00F03000102801D10120704721
:107990000020FCE70146584A02EB8100D0F8000CB9
:1079A00000F44050B0F5805F01D101207047002005
:1079B000FCE7514A02EB8001D1F8001CC1F30E0133
:1079C00048F68F7211404C4B03EB8002C2F8001C4A
:1079D0007047494A02EB8001D1F8001C48F60F724B
:1079E0001140454B03EB8002C2F8001C7047424A2D
:1079F00002EB8001D1F8001C48F68F72114041F46F
:107A000080413D4B03EB8002C2F8001C70473A4AAC
:107A100002EB8001D1F8001C48F68F72114041F052
:107A20004001354B03EB8002C2F8001C7047324A1C
:107A300002EB8001D1F8001C01F4804169B102EB36
:107A40008001D1F8001C48F68F72114041F480414A
:107A5000294B03EB8002C2F8001C7047264A02EB58
:107A60008001D1F8001C01F0400169B102EB8001F6
:107A7000D1F8001C48F68F72114041F040011E4BB6
:107A800003EB8002C2F8001C704710B51A4B03EBE1
:107A90008002D2F8002C48F68F731A400A43164C25
:107AA00004EB8003C3F8002C10BD0146124A02EB20
:107AB0008100D0F8000C00F00F00704710B54A109C
:107AC00052000C4B10331B689BB203EBC0030B4CF2
:107AD00044F8132010BD10B54A105300054A103267
:107AE000126892B202EBC002121D044C44F812302C
:107AF00010BD0000405C00400050004000600040AD
:107B00000146EF48006880B200EBC100ED4A32F850
:107B1000100080B270470146E948006880B200EB6F
:107B2000C100001DE74A32F8100080B27047E44AF5
:107B3000126892B202EBC002921CE24B43F81210A0
:107B4000704702463E290BDD481101F01F030BB9B7
:107B5000431E98B24FF4004343EA8023136007E0CA
:107B6000481001F001030BB1431C98B2830213606B
:107B7000704710B50246D248006880B200EBC200E0
:107B8000801DD04C04EB40033E290BDD481101F071
:107B90001F040CB9441EA0B24FF4004444EA8024F0
:107BA0001C6007E0481001F001040CB1441CA0B2B5
:107BB00084021C6010BD0146C148006880B200EB21
:107BC000C100801CBF4A32F81000C0F309007047A2
:107BD0000146BB48006880B200EBC100801DB94A75
:107BE00032F81000C0F30900704730B54B105B004D
:107BF000B34C2468A4B204EBC004B24D45F8143071
:107C000053105C00AE4B1B689BB203EBC0031B1D03
:107C100045F8134030BD10B54A105200A84B1B6800
:107C20009BB203EBC003A74C44F8132010BD10B562
:107C30004A105300A24A126892B202EBC002121D0F
:107C4000A04C44F8123010BD01469D48006880B237
:107C500000EBC1009B4A32F8100080B27047014629
:107C60009748006880B200EBC100001D954A32F8C9
:107C7000100080B2704730B50B46012B1FD19049E0
:107C8000096889B201EBC001891C8E4D05EB4104E6
:107C90003E2A0BDD511102F01F050DB94D1EA9B290
:107CA0004FF4004545EA8125256007E0511002F0B8
:107CB00001050DB14D1CA9B28D0225600AE0022B11
:107CC00008D17F49096889B201EBC001891C7D4C4C
:107CD00044F81120012B1FD17949096889B201EBC1
:107CE000C001891D774D05EB41043E2A0BDD511182
:107CF00002F01F050DB94D1EA9B24FF4004545EA2B
:107D00008125256007E0511002F001050DB14D1CE1
:107D1000A9B28D0225600AE0022B08D168490968E2
:107D200089B201EBC001891D664C44F8112030BDB9
:107D300030B5034601291FD16148006880B200EBCD
:107D4000C300801C5F4D05EB40043E2A0BDD501143
:107D500002F01F050DB9451EA8B24FF4004545EAD3
:107D60008025256007E0501002F001050DB1451C8B
:107D7000A8B2850225600AE0022908D150480068AF
:107D800080B200EBC300801C4E4C44F8102030BD84
:107D900030B5034601291FD14948006880B200EB85
:107DA000C300801D474D05EB40043E2A0BDD5011FA
:107DB00002F01F050DB9451EA8B24FF4004545EA73
:107DC0008025256007E0501002F001050DB1451C2B
:107DD000A8B2850225600AE0022908D13848006867
:107DE00080B200EBC300801D364C44F8102030BD3B
:107DF00001463348006880B200EBC100801C314A64
:107E000032F81000C0F30900704701462C480068A2
:107E100080B200EBC100801D2A4A32F81000C0F386
:107E20000900704701462648006880B200EBC10097
:107E3000801D244A32F8100000F47C4008B1012073
:107E400070471F48006880B200EBC100801C1D4ACB
:107E500032F81000C0F3090008B10220F0E700205A
:107E6000EEE710B501290FD1174B03EB8002D2F8D2
:107E7000002C48F68F731A4042F04002124C04EB7B
:107E80008003C3F8002C10E002290ED10E4B03EB47
:107E90008002D2F8002C48F68F731A4042F48042D8
:107EA000094C04EB8003C3F8002C10BD024641EAE4
:107EB000022070470146CAB20B1243EA0220704703
:107EC000505C0040006000400050004010B50020B1
:107ED000FCF772F80121C805FCF71BF910BD03205F
:107EE0003849086070473848817A19B10521354A08
:107EF000116002E00121334A1160704708B5142077
:107F00008DF8000001208DF8010000208DF802009E
:107F100001208DF803006846FCF757F908BD70474B
:107F2000704710B500212948FCF7F3F800214FF6FF
:107F3000FD70FCF7E1F810BD10B5254B18681B1D4E
:107F400019681B1D1A68A8B1224CA070030A23717E
:107F5000030CA371030E2372A1720B0A23730B0C83
:107F6000A3730B0E2374A274130A2375130CA37549
:107F7000130E237610BD10B5044601210420FCF732
:107F8000BBF83CB11448006880B220F002001249EE
:107F9000086016E01048006880B240F002000E4908
:107FA00008600E48006820F47F200C4908600846ED
:107FB000006840F44C30086089140848001FFCF742
:107FC0005AFD10BDB4010020980A00203FC8FE3AB7
:107FD000E8F7FF1FC0000020405C0040040801409B
:107FE00010B5402298210A48FFF780FB012009497B
:107FF00008704FF44051FFF7F8FB10BD002004E07B
:108000000021054A1154411CC8B24028F8DB7047D2
:1080100056090020DA000020B40A002010B53748C5
:108020000068374908800846008800F480603549B8
:108030000988084030B14FF6FF30304908603249B6
:10804000486880472E48008800F400502D49098870
:10805000084018B14DF6FF7028490860284800888C
:1080600000F4805027490988084030B14EF6FF706F
:1080700022490860002000F0BEF92148008800F481
:10808000006020490988084060B12048007810B19C
:1080900000F091F902E0022000F0ADF94FF2FF701C
:1080A000164908601648008800F4007015490988D0
:1080B000084040B14FF6FF5010490860144800785E
:1080C000401C134908700E48008800F480700D4968
:1080D0000988084030B14FF6FF6008490860072062
:1080E00000F089F90648008800F400400549098835
:1080F000084008B1FFF7F6F810BD0000445C0040EE
:10810000DC000020B600002020010020B801002083
:10811000DE00002010B5FFF70FFF00208549096839
:10812000887200F01FF90020834908604FF43F4037
:1081300082490880084600887F49091F086000209E
:108140007F49086010BD10B500207A49096888721F
:1081500078490968C8727B48C079764909684872CD
:108160000020FFF7F5FA4FF400710020FFF70AFB3B
:1081700010210020FFF71FFB18210020FFF7ABFCA8
:1081800058210020FFF79AFC0020FFF7B9FB6E484A
:1081900090F82C100020FFF7ECFC0020FFF77FFB8D
:1081A0004FF4C0610120FFF7EDFA98210120FFF79D
:1081B00092FC40210120FFF7DCFC4FF440510120EC
:1081C000FFF713FB4FF4C0610220FFF7DBFA4FF417
:1081D0008C710220FFF772FC40210220FFF7A7FC00
:1081E00020210220FFF7E7FA01205549086000200E
:1081F000FEF7CEFF10BD4F480068807A10B1052011
:108200004F490860704704204D4908607047704727
:108210007047014629B90120464A126810820020A1
:1082200070474A48FCE710B5044649492046FEF726
:1082300095FC10BD10B5044646492046FEF78EFC5D
:1082400010BD70B504460025062C1AD139480068C7
:10825000007800F07F00012813D13648006840798B
:1082600078B9344800688078222802D1AFF23B0503
:1082700012E030480068807821280DD1AFF259050E
:108280000AE02C480068007800F07F00212803D124
:10829000032C01D1AFF285050DB9022070BD254830
:1082A0000068856100212348006841820020A847BA
:1082B0000020F3E71F480068C178244801600020CF
:1082C000704700B502461B480068007800F07F0048
:1082D000212804D10B2A02D1FFF7ECFF00BD0220B8
:1082E000FCE710B504461C492046FEF737FC10BDDC
:1082F00010B5044619492046FEF730FC10BD70B594
:1083000005460C480068C478042C01DD002070BDCF
:10831000134800EBC4012846FEF720FCF7E70246AD
:10832000002901DD02207047002A01DD0220FAE762
:108330000020F8E7AC000020445C0040B6000020BC
:10834000B40100207AA900082001002018010020B3
:108350008C01002084010020740100207C01002099
:108360009401002010B50120FFF7D9FD01244C48ED
:10837000046000204B49088008460088484908608E
:108380000020091D08604FF4E05046490880084667
:10839000008843490860002010BD10B50120404905
:1083A00008600020091D0860FFF7B9FD03203C4963
:1083B0000860002010BD10B53948006884B244F050
:1083C000080437480460006884B244F00404344868
:1083D0000460FFF784FD10BD10B53148006884B219
:1083E00024F004042E480460FFF77DFD4FF43F4065
:1083F0002B49086010BD70B50546072D01D02A48ED
:10840000057029480078082841D2DFE800F0040A06
:108410001016212E4142FFF7DFFF06202249087087
:108420003BE0FFF7D9FF04201F49087035E0022028
:108430001D494870032008702FE01B484078401EFB
:10844000194948700846407808B90420087024E0AB
:108450001348006884B244F01004114804600520F9
:10846000114908700A20487017E00F484078401EF4
:108470000D4948700846407840B90948006884B200
:1084800024F01004064804600620087005E000BFD0
:1084900000BF06200449087000BF00BF70BD000087
:1084A000405C0040B6000020B9010020F0B480EA32
:1084B0000102D40F4200B2EB410F02D2024608463D
:1084C00011464A0042D0C30DDDB2C1F3C752AD1A06
:1084D000202D35DAC1F3160141F4000204B15242F5
:1084E000C5F1200602FA06F12A411044B3EBD05F31
:1084F00023D0C4B1012DA0EBC35009DCF0BC4FF078
:10850000004202EAC352DBB200F5000000F0D8BA24
:10851000400000F1807000EBC350A0F1807040EA91
:10852000D170490009E0490841EAC071A0EBC3508D
:1085300000F50000400800EBC350F0BC00F0B7BAF3
:108540006142012202EB4101001BF6E7F0BC7047DB
:1085500081F00041AAE780F00040A7E780EA01022D
:1085600010B502F00043400022D04A001FD0010E97
:1085700001EB1261C0F35600C2F3560240F4000052
:1085800042F40002A0FB022000047F39140400D052
:10859000401C50EA124001D44000491EC2B20C06F1
:1085A00004EBD010401C4008802A02D003E00020D9
:1085B00010BD20F00100002900DA0020184310BD92
:1085C00030B480EA010202F0004530F0004221F0B0
:1085D000004013D090B1C30DD40DC2F31601C0F307
:1085E0001600E41A41F4000140F400027D34914287
:1085F00001D3641C00E04900002C02DA30BC0020EA
:1086000070474FF400000023914201D3891A0343BD
:1086100040084FEA4101F7D151B1914202D14FF0E8
:10862000004105E002D24FF0010101E06FF00101CD
:1086300003EBC450284430BC00F039BA2DE9FE4F9A
:10864000804681EA0300C00F0C46009021F00041F3
:1086500023F00045B8EB0200A94105D2404621466F
:1086600090461C460B46024623F00040104347D07C
:10867000270DC7F30A00C3F30A510290401A019074
:1086800040286BDAC3F3130040F4801B0098924635
:1086900020B10023D2EB030A63EB0B0B0198594680
:1086A000C0F14002504600F0D1F906460D46504652
:1086B0005946019A00F0E9F910EB080061410024E5
:1086C00087EA115284EAE7731A4340D0009A62B3F2
:1086D000019A012A4FEA075215DC001B61EB0201E7
:1086E0004FF0004202EA0752CDE90042001C41F57A
:1086F000801132462B4600F020FA03B0BDE8F08F1F
:1087000040462146F9E7001B61EB0201001C41F5E0
:10871000801300185B412018A2F5001747EB0301F6
:1087200040EAD570B6196D4111E06D084FEA360682
:1087300045EAC0754FEA0752001B61EB0201001CBD
:1087400041F5801149084FEA300000195141324685
:108750002B4603B0BDE8F04F00F0E0B900980122CD
:1087600040000023D0EB020263EBE0730098214647
:108770004FEAE074B8EB000061EB0401E9E783F035
:1087800000435BE781F0004158E72DE9FE4F81EAA5
:10879000030404F0004421F0004100944FF0000B6A
:1087A00023F0004350EA01045ED052EA03045BD098
:1087B000C3F30A54C1F30A552C44A4F2F3340194D0
:1087C000A0FB0254C1F3130141F48011C3F313035E
:1087D00043F4801301FB024400FB034E840A970A12
:1087E00044EA815447EA8357A4FB076802958D0A3F
:1087F00005FB07854FEA932C04FB0C542705029DCB
:108800004FEA065847EA1637B5EB08056EEB070C3A
:10881000870E920E47EA811742EA8312A7FB0201F4
:10882000B6EB0B0164EB00042B0D43EA0C335E182E
:1088300044EB1C50DA465146E7FB0201C5F3130432
:108840004FEA0B3343EA14534FEA0432019C43EAE4
:108850000603A4F10C040294009CCDE900B400F0DE
:108860006CF903B0BDE8F08F00200146F9E72DE96F
:10887000F04D81EA030404F0004B21F0004514465A
:108880004FF0000A23F0004150EA050220D054EADC
:1088900001021DD0C5F30A570246C5F31303C1F305
:1088A0001300C1F30A5640F4801543F48013A7EB7C
:1088B0000608101BD64608F2FD3873EB050002D3FC
:1088C00008F1010801E092185B41B8F1000F03DAEA
:1088D00000200146BDE8F08D00204FF480110646CF
:1088E00084460EE0171B73EB050705D3121B63EBE1
:1088F000050306434CEA010C49084FEA3000921880
:108900005B4150EA0107EDD152EA030012D082EA3E
:10891000040083EA0501084305D0101BAB4106D2D1
:108920000122002306E000224FF0004302E06FF036
:10893000010253101AEB06004CEB085110EB0A0031
:1089400041EB0B01BDE8F04D00F0E8B896230022A2
:10895000114600F0B5B80EB5C10F80EAE0700844CA
:10896000CA07002140F233438DE80E000A460B4649
:1089700000F0E3F803B000BD20F00040C10DC0F3EB
:10898000160040F400007F2901DA00207047962984
:1089900003DCC1F19601C8407047963988407047A2
:1089A00070B5C1F30A5201F000450024C1F3130170
:1089B00040F2FF3341F480119A4201DA002070BD89
:1089C00040F233439A42A2F2334203DC524200F0B7
:1089D0004CF800E090402C43F1D0404270BDC1F310
:1089E0000A5210B5C1F3130140F2FF3341F4801174
:1089F0009A4201DA002010BD40F233439A42A2F2BB
:108A0000334203DC524200F030F810BD904010BDFC
:108A100000F0004230F000400AD0C10D01F5607155
:108A2000C0F3160042EA0151C208400711437047E3
:108A30000020014670470000002801DBC0F1004023
:108A4000002901DBC1F1004188427047202A04DB84
:108A5000203A00FA02F1002070479140C2F1200351
:108A600020FA03F3194390407047202A04DB203A90
:108A700021FA02F00021704721FA02F3D040C2F13E
:108A800020029140084319467047202A06DBCB1785
:108A9000203A41FA02F043EAE07306E041FA02F3B9
:108AA000D040C2F120029140084319467047002986
:108AB000A8BF7047401C490008BF20F00100704764
:108AC00010B4B0FA80FC00FA0CF050EA010404BFC4
:108AD00010BC704749B1CCF1200421FA04F411FA1A
:108AE0000CF118BF012121430843A3EB0C01CB1D5E
:108AF0004FEA00614FEA102042BF002010BC7047CF
:108B000000EBC35010440029A4BF10BC7047401CA8
:108B1000490008BF20F0010010BC704710B5141EBA
:108B200073F1000408DA401C41F1000192185B4126
:108B30001A4301D120F0010010BD2DE9F04D9246FD
:108B40009B4611B1B1FA81F202E0B0FA80F2203214
:108B50009046FFF77BFF04460F4640EA0A0041EAD1
:108B60000B0153465A46084313D0114653EA0100FD
:108B700019D0C8F140025046FFF777FF05460E4670
:108B8000504659464246FFF761FF084305D0012091
:108B900004E020463946BDE8F08D0020054346EA52
:108BA000E0762C4337430A986305E40AA0EB0800FB
:108BB0000022FD0A44EA47540A3002D5002001464B
:108BC000E9E7010510196941DDE908450019694126
:108BD000BDE8F04DA2E70000064C074D06E0E06856
:108BE00040F0010394E8070098471034AC42F6D3F4
:108BF000F7F780FA10AB000830AB000870B521F031
:108C0000004303430CD0C1F30A550024D5EB0405FF
:108C100064EB0403D617AD1AB34102DB0020014612
:108C200070BD201841EB025170BD0EB540F23341CA
:108C300002910021CDE900110A460B46FFF77DFFA6
:108C400003B000BD70B58C1810F8015B15F0070378
:108C500001D110F8013B2A1106D110F8012B03E0D5
:108C600010F8016B01F8016B5B1EF9D12B0705D4DD
:108C70000023521E0DD401F8013BFAE710F8013B26
:108C8000CB1A921C03E013F8015B01F8015B521E42
:108C9000F9D5A142D8D3002070BD490050EAC120C7
:108CA00018BF04204A0D18BF40F0010040F2FF72C7
:108CB000B2EB515F08BF40F00200012808BF052059
:108CC000704700002DE9F74F144694B00021C4E925
:108CD00002111599079121F00045C9498D4206DC22
:108CE0001599C4E9000117B00020BDE8F08FC5490F
:108CF000DFF814A3A9423CDD0799C44E0029C44FF4
:108D0000C44A1599534619DDFFF739FD554506D07C
:108D1000C14AC24BFFF733FDC4E900010AE04FF03E
:108D2000D352BE4BFFF72BFD32463B46FFF727FDE4
:108D3000C4E9000117B00120BDE8F08FFFF77EFC09
:108D4000554506D0B44AB54BFFF778FCC4E900019D
:108D50000AE04FF0D352B14BFFF770FC32463B466E
:108D6000FFF76CFCC4E9000117B04FF0FF30BDE81D
:108D7000F08FAB49A942159978DB21F00041834679
:108D80008846A84AA84BFFF700FD0022A74BFFF733
:108D900055FCFFF705FE0990FFF7DDFD06460F467F
:108DA0009C4A5346FFF7F1FC43465A46FFF7EAFC5C
:108DB00080468A46984A994B30463946FFF7E5FC8B
:108DC0002A0D01250B9242465346FFF7DBFC032D8B
:108DD000C4E9000139D00B98C1F30A51401A05EBE0
:108DE00045111139814230DA9148C346784400EB8D
:108DF0000510CDF80CA00C90D0E900233046394680
:108E0000FFF7C3FC02460B460491069058460399AF
:108E1000FFF7B5FC80468A4602460B465846039942
:108E2000FFF7ADFC049B069AFFF7A9FC83460C985C
:108E300003913946D0E902233046FFF7A6FC5A4693
:108E4000039BFFF79CFC6D1CBDE707980028A2BFA1
:108E5000099817B0BDE8F08F616881F0004161604A
:108E6000099817B04042BDE8F08FFFE78446159897
:108E7000C1F31301C0F30A50A0F2F5304FEA6018B5
:108E800000F01F06C6F12000139000200690079006
:108E900041F4801E05206D4676B1664A08EB00015C
:108EA0007A4452F8213002EB8101B3404A681399A9
:108EB00022FA01F1194305E05F4908EB0002794409
:108EC00051F82210A1FB0E27A1FB0C131A449A4261
:108ED00034BF0123002303EB070A05EB8003D3E92A
:108EE00001B70F448F4234BF0121002193448B44CA
:108EF00011B1934502D903E0934501D2012100E06D
:108F00000021C3E901B7514445F82010011EA0F12A
:108F10000100C1DC0298059F00F10050800F129003
:108F20000298DDE903568000FFF715FD83462846C9
:108F30000D91FFF77AFE6FF01D02FFF75FFECDE99E
:108F40000E013046FFF771FE6FF03D02FFF756FE4F
:108F500080468A463846FFF768FE6FF05D02FFF7ED
:108F60004DFE0746424653461191FFF767FBDDE988
:108F70000E23FFF763FB5A460D9BFFF75FFB0025AF
:108F80000E465A4628460D9BFFF7F9FBDDE90E23F6
:108F9000FFF7F5FB42465346FFF7F1FB3A46119BBC
:108FA000FFF7F0FBDFF898A0244A5346FFF7EDFBEC
:108FB00007468846234A244B31462846FFF7E5FBFF
:108FC0003A464346FFF73AFB074688464FF0A84229
:108FD000534631462846FFF7D8FB3A464346FFF74B
:108FE0002DFB159A12F0004F04D0129A81F0004127
:108FF00052421292C4E90001129817B0BDE8F08FF6
:10900000FB21E93F7CD90240FB21F93F7370032E1D
:109010008A19A33B000040543163621A61B4D03D09
:10902000FB21394183C8C96D305FE43F0000E03F58
:10903000301C0000AC1B00008E1B0000182D445497
:10904000FB21F93D3326A611460B113C2DE9FF4DBE
:1090500021F0004807460C46B8F1795F08DAFFF7BF
:109060009FFC002801BF0020324904B0BDE8F08D0C
:109070003A46234610461946FFF787FB0546024647
:109080002D480E460B460621784400F05DF82A462E
:109090003346FFF77AFBDDE9022382468B463846EA
:1090A0002146FFF772FB04460F4652465B462846B0
:1090B0003146FFF76AFB22463B46FFF760FB074657
:1090C0008A464FF0FF3228463146FFF797FD1B4A8C
:1090D00090450ADA3A465346FFF751FB04B00022A6
:1090E000BDE8F04D134BFFF74DBB154A4245A8BFF5
:1090F000A8F500154FF00004B8BF124D22462B46CC
:10910000FFF73DFB0646884622462B4600200949CC
:10911000FFF735FB04460D463A4653463046414676
:10912000FFF72DFB04B022462B46BDE8F04DFFF7BC
:1091300029BB00000000F03F641900003333D33F27
:109140000000E93F0000D23F2DE9F0414F1E00EB47
:10915000C7010446D1E9000115461E4637F0060254
:109160000DD02A463346FFF710FB7F1E04EBC703E2
:10917000D3E90023FFF762FA37F00602F1D1022F9C
:1091800025D0042F13D0062F18BFBDE8F0812A4642
:109190003346FFF7FAFAD4E90A23FFF74FFA2A46D3
:1091A0003346FFF7F2FAD4E90823FFF747FA2A46D5
:1091B0003346FFF7EAFAD4E90623FFF73FFA2A46D7
:1091C0003346FFF7E2FAD4E90423FFF737FA2A46D9
:1091D0003346FFF7DAFAD4E90223FFF72FFA2A46DB
:1091E0003346FFF7D2FAD4E90023BDE8F041FFF798
:1091F00025BA00002DE9FF4D054621F0004084B05E
:109200000C46B0F1795F0BDA2846FFF746FD0428DB
:1092100008BF00F06FF8284608B02146BDE8F08D81
:109220002A460B461046FFF7B0FA06460F462A4676
:109230002346FFF7AAFA804626488A4632463B462E
:1092400005217844FFF780FF83461098029160B3B0
:10925000214A224B40465146FFF797FACDE90001DB
:109260005A4640465146029BFFF78FFA824688468F
:10927000DDE906014FF0FF32FFF7C0FC52464346DE
:10928000FFF77DFA32463B46FFF77FFADDE906231A
:10929000FFF775FADDE90023FFF771FA08B02A46F7
:1092A0002346BDE8F04DFFF76DBA0B465A463046EF
:1092B0003946FFF76AFA084A084BFFF7BFF94246FA
:1092C0005346FFF762FA08B02A462346BDE8F04D40
:1092D000FFF7B4B9A2180000495555555555C5BFFB
:1092E0000122FFF78BBC0022134610461146FFF700
:1092F000BEBA0000024A00201107FFF77FBC000041
:1093000001FDFFFF02E008C8121F08C1002AFAD1C0
:1093100070477047002001E001C1121F002AFBD1F5
:10932000704700000149086070470000BC01002040
:1093300000B5254B21F0004287B09A4203DC0022A1
:10934000134600922BE0214B9A4208D140B94FF0CE
:109350000100FFF7E7FFFFF7C6FF07B000BD03DB23
:10936000FFF7BEFF07B000BD02AAFFF7ABFC10F08D
:1093700003014FF001000DD0012914D002291AD0A9
:109380000DF1080C9CE80F00FFF760FE07B081F0BC
:10939000004100BD0DF1080C00909CE80F00FFF7A4
:1093A00029FF07B000BD0DF1080C9CE80F00FFF786
:1093B0004DFE07B000BD0DF1080C00909CE80F00B9
:1093C000FFF718FFE2E70000FB21E93F0000F07F14
:1093D000000000000000000000000000000000008D
:1093E0003F4000000000000000003000400030005E
:1093F0004000000009000BC03D000BC03D0009000B
:1094000018C024407FE0224031800000180024C0B2
:109410001B000D803240018003801C4027401C80CF
:109420000740004010006000000000000000000045
:109430000000000000001F8020404020000040206D
:1094400020401F8000000000090006001F80060069
:1094500009000000040004003F8004000400000034
:109460000010006000000000000000000400040084
:1094700004000400040000000000004000000000A0
:1094800000000000002001C006003800400000007D
:109490001F802040204020401F800000000010401E
:1094A0003FC000400000000018C02140224024407E
:1094B0001840000010802040244024401B80000001
:1094C00002000D0011003FC0014000003C8024401C
:1094D00024402440238000001F8024402440344046
:1094E000038000003000200027C03800200000006A
:1094F0001B802440244024401B8000001C0022C00C
:10950000224022401F8000000000000008400000B0
:1095100000000000000000000460000000000000E7
:10952000000004000A0011002080404009000900EA
:1095300009000900090000000000404020801100DF
:109540000A00040018002000234024001800000036
:109550001F802040274029401F400000004007C0D6
:1095600039000F0001C0004020403FC0244024408B
:109570001B8000001F8020402040204030800000E1
:1095800020403FC0204020401F80000020403FC0BE
:1095900024402E4030C0000020403FC024402E0018
:1095A000300000000F001080204022403380020075
:1095B00020403FC0040004003FC020402040204025
:1095C0003FC02040204000000060202020203FC0FD
:1095D0002000200020403FC024400B0030C020402D
:1095E00020403FC020400040004000C03FC03C0041
:1095F00003C03C003FC0000020403FC00C4023009F
:109600003FC020001F802040204020401F800000DD
:1096100020403FC024402400180000001F8021404B
:10962000214020E01FA0000020403FC02440260031
:1096300019C0004018C0244024402240318000005E
:10964000300020403FC020403000000020003F801C
:10965000004000403F80200020003E0001C0070085
:1096600038002000380007C03C0007C03800000068
:10967000204039C0060039C020400000200038409A
:1096800007C0384020000000304021C0264038404C
:1096900020C00000000000007FE0402040200000CB
:1096A000000070000C00038000400000000040201B
:1096B00040207FE00000000000002000400020006B
:1096C000000000000010001000100010001000103A
:1096D00000000000400000000000000000000280C8
:1096E0000540054003C0004020003FC00440044046
:1096F0000380000000000380044004400640000096
:1097000000000380044024403FC00040000003806C
:109710000540054003400000000004401FC02440F5
:1097200024402000000002E00550055006500420AF
:1097300020403FC00440040003C00040000004403B
:1097400027C000400000000000100010041027E0B7
:109750000000000020403FC00140070004C004405A
:10976000204020403FC000400040000007C00400EF
:1097700007C0040003C00000044007C00440040008
:1097800003C0004000000380044004400380000048
:10979000041007F004500440038000000000038020
:1097A0000440045007F00010044007C002400400C9
:1097B00004000000000006400540054004C0000011
:1097C000000004001F8004400040000004000780E7
:1097D0000040044007C000400400070004C00180AE
:1097E00006000400060001C0070001C006000000DA
:1097F000044006C0010006C0044000000410071029
:1098000004E00180060004000000044005C006409A
:10981000044000000000000004007BE04020000045
:10982000000000000000FFF00000000000004020E9
:109830007BE00400000000004000800040002000A9
:1098400020004000000000000000000000000000B8
:10985000000000000000000000001FCC000C000011
:109860000000000000000800300060000800300028
:1098700060000000022003FC1E20022003FC1E20CA
:109880000220000000000E1811043FFF10840C7825
:10989000000000000F0010840F3800C00778188403
:1098A0000078000000780F8410C411240E9800E4A2
:1098B000008400080800680070000000000000003C
:1098C0000000000000000000000007E0181820045D
:1098D00040020000000040022004181807E00000C9
:1098E000000000000240024001800FF001800240B1
:1098F000024000000080008000800FF8008000809F
:10990000008000000001000D000E000000000000BB
:1099100000000000000000800080008000800080C7
:10992000008000800000000C000C0000000000001F
:109930000000000000000006001800600180060022
:1099400018002000000007F00808100410040808A0
:1099500007F000000000080408041FFC00040004D5
:109960000000000000000E0C10141024104411849C
:109970000E0C000000000C181004110411041288D1
:109980000C700000000000E00320042408241FFCE9
:109990000024000000001F98108411041104108896
:1099A00010700000000007F00888110411041888E6
:1099B0000070000000001C00100010FC13001C00D0
:1099C0001000000000000E3811441084108411446F
:1099D0000E38000000000700088C1044104408886E
:1099E00007F00000000000000000030C030C000062
:1099F000000000000000000000010106000000005F
:109A0000000000000000008001400220041008084F
:109A10001004000002200220022002200220022066
:109A20000220000000001004080804100220014079
:109A30000080000000000E001200100C106C10805E
:109A40000F00000003E00C1813E4142417C40828C6
:109A500007D000000004003C03C41C40074000E4A1
:109A6000001C000410041FFC1104110411040E88D2
:109A70000070000003E00C1810041004100410081B
:109A80001C10000010041FFC10041004100408082F
:109A900007F0000010041FFC1104110417C4100487
:109AA0000818000010041FFC1104110017C010005A
:109AB0000800000003E00C181004100410441C7887
:109AC0000040000010041FFC1084008000801084FF
:109AD0001FFC10040000100410041FFC10041004EC
:109AE0000000000000030001100110011FFE100023
:109AF0001000000010041FFC110403801464181CE3
:109B00001004000010041FFC1004000400040004F2
:109B1000000C000010041FFC1F0000FC1F001FFCB5
:109B20001004000010041FFC0C04030000E01018D7
:109B30001FFC100007F008081004100410040808A7
:109B400007F0000010041FFC1084108010801080AB
:109B50000F00000007F0081810241024101C080A39
:109B600007F2000010041FFC1104110011C0113095
:109B70000E0C000400000E1C11041084108410440C
:109B80001C3800001800100010041FFC1004100006
:109B90001800000010001FF8100400040004100456
:109BA0001FF8100010001E0011E0001C0070138050
:109BB0001C0010001FC0103C00E01F0000E0103C23
:109BC0001FC000001004180C163401C001C0163468
:109BD000180C100410001C00130400FC13041C00DB
:109BE000100000000804101C1064108413041C04EE
:109BF000101800000000000000007FFE400240023C
:109C000040020000000030000C0003800060001CD7
:109C10000003000000004002400240027FFE0000FE
:109C20000000000000000000200040004000400054
:109C300020000000000100010001000100010001FE
:109C40000001000100004000400020000000000072
:109C50000000000000000098012401440144014478
:109C600000FC000410001FFC0088010401040088AF
:109C7000007000000000007000880104010401046D
:109C80000088000000000070008801040104110831
:109C90001FFC0004000000F8014401440144014499
:109CA00000C800000000010401040FFC11041104AD
:109CB00011001800000000D601290129012901C95D
:109CC0000106000010041FFC0084010001000104D3
:109CD00000FC000400000104190419FC0004000445
:109CE000000000000000000300010101190119FE3D
:109CF0000000000010041FFC0024004001B4010C0F
:109D0000010400000000100410041FFC0004000403
:109D100000000000010401FC0104010001FC010439
:109D2000010000FC010401FC0084010001000104A9
:109D300000FC0004000000F8010401040104010417
:109D400000F80000010101FF008501040104008802
:109D5000007000000000007000880104010401058B
:109D600001FF00010104010401FC00840104010061
:109D700001800000000000CC012401240124012402
:109D80000198000000000100010007F8010401042F
:109D900000000000010001F80004000400040108B4
:109DA00001FC0004010001800170000C0010016042
:109DB0000180010001F0010C003001C00030010CF5
:109DC00001F0010000000104018C00740170018C9D
:109DD00001040000010101810171000E0018016001
:109DE0000180010000000184010C01340144018460
:109DF000010C0000000000000000000001003EFC1B
:109E0000400240020000000000000000FFFF0000D0
:109E1000000000000000400240023EFC0100000083
:109E20000000000000006000800080004000400052
:109E30002000200054105560FD005560551005901D
:109E400055505510FD3057405430000020401080D0
:109E500002002A80CA904A904FF05A806A800FC050
:109E6000020000003FC0248024802480FFE0249072
:109E7000249024903F900010007000000200020027
:109E80004200421042104FF05200620042000200B5
:109E90000200000048804B007FF08A0009004880E3
:109EA00024800080FFF0010001000000110011106B
:109EB000FFF012002410271024A0FC4024A027103B
:109EC00020100000000000000000108009000600C3
:109ED00006000900108000000000000000000030B3
:109EE0000000000000000000000000000000000072
:109EF0000000000000000030000000F00000000042
:109F00000000000000000000000000000000003021
:109F1000000000F0000003F000000000000000005E
:109F20000000000000000030000000F0000003F01E
:109F300000000FF0000000000000000000000030F2
:109F4000000000F0000003F000000FF000003FF000
:109F50000000000000000000000000000000000001
:109F60000000000000000000000000007FE0000092
:109F700000000000000000000000000000000000E1
:109F8000000000007FE07FE0000000000000000013
:109F90000000000000000000000000007FE07FE003
:109FA0007FE0000000000000000000000000000052
:109FB000000000007FE07FE07FE07FE00000000025
:109FC0000000000000000000000000007FE07FE0D3
:109FD0007FE07FE07FE00000000000000000000064
:109FE000000000007FE07FE07FE07FE07FE07FE037
:109FF0000000000000000000000000007FE07FE0A3
:10A000007FE07FE07FE07FE07FE000000000000075
:10A01000000000007FE07FE07FE07FE07FE07FE006
:10A020007FE07FE000000000000000007FE07FE0B4
:10A030007FE07FE07FE07FE07FE07FE07FE0000087
:10A04000000000007FE07FE07FE07FE07FE07FE0D6
:10A050007FE07FE07FE07FE0000000007FE07FE0C6
:10A060007FE07FE07FE07FE07FE07FE07FE07FE0F8
:10A070007FE000007FE07FE07FE07FE07FE07FE047
:10A080007FE07FE07FE07FE07FE07FE00000000096
:10A090004C002A0009E02820282009E02A004C0072
:10A0A0000000000000004020264015800DE0162032
:10A0B00016200DE0158026404020000040004000A2
:10A0C00040004000400040007E00098014402220F3
:10A0D00000F000001110FFF01200000032102510F7
:10A0E000A91061F029102510321000000800880026
:10A0F0004FE000400A10F31082A08240F2A00B1043
:10A10000081000000810E810ABF0AA10EA10BE70AA
:10A11000EA10AA10ABF0E810081000003410242058
:10A1200025C02420A41067F024902490249024902B
:10A130003410000041F041005D0055705550D5507D
:10A14000555055705D00411041F00000110016009F
:10A15000FFF0120040505F50F56055C0F5605F5051
:10A160004050000010101210121013E012201220A4
:10A170001020FF0010C09020507000000000000070
:10A180000CC00CC000000000000000000000000037
:10A19000000000001110FFF012000810FFE008009E
:10A1A0000FE02090FF1020903FB0000040004000E2
:10A1B00040004000400040007E0009801440222002
:10A1C00000F0000011001600FFF0120040505F5038
:10A1D000F56055C0F5605F5040500000101012103F
:10A1E000121013E0122012201020FF0010C0902047
:10A1F00050700000000000000CC00CC00000000007
:10A2000000000000000000000000000004104420D6
:10A210004440448047007C0047E044104410441010
:10A2200004700000021012100A2042202240038015
:10A23000FE00028002400220021000001100160001
:10A24000FFF0120040505F50F56055C0F5605F5060
:10A250004050000010101210121013E012201220B3
:10A260001020FF0010C0902050700000000000007F
:10A270000CC00CC000000000000000000000000046
:10A280000000000008000800FFE01040109040208F
:10A2900040C07F00401040107FE00000110011100E
:10A2A000FFF0120010902FA0C8C05F8068C00FA000
:10A2B0000090000011001600FFF0141002207FC073
:10A2C000400040007FE000100070000002101210FB
:10A2D0000A20422022400380FE0002800240022029
:10A2E00002100000000000000CC00CC000000000C4
:10A2F0000000000000000000000000000400080052
:10A300003FF0C400240027403D40E5202560259013
:10A310000400000000907F604000576055105750C7
:10A3200040B0F9104630D94043B000000480E4F05A
:10A33000A550A550E6701C00E670A550B550ECF095
:10A340000480000020801100FFF000000810086069
:10A350000B80FC000B80486028100000222022C0E7
:10A36000240028E03010E51032D02810243022805C
:10A37000226000003FC03C0003C03C003FC02040C2
:10A3800020403FC0244024001800000020003F80EF
:10A39000004000403F8020000F80124024402440B5
:10A3A000138000001F802040204020401F800000BC
:10A3B0003E80244024402440238000001F80204011
:10A3C000204020401F800000000000000CC00CC096
:10A3D000000000000000000000000000000000007D
:10A3E00010002400D40054005400540054005400C1
:10A3F00057C050204070000000107FE04010421015
:10A40000421042105FF04210429042504010000053
:10A41000080088004FE00040048004000400FFF0C2
:10A420000400040004000000000000000CC00CC088
:10A43000000000000000000000000000000000001C
:10A44000041044204440448047007C0047E044100E
:10A45000441044100470000019202B20CD401140FE
:10A46000001012101220FFC024A0A510647000007C
:10A4700011001600FFF0120040505F50F56055C00B
:10A48000F5605F50405000001040FFC01080021087
:10A49000222022C0FF0022C022203E100210000015
:10A4A000000000000CC00CC0000000000000000014
:10A4B0000000000000000000041025E02420FFF050
:10A4C000249004904BD0725042504A507BD00000F0
:10A4D000401057E0548054805480F780548054805A
:10A4E000548057C0400000004420224000103FE04C
:10A4F0002410271024A0FC4024A0271030100000B6
:10A5000011001600FFF0120040505F50F56055C07A
:10A51000F5605F50405000001040FFC010800210F6
:10A52000222022C0FF0022C022203E100210000084
:10A53000000000000CC00CC0000000000000000083
:10A5400000000000000000000010401047F0401024
:10A5500040107FF0421042104210421000100000E4
:10A56000300020E0AE806A802A80EBF02A806A808A
:10A57000AEA020E0300000001900EFF029202140BB
:10A5800008002BF0FAA02AA02AA0FAA02BF00000C5
:10A5900088004FE001400510F520954097809540D8
:10A5A000F520051001100000000000000000000070
:10A5B000000000000000000000000000000000009B
:10A5C00002100220FAC0AA20AA10ABF0AA90AA900A
:10A5D000FA9002900210000000000000000000004D
:10A5E000000000000000000000000000000000006B
:10A5F000000000000000000000000000000000005B
:10A600000000000000000000880089F091209120E7
:10A61000A120FD208120A120A12091F08800000030
:10A62000000000000000000000000000000000002A
:10A6300000000000000000002100A2006FF03400C4
:10A6400002107F2040C05F0040E07F10003000001B
:10A650003810A0106FA02820A8406B802860281018
:10A660006F90A010383000003410242025C0242022
:10A67000A41067F0249024902490249034100000BB
:10A6800008003FF0C0001010161011D0901050308C
:10A6900010D0171010100000000000000CC00CC0FB
:10A6A00000000000000000000000000000000000AA
:10A6B0002100A2006FF0340002107F2040C05F0034
:10A6C00040E07F10003000003810A0106FA028205C
:10A6D000A8406B80286028106F90A01038300000D0
:10A6E0003410242025C02420A41067F02490249046
:10A6F000249024903410000008003FF0C000101097
:10A70000161011D09010503010D0171010100000FB
:10A7100011001600FFF0120040505F50F56055C068
:10A72000F5605F50405000001040FFC010800210E4
:10A73000222022C0FF0022C022203E100210000072
:10A74000000000000CC00CC0000000000000000071
:10A7500000000000000000000000000000000000F9
:10A760000000000088104FE00010421066D05A50E0
:10A770006A505FD08A509A50A2D000001110FFF0AA
:10A780001200000032102510A91061F029102510C8
:10A79000321000003FC0248024802480FFE02490F9
:10A7A000249024903F9000100070000000107FE083
:10A7B00040104210421042105FF04210429042504E
:10A7C00040100000040008003FF0C0007FE044405B
:10A7D00044A07F1084C0842004F00000000000002A
:10A7E0000000000000000000000000000000000069
:10A7F00000000000400040004000400040004000D9
:10A800007E0009801440222000F000001100160094
:10A81000FFF0141002207FC0400040007FE00010D5
:10A82000007000003FC0248024802480FFE024903A
:10A83000249024903F9000100070000000107FE0F2
:10A8400040104210421042105FF0421042904250BD
:10A8500040100000040008003FF0C0007FE04440CA
:10A8600044A07F1084C0842004F000000000000099
:10A870000000000000000000041044202440178065
:10A880000400FC00040017E02410441004700000D1
:10A8900044202240001024202DC03400A5F0640084
:10A8A00025E02C10267000003410242025C0242020
:10A8B000A41067F024902490249024903410000079
:10A8C00000100FA0088008A00890F88048A04890C9
:10A8D00048804FA040100000000000000CC00CC0D9
:10A8E0000000000000000000000000000000000068
:10A8F00004104420244017800400FC00040017E0EA
:10A900002410441004700000442022400010242031
:10A910002DC03400A5F0640025E02C102670000046
:10A9200011001600FFF0120040505F50F56055C056
:10A93000F5605F50405000001040FFC010800210D2
:10A94000222022C0FF0022C022203E100210000060
:10A95000000000000CC00CC000000000000000005F
:10A960000000000000000000120100020000004092
:10A97000830411A00003010203010902290001015F
:10A9800000C0320904000002030000000921100188
:10A990000001222100070582034000010705010391
:10A9A000400001058C0901A101090315002600FFE3
:10A9B000750895408102090415002600FF75089569
:10A9C000409102C004030904140341004E004F00EB
:10A9D000540043005F004800490044001203540043
:10A9E0006F006E006700580069006E0031000000C3
:10A9F0004C5555555555A53F7751C1166CC156BF9D
:10AA00009015CB19A001FA3EAD529C804F7E92BEAC
:10AA1000C4B1B4BD9EEE213ED43888BEE9FAA8BDCB
:10AA200000004054FB21F93F3163621A61B4D03D0C
:10AA30000000601A61B4D03D7370032E8A19A33BE5
:10AA40000000002E8A19A33BC14920259A837B3937
:10AA500000000000000000006E83F9A22915444E9A
:10AA6000D15727FCC0DD34F5999562DB4190433C1A
:10AA7000AB6351FE61C5BBDE3A6E24B7E0D24D42F6
:10AA8000EA2E49061C92D1091CEB1DFE3EA729B1F6
:10AA9000F53582E88444BB2E26709CE9417E5FB484
:10AAA00039D69139F43953838B5F849C3B28F9BDA7
:10AAB000FF97F81F0F9805DE8B112FEF1F6D0A5AB5
:10AAC000CF7E366DB709CB27663F464F2DEA5F9E96
:10AAD000C7BA27757BF1E5EBF739073DEA92528A51
:10AAE000B15FFB6B085D8D1FA6F810111111813F3E
:10AAF000D561C119A0012ABF7DFEB157E31DC73E34
:10AB0000EB9C2B8AE6E55ABE7CD5CF5A3AD9E53D77
:10AB100030AB000800000020C0010000448C000899
:10AB2000D8AB0008C0010020380D000014930008C5
:10AB3000012E9A050621F2011008E4CB9640AABB2B
:10AB4000CC3A0105091038E9301184A24A04680999
:10AB500001020304060708090C6910051C0204061B
:10AB600008141A0378A90201101379721408FD7FE2
:10AB70002A0808E9040A15E1182904411A03B11347
:10AB800015811B084704130F821B0811041A430484
:10AB90001AC304131F831B08E3081AF1041AFF04E5
:10ABA000415A40701AF7300916581A072C1368A931
:10ABB0003308121A7A0832291AA30832211A8C088B
:10ABC00032091AC40832041AC80832145ADC302276
:08ABD000C073201A199B51000B
:04000005080000ED02
:00000001FF
